id,campaign_id,asset_id,override_title,override_content,sort_order,added_at
bce3982d-5fd3-47ca-a68e-b2947106b914,dfa7edd7-50f4-4385-bb2f-1422e89d54bc,25549766-48a6-4abf-a7ee-d0ca5935d85f,,,0,2026-03-23 14:42:42.418968
c9fb9d91-2884-4568-9d34-5cddd1eea3ad,fa86e133-a492-424c-9403-64411b874768,25549766-48a6-4abf-a7ee-d0ca5935d85f,,,0,2026-03-23 18:44:16.581196
d8d141f8-99f8-4373-8168-2e95b91b2465,a438b658-82e5-48db-b28a-b4f81aeaf6ac,9d725783-74d6-4eb0-873a-eb5b7e0a66e1,,,0,2026-03-24 11:42:35.206789
0e9166f1-de0c-4b35-9478-87742c08f723,d7452c55-bc1e-4c27-a68e-a9a5124cdcd1,27c09f6b-ab1e-4f2f-8d16-07b415cdb92d,,,0,2026-03-24 12:00:14.052607
00d6f3a0-7ff5-4162-9cb6-85fa9cdbe8b2,2fd61b3e-6010-44b2-9645-56f093ec124d,358f3f84-0988-457f-ae4e-cb9899ceb5fb,,,0,2026-03-24 15:53:32.193993
457a4ee0-855e-4147-bb59-b60f20035715,a6c16c30-166d-4383-821a-c40eab5978e4,fb4a9f43-8a20-4b34-a623-81a2b9c3e02b,,,0,2026-03-25 00:52:19.699822
bd8a9c68-72e1-4a7d-bf19-bf69ad14b810,a6c16c30-166d-4383-821a-c40eab5978e4,0a1d1f26-4f04-4542-9de2-ef6e62c39029,,,1,2026-03-25 00:52:19.699822
049f4d68-b4bd-4844-91ac-2fc4a8009065,a6c16c30-166d-4383-821a-c40eab5978e4,2302634f-e347-45fd-b098-ad6c80a5121e,,,2,2026-03-25 00:52:19.699822
87a6e9c4-d29d-4c78-a59c-e54a0755df65,a6c16c30-166d-4383-821a-c40eab5978e4,3c229f4e-24bc-4845-8093-5cc35ec85ac1,,,3,2026-03-25 00:52:19.699822
18a70dc1-56d2-4c71-98de-1f4306a8724f,a6c16c30-166d-4383-821a-c40eab5978e4,191d2860-590b-403f-b002-f802b04dbe0e,,,4,2026-03-25 00:52:19.699822
9e66d0f7-531c-4f7e-8986-086826ba85f6,a6c16c30-166d-4383-821a-c40eab5978e4,23c355f8-d0be-48a4-a934-6e35cb19961a,,,5,2026-03-25 00:52:19.699822
3f97ce4c-f0fb-4c71-b8a3-32a718516f91,a6c16c30-166d-4383-821a-c40eab5978e4,1e1b9ee1-bd84-4743-94f7-70090bcf4a50,,,6,2026-03-25 00:52:19.699822
277f11b6-7c88-488f-8070-eb5af492da0b,a6c16c30-166d-4383-821a-c40eab5978e4,244b661f-3410-4a3f-93d6-4cf1cf0354fd,,,7,2026-03-25 00:52:19.699822
030649e3-202a-40e9-a7a0-433ba40b4bf7,a6c16c30-166d-4383-821a-c40eab5978e4,2f348856-e9b7-4b85-8962-06efb5f5ee4b,,,8,2026-03-25 00:52:19.699822
7930a65c-6b42-4b33-bf98-afaa99fdf3e8,a6c16c30-166d-4383-821a-c40eab5978e4,3b79716e-f7de-4100-9eb1-d3c905d61804,,,9,2026-03-25 00:52:19.699822
bc83cb4b-8598-4a24-b5c1-717f92110d26,9ad7d9ed-ef41-414d-95f6-f7b4fa5b8861,2f890b3f-dbc1-427d-8c64-a232d2c4943e,,,0,2026-03-25 03:41:50.038546
88b80cf6-f502-400a-83b9-2210c3e707c3,9ad7d9ed-ef41-414d-95f6-f7b4fa5b8861,bc5789f8-503c-4d95-a2ed-6d419ec47f2f,,,0,2026-03-25 03:43:12.238699
1ee231b6-6c82-4465-818d-0d0645bc3965,4286a2db-10f8-42d5-84a6-6029887121d1,33e15520-b296-43d6-a397-418b94ed7b35,,,0,2026-03-25 13:15:35.014241
c8a9413c-faa4-4041-9ded-67b70158857b,2cdafb53-0d4c-4588-aaec-4b93a37db784,0e1d03ca-b5ef-449a-92c9-ad8b2f1474e2,,,0,2026-03-25 15:56:27.790944
1d794654-c44a-4d74-ba96-68bb2c793d2e,b2289b9c-7f8a-410d-aef4-9aecbb185ae0,655c8c41-c338-4c91-a163-0beab7d88972,,,0,2026-03-25 22:11:42.71181
b19c3ac5-f7eb-48ed-b5fd-1075cca4211a,09d553f7-e831-4b8b-8d29-d59b8ceea698,f0f4f74a-de56-45a7-8774-b24952382bfc,,,0,2026-03-26 13:44:27.770242
1ef95ffa-e3a9-4d74-acc8-080b3b51afdd,60314299-d604-4b8a-a5ee-1cfb94d36212,bc6c1ebc-426f-4573-88e2-ee119db9dcb4,,,0,2026-03-26 23:24:53.061917
9d6091bb-be56-458d-8bfe-ce121c7e9686,fc2cdc7d-16ff-409b-88f4-7193bf36dd68,33f472fd-5218-43fd-b48c-36e1d3694bc7,,,0,2026-03-29 23:11:32.397655
c5472b21-493f-41a9-b20c-8d9f1d37d790,be9dd7bf-f3cc-4b45-b33c-3a9dde2fca20,27c09f6b-ab1e-4f2f-8d16-07b415cdb92d,,,0,2026-03-30 20:14:07.634665
500b6ab8-4782-41ea-a905-ec330a1015f3,526c3fe6-f60b-429a-8ccb-b6d2cac5d2e0,27c09f6b-ab1e-4f2f-8d16-07b415cdb92d,,,0,2026-03-30 21:48:33.03889
dab76397-ca8c-4199-bdaa-8c5050ddbb0d,0981dbfd-a881-4c4c-820d-993680ce6b56,3b5b7645-4e12-4092-913b-230dd3fe871c,,,0,2026-04-03 16:18:13.613357
cc225553-d63f-4538-83e4-e6a908b6fe65,0981dbfd-a881-4c4c-820d-993680ce6b56,191e5976-645e-4dcf-b4ce-ffd1e06ba0f5,,,0,2026-04-03 16:18:35.464496
8d801711-670d-49ef-a07c-6a8ae8e7aaf3,7da98b3c-256e-4ca2-a952-8c37e1d69829,1c9c4bed-bb6e-4d7e-92dc-be36c42b9032,,,0,2026-04-03 18:55:58.023351
7d7e3390-97f7-4014-a0d5-079b8943ab2a,e4b33a78-3c0a-4ea9-95ad-f9ecef3d5842,a3975063-7520-4449-aaf5-279e72159e0a,,,0,2026-04-05 20:04:35.649397
9b5fa482-d09d-4c06-84ea-05de455ad44a,8dc0e13f-c91d-4cc4-abee-7b476b91598d,164acb5a-5955-4380-8dda-47af69ff5de7,,,0,2026-04-06 18:05:42.413232
f1b032ec-28a1-4eeb-a310-db854b2b4cb2,7b02fe4c-5950-408e-9275-9696affa74bc,164acb5a-5955-4380-8dda-47af69ff5de7,,,0,2026-04-06 19:18:39.154499
965546ad-dd48-48d1-883f-4e88985c0bc1,074c2655-ec3c-4264-ba92-352563b13a8e,164acb5a-5955-4380-8dda-47af69ff5de7,,,0,2026-04-06 20:16:05.915023
c91d99e2-b2e5-429b-9e3c-49248ff5a67b,900d7724-fe34-4a8e-9eb0-d2ff202837e0,a5910b2a-e87e-4898-9710-d03de78ab9b1,,,0,2026-04-10 06:30:18.092669
e6190d54-6398-47e1-a132-5044c2715c38,ecacc41f-7392-44ce-a3c7-59be6c87d623,d862ed89-e71f-4f1b-88b7-cd858e284302,,,0,2026-04-10 18:04:17.006878
d8b25d8d-6a69-450a-98db-848994588e14,ecacc41f-7392-44ce-a3c7-59be6c87d623,a5910b2a-e87e-4898-9710-d03de78ab9b1,,,1,2026-04-10 18:04:17.006878
a90bbfb3-05c6-4b92-aa3e-320b1277cfd1,ecacc41f-7392-44ce-a3c7-59be6c87d623,81271a3d-21d7-47a3-875f-41f16086c37c,,,2,2026-04-10 18:04:17.006878
aba02ae9-054d-4131-a2a1-e594539e4fa2,ecacc41f-7392-44ce-a3c7-59be6c87d623,a76688b3-3d77-478c-bf2f-45cb546d19ae,,,3,2026-04-10 18:04:17.006878
f74749eb-7c7d-4f8e-b572-f9fcc1a99892,ecacc41f-7392-44ce-a3c7-59be6c87d623,8bbb14a4-0bfd-4928-8706-ea1379e6455f,,,4,2026-04-10 18:04:17.006878
f29eddcc-a664-40c0-8c2f-83b8e7c3fc64,ecacc41f-7392-44ce-a3c7-59be6c87d623,216effa4-a29b-4385-8db4-1fb4f5f1fe05,,,5,2026-04-10 18:04:17.006878
e02b1a2c-ea05-467d-8a8b-3fdc2870acff,ecacc41f-7392-44ce-a3c7-59be6c87d623,29c360fc-8ce9-4862-81da-5796f85f985e,,,6,2026-04-10 18:04:17.006878
bc178b3f-e318-4761-a014-a791327dd1ac,ecacc41f-7392-44ce-a3c7-59be6c87d623,d10bbe96-a7a9-472b-8630-32b25ec714f3,,,7,2026-04-10 18:04:17.006878
1602db37-3987-49f6-86a8-85cbfb8ececf,ecacc41f-7392-44ce-a3c7-59be6c87d623,c48ca2d3-a5ec-4b54-943e-af30f4bac560,,,8,2026-04-10 18:04:17.006878
5f465394-ad4f-4e1a-8ffb-31d13b731633,ecacc41f-7392-44ce-a3c7-59be6c87d623,b16ba412-c287-4c52-820f-2e4ea6de3c28,,,9,2026-04-10 18:04:17.006878
398a1219-2859-4b5f-a501-19e0220a140c,ecacc41f-7392-44ce-a3c7-59be6c87d623,225b8ddf-47dc-401c-a3ff-5dfe1f185952,,,10,2026-04-10 18:04:17.006878
e19c3113-482a-45ae-ab63-3586f52900eb,ecacc41f-7392-44ce-a3c7-59be6c87d623,b4159923-dceb-48bd-a474-809c39df0f39,,,11,2026-04-10 18:04:17.006878
f754dcd7-a3b0-44dc-92f7-34151b1a888e,7ea9771c-f3c3-4072-8b9d-bf0bd02c988c,61296602-ed08-478e-8b5a-316b46c45b77,,,0,2026-04-10 20:43:27.713927
ab56a95d-17c5-4362-a909-011a410109b3,ef6e3cca-b51a-4d8c-9c31-a7503c2c1f2a,d862ed89-e71f-4f1b-88b7-cd858e284302,,,0,2026-04-14 03:15:44.531692
d635e4a4-e8f0-404d-b6b8-e98b1fafb177,ef6e3cca-b51a-4d8c-9c31-a7503c2c1f2a,81271a3d-21d7-47a3-875f-41f16086c37c,,,1,2026-04-14 03:15:44.531692
1308f2b3-ff6b-4c34-a32e-f6a30750dce1,ef6e3cca-b51a-4d8c-9c31-a7503c2c1f2a,a5910b2a-e87e-4898-9710-d03de78ab9b1,,,2,2026-04-14 03:15:44.531692
2bc72f72-15d9-4fc7-8874-fa52196cc5ba,ef6e3cca-b51a-4d8c-9c31-a7503c2c1f2a,216effa4-a29b-4385-8db4-1fb4f5f1fe05,,,3,2026-04-14 03:15:44.531692
d8cf02a0-ab34-42c1-8573-5224d835cf2d,ef6e3cca-b51a-4d8c-9c31-a7503c2c1f2a,29c360fc-8ce9-4862-81da-5796f85f985e,,,4,2026-04-14 03:15:44.531692
bd5471eb-0f94-4929-844c-bc7158428497,ef6e3cca-b51a-4d8c-9c31-a7503c2c1f2a,d10bbe96-a7a9-472b-8630-32b25ec714f3,,,5,2026-04-14 03:15:44.531692
1c43d369-1c0c-4112-a578-e3bce4da79f4,ef6e3cca-b51a-4d8c-9c31-a7503c2c1f2a,c48ca2d3-a5ec-4b54-943e-af30f4bac560,,,6,2026-04-14 03:15:44.531692
9c4bcdd0-e2b0-44da-a918-0db9c4f62c17,ef6e3cca-b51a-4d8c-9c31-a7503c2c1f2a,b16ba412-c287-4c52-820f-2e4ea6de3c28,,,7,2026-04-14 03:15:44.531692
989e2ff7-af45-4002-8ded-a13cd7f6b92e,ef6e3cca-b51a-4d8c-9c31-a7503c2c1f2a,225b8ddf-47dc-401c-a3ff-5dfe1f185952,,,8,2026-04-14 03:15:44.531692
bd752263-105d-428b-9f08-114827757035,ef6e3cca-b51a-4d8c-9c31-a7503c2c1f2a,b4159923-dceb-48bd-a474-809c39df0f39,,,9,2026-04-14 03:15:44.531692
0f0a7c25-33ca-4809-9580-badea3c83969,ef6e3cca-b51a-4d8c-9c31-a7503c2c1f2a,8bbb14a4-0bfd-4928-8706-ea1379e6455f,,,10,2026-04-14 03:15:44.531692
f464dcb6-f3af-464d-834d-fc104cd684fe,ef6e3cca-b51a-4d8c-9c31-a7503c2c1f2a,fa363e9c-e259-4e2c-ac3e-4ed6ce7b5c98,,,11,2026-04-14 03:15:44.531692
69da6320-a423-4609-ba8e-da64619c9c2c,ef6e3cca-b51a-4d8c-9c31-a7503c2c1f2a,a76688b3-3d77-478c-bf2f-45cb546d19ae,,,12,2026-04-14 03:15:44.531692
d40ae0e0-a6e6-49d3-a491-16a4484f7fb8,ef6e3cca-b51a-4d8c-9c31-a7503c2c1f2a,61296602-ed08-478e-8b5a-316b46c45b77,,,13,2026-04-14 03:15:44.531692
e925d829-a852-4f37-8b9e-26c0b5e53201,ef6e3cca-b51a-4d8c-9c31-a7503c2c1f2a,638eb68f-55a4-41b3-9a0c-2f7204975dbc,,,14,2026-04-14 03:15:44.531692
f383fbec-93f3-48b3-b86c-933ad1673c3c,ef6e3cca-b51a-4d8c-9c31-a7503c2c1f2a,364dccca-b4a8-4727-ab80-1e90852b4c47,,,15,2026-04-14 03:15:44.531692
9ebd1426-ff41-457e-abe6-c4c74ff18e10,b4bbc82f-3ce7-486b-851e-37b934320b1a,61296602-ed08-478e-8b5a-316b46c45b77,,,0,2026-04-14 03:17:00.186637
72a7ea61-d4c7-41ce-8588-ccd587ef9ec2,663e7d43-1f42-4043-894e-519eed597ab2,253f94fb-45c4-4392-ad84-3bef5afc3b36,,,0,2026-04-18 22:56:15.218087
31f75d46-296b-4297-a619-449158291881,663e7d43-1f42-4043-894e-519eed597ab2,65964ef9-a122-4b22-9da7-c01f1c39392b,,,1,2026-04-18 22:56:15.218087
d508616c-3d61-4538-a5fe-8d1ac134d79f,3ca8b46e-a5d8-4b69-bd50-7fd0c488fb97,8869cd56-aa0e-4611-b920-5d64a7f948c0,,,0,2026-04-21 01:07:08.74385
b069e9a1-6f9e-49b6-a777-c27288363e8f,5cdf037e-4e37-4079-8bee-346c1602785c,ce50f016-53f4-42d0-943d-edfa44ae3b79,,,0,2026-04-21 03:23:29.647179
c587975c-3b4c-4662-9764-0ba1b72362b4,f9e703f2-d2ea-4922-ad0d-e7a4484724b3,164acb5a-5955-4380-8dda-47af69ff5de7,,,0,2026-05-06 00:27:54.978761
45afc4ec-54e6-44bd-8e9d-6e261f6ee27b,1bd11e40-937c-4dab-87d7-215704217136,dec5f4d3-2a7e-4e8c-83f2-12182fefa66c,,,0,2026-05-09 00:01:39.037049
856b7e97-afae-4d7a-9275-d2d1148b8180,dd02e37e-4ae4-4fec-bc81-2f40b314e547,a7e86451-cde2-49d8-91ba-1397c9584d6c,,,0,2026-05-21 13:41:25.6161
b7447817-be70-49f1-a14d-7d7dffb26f69,dd02e37e-4ae4-4fec-bc81-2f40b314e547,3e489162-817b-4401-a12b-06f58a3ca401,,,1,2026-05-21 13:41:25.6161
5ece4d22-20db-48cd-bb18-3d78d5a3e2d3,dd02e37e-4ae4-4fec-bc81-2f40b314e547,47fa8019-bc06-4b91-a56d-28c9cadbcfb4,,,2,2026-05-21 13:41:25.6161
7d8a0e7c-6a9b-422b-98a8-957fdb93a8d1,dd02e37e-4ae4-4fec-bc81-2f40b314e547,0a1d1f26-4f04-4542-9de2-ef6e62c39029,,,3,2026-05-21 13:41:25.6161
b13b1399-7286-48e1-8df8-320847afda52,dd02e37e-4ae4-4fec-bc81-2f40b314e547,2302634f-e347-45fd-b098-ad6c80a5121e,,,4,2026-05-21 13:41:25.6161
33ef6860-9692-4acb-bb73-7d96e407100d,dd02e37e-4ae4-4fec-bc81-2f40b314e547,c6e622f0-8f87-416c-a940-11c2e2361bd8,,,5,2026-05-21 13:41:25.6161
57c7c01c-e7ed-4188-910f-d6a6bc23cbcc,dd02e37e-4ae4-4fec-bc81-2f40b314e547,69a515ff-4ce7-4a57-8780-e3754c831037,,,6,2026-05-21 13:41:25.6161
c366b20e-382d-44c0-94cb-47b743d95246,dd02e37e-4ae4-4fec-bc81-2f40b314e547,40904388-c5fb-4d00-8294-260e4c5f5738,,,7,2026-05-21 13:41:25.6161
835780b3-d4cb-41c2-9032-39ff20e27764,dd02e37e-4ae4-4fec-bc81-2f40b314e547,2f348856-e9b7-4b85-8962-06efb5f5ee4b,,,8,2026-05-21 13:41:25.6161
16bc7554-7c20-4400-af66-9bd278bfb9ad,dd02e37e-4ae4-4fec-bc81-2f40b314e547,fe440867-d8bc-4a29-aa35-adfaac7860ff,,,9,2026-05-21 13:41:25.6161
ca5cbb27-7ceb-4419-bd53-36c1efcee6fb,dd02e37e-4ae4-4fec-bc81-2f40b314e547,33f472fd-5218-43fd-b48c-36e1d3694bc7,,,10,2026-05-21 13:41:25.6161
48376dc4-0748-41ff-9928-1e9c10dd3047,dd02e37e-4ae4-4fec-bc81-2f40b314e547,3b79716e-f7de-4100-9eb1-d3c905d61804,,,11,2026-05-21 13:41:25.6161
3759714d-2b0b-4dc4-a183-69d32ff6d8a8,dd02e37e-4ae4-4fec-bc81-2f40b314e547,33e15520-b296-43d6-a397-418b94ed7b35,,,12,2026-05-21 13:41:25.6161
52f98f66-3d3d-4a28-9492-2bc20ba01b01,dd02e37e-4ae4-4fec-bc81-2f40b314e547,9d725783-74d6-4eb0-873a-eb5b7e0a66e1,,,13,2026-05-21 13:41:25.6161
d6113360-6c0b-4803-8129-8b64e17ff84c,dd02e37e-4ae4-4fec-bc81-2f40b314e547,655c8c41-c338-4c91-a163-0beab7d88972,,,14,2026-05-21 13:41:25.6161
e014f84a-0471-40bd-8200-fb9376af8524,dd02e37e-4ae4-4fec-bc81-2f40b314e547,ce50f016-53f4-42d0-943d-edfa44ae3b79,,,15,2026-05-21 13:41:25.6161
3a27167c-cd98-4969-8baa-5aa1bb247201,925804eb-121b-430f-8fbe-86e33be89785,3e489162-817b-4401-a12b-06f58a3ca401,,,0,2026-05-21 14:14:24.457804
0a83f785-82a1-449b-ba3e-955422fe2f08,925804eb-121b-430f-8fbe-86e33be89785,0a1d1f26-4f04-4542-9de2-ef6e62c39029,,,1,2026-05-21 14:14:24.457804
cf538ac5-bb1c-4b61-b61b-49c21e6ae41a,925804eb-121b-430f-8fbe-86e33be89785,2302634f-e347-45fd-b098-ad6c80a5121e,,,2,2026-05-21 14:14:24.457804
f7153051-a685-4eaf-a483-1ebf3d6476dd,925804eb-121b-430f-8fbe-86e33be89785,d4f77ee2-db3f-476a-a4ba-32ded03e28e9,,,3,2026-05-21 14:14:24.457804
ad78bae7-2d4e-492b-82cd-99c6343aaf8d,925804eb-121b-430f-8fbe-86e33be89785,d9095a0b-65a9-4958-823f-036a7e2ad85b,,,4,2026-05-21 14:14:24.457804
0769014b-7f81-482a-9321-62d69ad4a247,925804eb-121b-430f-8fbe-86e33be89785,40904388-c5fb-4d00-8294-260e4c5f5738,,,5,2026-05-21 14:14:24.457804
671257ac-5794-4304-894b-f2a8487ddec5,925804eb-121b-430f-8fbe-86e33be89785,fe440867-d8bc-4a29-aa35-adfaac7860ff,,,6,2026-05-21 14:14:24.457804
15e23e23-2424-484d-ab6c-108a11813dca,925804eb-121b-430f-8fbe-86e33be89785,3b79716e-f7de-4100-9eb1-d3c905d61804,,,7,2026-05-21 14:14:24.457804
044e6e39-147a-4d1c-8dbf-b6126c5bd3b0,925804eb-121b-430f-8fbe-86e33be89785,33e15520-b296-43d6-a397-418b94ed7b35,,,8,2026-05-21 14:14:24.457804
dee85ee8-8dc2-417a-85e7-6229088c4afb,925804eb-121b-430f-8fbe-86e33be89785,9d725783-74d6-4eb0-873a-eb5b7e0a66e1,,,9,2026-05-21 14:14:24.457804
c588b54a-bc92-459a-8562-607ae7b59425,a5e07503-68d3-4299-a7e8-4728521ba107,47fa8019-bc06-4b91-a56d-28c9cadbcfb4,,,0,2026-05-24 16:31:52.104177
7fd4690e-c36f-46ff-a434-8c9b3895d7c4,a5e07503-68d3-4299-a7e8-4728521ba107,0a1d1f26-4f04-4542-9de2-ef6e62c39029,,,1,2026-05-24 16:31:52.104177
2ae6a3ac-cd0a-4fa0-91a7-9345821165f8,a5e07503-68d3-4299-a7e8-4728521ba107,2302634f-e347-45fd-b098-ad6c80a5121e,,,2,2026-05-24 16:31:52.104177
0bb7e4d7-d7f8-4d0e-9114-2aee675b1492,a5e07503-68d3-4299-a7e8-4728521ba107,c6e622f0-8f87-416c-a940-11c2e2361bd8,,,3,2026-05-24 16:31:52.104177
e633a0a8-454c-4434-96e8-a0faeb20e9f7,a5e07503-68d3-4299-a7e8-4728521ba107,40904388-c5fb-4d00-8294-260e4c5f5738,,,4,2026-05-24 16:31:52.104177
e5f95b35-6b4e-4b5f-a916-b8efed056b92,a5e07503-68d3-4299-a7e8-4728521ba107,2f348856-e9b7-4b85-8962-06efb5f5ee4b,,,5,2026-05-24 16:31:52.104177
67efbe7f-721a-4897-b7ab-d74111fb5940,a5e07503-68d3-4299-a7e8-4728521ba107,fe440867-d8bc-4a29-aa35-adfaac7860ff,,,6,2026-05-24 16:31:52.104177
26e48f54-f033-4aed-b830-f5999ed921fc,a5e07503-68d3-4299-a7e8-4728521ba107,33e15520-b296-43d6-a397-418b94ed7b35,,,7,2026-05-24 16:31:52.104177
86ee9c23-353c-487d-b88d-c87fcd5aafe8,a5e07503-68d3-4299-a7e8-4728521ba107,9d725783-74d6-4eb0-873a-eb5b7e0a66e1,,,8,2026-05-24 16:31:52.104177
dfddf243-aa52-4ace-ab2b-4b6cef5f3480,a5e07503-68d3-4299-a7e8-4728521ba107,ce50f016-53f4-42d0-943d-edfa44ae3b79,,,9,2026-05-24 16:31:52.104177
270f8c4d-153f-4ac4-9312-665252785ed5,2df227d3-f807-4d47-b405-3d100b164926,a7e86451-cde2-49d8-91ba-1397c9584d6c,,,0,2026-06-01 20:33:17.117572
5e43eaa3-4bc0-43a4-96d0-820e6d943f7f,2df227d3-f807-4d47-b405-3d100b164926,0a1d1f26-4f04-4542-9de2-ef6e62c39029,,,1,2026-06-01 20:33:17.117572
ab96a3bc-9ad2-4e8e-ba8e-e3afc0bf96e1,2df227d3-f807-4d47-b405-3d100b164926,2302634f-e347-45fd-b098-ad6c80a5121e,,,2,2026-06-01 20:33:17.117572
678e5b96-4c83-488d-94c7-3837efedad11,2df227d3-f807-4d47-b405-3d100b164926,c6e622f0-8f87-416c-a940-11c2e2361bd8,,,3,2026-06-01 20:33:17.117572
e5dddc4c-6c5c-4556-95d5-6ad2fc1d283b,2df227d3-f807-4d47-b405-3d100b164926,d4f77ee2-db3f-476a-a4ba-32ded03e28e9,,,4,2026-06-01 20:33:17.117572
32b5bb94-8513-42d6-b0b9-5445d11f1195,2df227d3-f807-4d47-b405-3d100b164926,d9095a0b-65a9-4958-823f-036a7e2ad85b,,,5,2026-06-01 20:33:17.117572
8fc38b21-ef3a-4c44-af99-00b58994bf08,2df227d3-f807-4d47-b405-3d100b164926,40904388-c5fb-4d00-8294-260e4c5f5738,,,6,2026-06-01 20:33:17.117572
d2910ac2-2639-4f28-9ca0-ea0f8865b99b,2df227d3-f807-4d47-b405-3d100b164926,2f348856-e9b7-4b85-8962-06efb5f5ee4b,,,7,2026-06-01 20:33:17.117572
da3bc325-21d5-41e3-ada1-f5c231f6e25b,2df227d3-f807-4d47-b405-3d100b164926,fe440867-d8bc-4a29-aa35-adfaac7860ff,,,8,2026-06-01 20:33:17.117572
63f985e7-e072-4384-be99-81f36280058b,2df227d3-f807-4d47-b405-3d100b164926,3b79716e-f7de-4100-9eb1-d3c905d61804,,,9,2026-06-01 20:33:17.117572
d38eb3c3-c52b-4e35-9069-141a719f8e98,2df227d3-f807-4d47-b405-3d100b164926,33e15520-b296-43d6-a397-418b94ed7b35,,,10,2026-06-01 20:33:17.117572
70cfd95f-aeff-4190-a814-db90cacc7d97,2df227d3-f807-4d47-b405-3d100b164926,9d725783-74d6-4eb0-873a-eb5b7e0a66e1,,,11,2026-06-01 20:33:17.117572
6415f23b-46d8-4a83-9cee-7e73e8d82471,61e5cf9f-7bde-4fd0-9922-48787c82e9e4,a7e86451-cde2-49d8-91ba-1397c9584d6c,,,0,2026-06-01 20:47:23.390368
4f131bd6-cdda-44a5-ad67-7b322a033eb4,61e5cf9f-7bde-4fd0-9922-48787c82e9e4,0a1d1f26-4f04-4542-9de2-ef6e62c39029,,,1,2026-06-01 20:47:23.390368
72b08673-d1ca-4601-b155-4becef81e87d,61e5cf9f-7bde-4fd0-9922-48787c82e9e4,2302634f-e347-45fd-b098-ad6c80a5121e,,,2,2026-06-01 20:47:23.390368
19bd5452-ffaa-4df5-88b2-b3d2e0d8477e,61e5cf9f-7bde-4fd0-9922-48787c82e9e4,d4f77ee2-db3f-476a-a4ba-32ded03e28e9,,,3,2026-06-01 20:47:23.390368
5691887b-b810-4333-9d6a-89177cfbc17d,61e5cf9f-7bde-4fd0-9922-48787c82e9e4,d9095a0b-65a9-4958-823f-036a7e2ad85b,,,4,2026-06-01 20:47:23.390368
410141f6-39b7-46c9-b639-e59366017489,61e5cf9f-7bde-4fd0-9922-48787c82e9e4,40904388-c5fb-4d00-8294-260e4c5f5738,,,5,2026-06-01 20:47:23.390368
633f1ba6-c28b-4805-96b5-240014e04f06,61e5cf9f-7bde-4fd0-9922-48787c82e9e4,2f348856-e9b7-4b85-8962-06efb5f5ee4b,,,6,2026-06-01 20:47:23.390368
fb680c5d-db49-4a2a-8ecb-a8999d218046,61e5cf9f-7bde-4fd0-9922-48787c82e9e4,fe440867-d8bc-4a29-aa35-adfaac7860ff,,,7,2026-06-01 20:47:23.390368
2e04896d-73c6-4849-95ee-6781ddaef9e3,61e5cf9f-7bde-4fd0-9922-48787c82e9e4,3b79716e-f7de-4100-9eb1-d3c905d61804,,,8,2026-06-01 20:47:23.390368
3cf59bcc-4374-4d3b-8f48-1ee67a410618,61e5cf9f-7bde-4fd0-9922-48787c82e9e4,33e15520-b296-43d6-a397-418b94ed7b35,,,9,2026-06-01 20:47:23.390368
973f5710-cb44-40ef-b000-2c8024f260b9,61e5cf9f-7bde-4fd0-9922-48787c82e9e4,9d725783-74d6-4eb0-873a-eb5b7e0a66e1,,,10,2026-06-01 20:47:23.390368
2926dc5c-9c86-4e75-916b-fe40afa8a6b6,bda6e1ef-e471-45fa-9672-28bf495a6ff1,33f472fd-5218-43fd-b48c-36e1d3694bc7,,,0,2026-06-10 12:14:25.957436
5ff4c2b0-996c-48de-9f33-3edfb95caa53,60d4946d-0011-4df5-86d4-878f9c1ba188,88203799-55f5-443b-bd99-15df480927e5,,,0,2026-06-11 02:03:02.531877
d727a96b-9b69-4693-abca-27e2c0afa08d,60d4946d-0011-4df5-86d4-878f9c1ba188,fe0dc4cb-2a7f-4270-b1f8-c1aabb7d4b69,,,1,2026-06-11 02:03:02.531877
f93b61e6-90de-4f3d-8b75-4992825375fa,60d4946d-0011-4df5-86d4-878f9c1ba188,4d920cc9-39e0-4a08-bca2-6521f2178645,,,2,2026-06-11 02:03:02.531877
bfcf804e-20e8-41aa-a9e3-4c76450ef98b,088ba691-0396-4682-bb9d-3911eb05c986,40904388-c5fb-4d00-8294-260e4c5f5738,,,0,2026-06-12 21:02:51.377832
7b5c3570-71c4-41fa-b53f-7bffc9e697a1,146d6bba-986e-4ede-b3fa-7609c2e30fb3,40904388-c5fb-4d00-8294-260e4c5f5738,,,0,2026-06-12 23:19:56.27081
7f56eecd-8a4b-4789-bb06-7c5e867a37f0,d996628b-bc16-45a7-800b-56caa21c6a57,0aff971a-70c3-4e16-925b-dd527f02b630,,,0,2026-06-20 15:59:43.419411
9fa83760-90a9-4a04-a5e8-cb7efb0052d2,d996628b-bc16-45a7-800b-56caa21c6a57,24daaaa0-46e9-4d4b-8a2b-21fd29693dbd,,,0,2026-06-22 23:53:32.978338
44067dfc-d424-4071-98e1-b41735cff882,3b0186c0-e49a-449e-9dab-30e223fa36c3,42d9f132-2662-4b32-bbf7-5cab896b66d4,,,0,2026-06-24 14:53:13.938411
aba7eeb5-1c51-42bb-90d2-190e59e0a8fb,c5dbd366-b09a-4b7e-a3c8-317516e7ab62,0aff971a-70c3-4e16-925b-dd527f02b630,,,0,2026-06-25 23:39:23.962578
cac2523b-db6b-433d-8264-2070cba76493,c5dbd366-b09a-4b7e-a3c8-317516e7ab62,24daaaa0-46e9-4d4b-8a2b-21fd29693dbd,,,1,2026-06-25 23:39:23.962578
005badcd-f624-409f-9e32-6a14938dde7c,0c24b5df-b48e-4b86-aef1-8d2fdf93af93,bfad7b24-d322-4a0a-b86d-7d094499ea41,,,0,2026-06-27 18:38:33.065471
da2e39c8-002c-4704-9f2b-4c76ac269020,cc54b10d-187e-47c0-9ac4-57f8fdd507e5,bfad7b24-d322-4a0a-b86d-7d094499ea41,,,0,2026-06-27 19:53:41.491117
47129b5b-27ea-4055-a527-a3f65953ef55,d2cd20d9-5ef7-4d7b-8c23-d30042580a8b,30e74a13-0a16-421b-b23d-30e005f0b712,,,0,2026-07-03 01:22:36.829649
00880595-466e-437e-baf6-831975feb9c1,2d7a67db-3ab9-4c29-9a11-64ff619ce1d3,84d0fa10-b304-4dce-a7b0-bce95ef99805,,,0,2026-07-06 17:21:19.92335
79731e85-55cf-4550-9e4e-1c2cc21935c0,2d7a67db-3ab9-4c29-9a11-64ff619ce1d3,c5b975bc-e537-45dd-bc0b-394c290170da,,,1,2026-07-06 17:21:19.92335
ef26c3d4-1bd3-4b17-b012-528488a94d83,2d7a67db-3ab9-4c29-9a11-64ff619ce1d3,17322f90-8d00-4734-993d-88ea5e9ca9d8,,,2,2026-07-06 17:21:19.92335
9e4a4baf-8d71-40df-97e0-4718e83ed71b,2d7a67db-3ab9-4c29-9a11-64ff619ce1d3,81271a3d-21d7-47a3-875f-41f16086c37c,,,3,2026-07-06 17:21:19.92335
2cf44870-7f5f-4c22-99c4-b2bdcbcb5c70,2d7a67db-3ab9-4c29-9a11-64ff619ce1d3,8bbb14a4-0bfd-4928-8706-ea1379e6455f,,,4,2026-07-06 17:21:19.92335
046b9a26-b543-4c2a-903d-f789e59917e1,2d7a67db-3ab9-4c29-9a11-64ff619ce1d3,8ffd9f45-1923-4a33-ba9e-4c6231dd4789,,,5,2026-07-06 17:21:19.92335
df98163c-d987-439f-b257-9b636703fa84,2d7a67db-3ab9-4c29-9a11-64ff619ce1d3,88203799-55f5-443b-bd99-15df480927e5,,,6,2026-07-06 17:21:19.92335
9505b2f6-a1bc-432e-b876-811d5badd480,2d7a67db-3ab9-4c29-9a11-64ff619ce1d3,fe0dc4cb-2a7f-4270-b1f8-c1aabb7d4b69,,,7,2026-07-06 17:21:19.92335
3b7afacf-227e-49c4-b6d8-8609deb78de4,6bbcbcf0-c189-4c40-ae5c-42bec8958662,e88d0591-717a-4503-a293-0342c5ac8581,,,0,2026-07-15 20:43:15.021544
cd937158-fdfa-4ed8-a4f9-d64db4b79c2e,99ceedbb-69a4-4860-8d64-fdc357a21fcc,e88d0591-717a-4503-a293-0342c5ac8581,,,0,2026-07-16 14:27:37.553469
