id,campaign_id,social_account_id,added_at,auto_publish
af0d9f94-a9f2-4848-8d50-3cf82216a214,0c24b5df-b48e-4b86-aef1-8d2fdf93af93,f51792f4-cde1-4df4-85a5-f70b874d79a6,2026-06-27 18:38:33.065471,f
38c38513-2d22-4b83-9969-1b0d4f332a16,0c24b5df-b48e-4b86-aef1-8d2fdf93af93,28e07d5b-fd3f-4ac7-b0d1-32aa0c3055c4,2026-06-27 18:38:33.065471,f
6bd3444b-b6f6-476d-bf6c-2fabd305185b,0c24b5df-b48e-4b86-aef1-8d2fdf93af93,f7e9fed0-4ed0-467e-ac02-bf140adae7ed,2026-06-27 18:38:33.065471,f
803f61f5-20e4-4336-bf6c-912f18223e9f,cc54b10d-187e-47c0-9ac4-57f8fdd507e5,28e07d5b-fd3f-4ac7-b0d1-32aa0c3055c4,2026-06-27 19:53:41.491117,t
8ba6dd61-814c-4170-bad7-130371cda054,cc54b10d-187e-47c0-9ac4-57f8fdd507e5,f7e9fed0-4ed0-467e-ac02-bf140adae7ed,2026-06-27 19:53:41.491117,t
7c5659d6-0401-4c25-8b54-26c8b430e217,cc54b10d-187e-47c0-9ac4-57f8fdd507e5,f51792f4-cde1-4df4-85a5-f70b874d79a6,2026-06-27 19:53:41.491117,f
5e3c810c-97b3-493e-a55a-e71c39c7efcd,d2cd20d9-5ef7-4d7b-8c23-d30042580a8b,f51792f4-cde1-4df4-85a5-f70b874d79a6,2026-07-03 01:22:36.829649,f
0953cb55-5ad8-4e27-b1f0-2f43fe6570df,d2cd20d9-5ef7-4d7b-8c23-d30042580a8b,f7e9fed0-4ed0-467e-ac02-bf140adae7ed,2026-07-03 01:22:36.829649,t
fea73664-af13-4a39-8630-9b9f5ed30dec,d2cd20d9-5ef7-4d7b-8c23-d30042580a8b,28e07d5b-fd3f-4ac7-b0d1-32aa0c3055c4,2026-07-03 01:22:36.829649,t
5f6e816e-792d-4140-b845-4cd3336d35e2,2d7a67db-3ab9-4c29-9a11-64ff619ce1d3,4e7cd00b-08df-4b22-b3a1-2b11707ae446,2026-07-06 17:21:19.92335,f
b0fac485-3980-4b6a-8e01-376b5f259abc,2d7a67db-3ab9-4c29-9a11-64ff619ce1d3,9cbf55e6-9fd9-47a8-bf5f-58a48e3edc61,2026-07-06 17:21:19.92335,f
a9f4a5d5-05db-4ba1-8de7-c14a3184b3fd,2d7a67db-3ab9-4c29-9a11-64ff619ce1d3,bcdda8b5-d6ec-4509-8ffd-08e613167463,2026-07-06 17:21:19.92335,f
c41bb66d-2043-4b99-ae53-71d8e5c420dd,6bbcbcf0-c189-4c40-ae5c-42bec8958662,28e07d5b-fd3f-4ac7-b0d1-32aa0c3055c4,2026-07-15 20:43:15.021544,f
f885c954-be5a-4928-926c-20efea2f75e6,c5dbd366-b09a-4b7e-a3c8-317516e7ab62,f7e9fed0-4ed0-467e-ac02-bf140adae7ed,2026-06-27 18:33:54.745035,t
3756c108-d197-4e1d-88e0-0907c8989eb7,caa6e4fd-9c09-4875-8cb2-935392b02578,f7e9fed0-4ed0-467e-ac02-bf140adae7ed,2026-06-15 17:01:40.718785,t
b31ef47c-1d02-4372-a082-758ad4cb62cf,8a8519f6-326b-4307-a963-733d4fd61e99,28e07d5b-fd3f-4ac7-b0d1-32aa0c3055c4,2026-06-15 18:24:33.067045,t
5bb44f1a-1b37-4830-9ad0-8838886b9d6c,8a8519f6-326b-4307-a963-733d4fd61e99,f7e9fed0-4ed0-467e-ac02-bf140adae7ed,2026-06-17 18:17:49.937751,t
bf8fb3a3-d508-45ee-934c-480cda2e2874,c5dbd366-b09a-4b7e-a3c8-317516e7ab62,28e07d5b-fd3f-4ac7-b0d1-32aa0c3055c4,2026-06-25 23:39:23.962578,t
742231a3-fbda-487f-bd02-e239329f36f6,3b0186c0-e49a-449e-9dab-30e223fa36c3,28e07d5b-fd3f-4ac7-b0d1-32aa0c3055c4,2026-06-24 14:53:13.938411,t
226d7732-d4b3-4152-af19-4d6ca06ea773,dfa7edd7-50f4-4385-bb2f-1422e89d54bc,28e07d5b-fd3f-4ac7-b0d1-32aa0c3055c4,2026-03-23 14:42:42.418968,t
e3375b55-70ef-477a-b606-530d9e9fe985,dfa7edd7-50f4-4385-bb2f-1422e89d54bc,f7e9fed0-4ed0-467e-ac02-bf140adae7ed,2026-03-23 14:42:42.418968,t
60524ec1-e0a6-43b7-a9e1-651db1d586b2,dfa7edd7-50f4-4385-bb2f-1422e89d54bc,b5fb6824-d40c-4834-bcf6-8c41474c47a5,2026-03-23 14:42:42.418968,t
e71801c9-636b-4b66-a023-dc713cfd79e1,dfa7edd7-50f4-4385-bb2f-1422e89d54bc,f51792f4-cde1-4df4-85a5-f70b874d79a6,2026-03-23 14:42:42.418968,t
96167a9f-37fe-42e9-be20-dc7d8ba17286,fa86e133-a492-424c-9403-64411b874768,28e07d5b-fd3f-4ac7-b0d1-32aa0c3055c4,2026-03-23 18:44:16.581196,t
de0aeb82-bf86-43c7-aee4-cb3bf61e1d09,fa86e133-a492-424c-9403-64411b874768,f7e9fed0-4ed0-467e-ac02-bf140adae7ed,2026-03-23 18:44:16.581196,t
c0736253-b112-40b0-be53-e210d6a73c8e,fa86e133-a492-424c-9403-64411b874768,b5fb6824-d40c-4834-bcf6-8c41474c47a5,2026-03-23 18:44:16.581196,t
829b8217-3dcd-4f63-a7c6-ce586a649cb0,fa86e133-a492-424c-9403-64411b874768,f51792f4-cde1-4df4-85a5-f70b874d79a6,2026-03-23 18:44:16.581196,t
6009baae-35aa-4299-9618-8478aad63c75,a438b658-82e5-48db-b28a-b4f81aeaf6ac,28e07d5b-fd3f-4ac7-b0d1-32aa0c3055c4,2026-03-24 11:42:35.206789,t
2114bd91-7281-4ffc-b6c4-1f89186ecf4c,d7452c55-bc1e-4c27-a68e-a9a5124cdcd1,28e07d5b-fd3f-4ac7-b0d1-32aa0c3055c4,2026-03-24 12:00:14.052607,t
6eb07945-ff5d-449f-b833-b6d08e26a444,d7452c55-bc1e-4c27-a68e-a9a5124cdcd1,f7e9fed0-4ed0-467e-ac02-bf140adae7ed,2026-03-24 12:00:14.052607,t
b516b2ee-e5f2-4cc8-a680-e4f7f744756d,d7452c55-bc1e-4c27-a68e-a9a5124cdcd1,b5fb6824-d40c-4834-bcf6-8c41474c47a5,2026-03-24 12:00:14.052607,t
c2a86ebe-b811-4abd-a9f3-2cda69c8a0f4,d7452c55-bc1e-4c27-a68e-a9a5124cdcd1,f51792f4-cde1-4df4-85a5-f70b874d79a6,2026-03-24 12:00:14.052607,t
5bc71c39-a2bb-4e71-b4a7-540db038721c,2fd61b3e-6010-44b2-9645-56f093ec124d,28e07d5b-fd3f-4ac7-b0d1-32aa0c3055c4,2026-03-24 15:53:32.193993,t
8469f07a-4501-450f-9cea-ae0acbbcfedf,2fd61b3e-6010-44b2-9645-56f093ec124d,f7e9fed0-4ed0-467e-ac02-bf140adae7ed,2026-03-24 15:53:32.193993,t
391bedde-e0b2-4c2c-a524-456918eacf1f,2fd61b3e-6010-44b2-9645-56f093ec124d,b5fb6824-d40c-4834-bcf6-8c41474c47a5,2026-03-24 15:53:32.193993,t
47173eb5-9797-48b0-93a5-2e7559c63155,2fd61b3e-6010-44b2-9645-56f093ec124d,f51792f4-cde1-4df4-85a5-f70b874d79a6,2026-03-24 15:53:32.193993,t
745d1aae-f2f3-4ced-800b-1bc16fb976f9,a6c16c30-166d-4383-821a-c40eab5978e4,28e07d5b-fd3f-4ac7-b0d1-32aa0c3055c4,2026-03-25 00:52:19.699822,t
124c20a6-bddd-4e2f-9e2a-106c1ebecd7e,a6c16c30-166d-4383-821a-c40eab5978e4,f7e9fed0-4ed0-467e-ac02-bf140adae7ed,2026-03-25 00:52:19.699822,t
67244a6c-a951-4abb-8396-45b5ae231c9d,a6c16c30-166d-4383-821a-c40eab5978e4,f51792f4-cde1-4df4-85a5-f70b874d79a6,2026-03-25 00:52:19.699822,t
8f77bc72-bebf-4f8e-95a8-02150dbec227,a6c16c30-166d-4383-821a-c40eab5978e4,b5fb6824-d40c-4834-bcf6-8c41474c47a5,2026-03-25 00:52:19.699822,t
83667f34-1579-4e96-aad3-f780ed6a66c6,9ad7d9ed-ef41-414d-95f6-f7b4fa5b8861,28e07d5b-fd3f-4ac7-b0d1-32aa0c3055c4,2026-03-25 03:41:50.038546,t
5715f5ac-dfa6-4d36-8ad8-ee9b26b68dad,4286a2db-10f8-42d5-84a6-6029887121d1,28e07d5b-fd3f-4ac7-b0d1-32aa0c3055c4,2026-03-25 13:15:35.014241,t
2ea4145c-06b5-4cc5-a12e-4bbebf1fb2e0,4286a2db-10f8-42d5-84a6-6029887121d1,f7e9fed0-4ed0-467e-ac02-bf140adae7ed,2026-03-25 13:15:35.014241,t
b86ab1c6-9b27-4031-9bb2-cb85f839301c,2cdafb53-0d4c-4588-aaec-4b93a37db784,28e07d5b-fd3f-4ac7-b0d1-32aa0c3055c4,2026-03-25 13:37:47.710052,t
3148fdf8-cc3d-4307-8a65-a004410566c8,2cdafb53-0d4c-4588-aaec-4b93a37db784,f7e9fed0-4ed0-467e-ac02-bf140adae7ed,2026-03-25 13:37:47.710052,t
64fc04f5-ccd4-4bfd-a52e-9fc73595409b,2cdafb53-0d4c-4588-aaec-4b93a37db784,f51792f4-cde1-4df4-85a5-f70b874d79a6,2026-03-25 13:37:47.710052,t
05bfc38c-674d-4149-ab8c-9b8e879f7e2a,b2289b9c-7f8a-410d-aef4-9aecbb185ae0,28e07d5b-fd3f-4ac7-b0d1-32aa0c3055c4,2026-03-25 22:11:42.71181,t
7ad6b6a1-31ac-4ea8-bf71-df862827c19a,b2289b9c-7f8a-410d-aef4-9aecbb185ae0,f7e9fed0-4ed0-467e-ac02-bf140adae7ed,2026-03-25 22:11:42.71181,t
e5c3459c-5401-4fc7-a370-3ee88ad18892,b2289b9c-7f8a-410d-aef4-9aecbb185ae0,f51792f4-cde1-4df4-85a5-f70b874d79a6,2026-03-25 22:11:42.71181,t
d221f4a3-c24a-4c3c-955e-91d4df9a7f2d,b2289b9c-7f8a-410d-aef4-9aecbb185ae0,b5fb6824-d40c-4834-bcf6-8c41474c47a5,2026-03-25 22:11:42.71181,t
56474aa1-696e-445c-9cc9-3f4deefe6902,09d553f7-e831-4b8b-8d29-d59b8ceea698,69cf2e25-8123-458a-96c7-97cebac1804f,2026-03-26 13:44:27.770242,t
73611c31-b5b0-4905-82b3-01435094b73e,60314299-d604-4b8a-a5ee-1cfb94d36212,28e07d5b-fd3f-4ac7-b0d1-32aa0c3055c4,2026-03-26 23:24:53.061917,t
e9c96a7b-e1fc-4619-a8ed-c7671a107925,9f5bdbb2-7a46-488f-96d8-ef8bcbf97149,28e07d5b-fd3f-4ac7-b0d1-32aa0c3055c4,2026-06-19 16:08:48.827076,t
ba11db77-20de-44bc-a8bb-bce1cac26c32,9f5bdbb2-7a46-488f-96d8-ef8bcbf97149,f7e9fed0-4ed0-467e-ac02-bf140adae7ed,2026-06-19 16:08:53.461726,t
9ce52337-595b-473a-88db-e142557f467d,60314299-d604-4b8a-a5ee-1cfb94d36212,f51792f4-cde1-4df4-85a5-f70b874d79a6,2026-03-26 23:24:53.061917,t
064ff813-af07-4553-83c0-18ea5f938b7f,fc2cdc7d-16ff-409b-88f4-7193bf36dd68,28e07d5b-fd3f-4ac7-b0d1-32aa0c3055c4,2026-03-29 23:11:32.397655,t
7206234d-ab9c-4e61-9361-890f0cc5f555,fc2cdc7d-16ff-409b-88f4-7193bf36dd68,f7e9fed0-4ed0-467e-ac02-bf140adae7ed,2026-03-29 23:11:32.397655,t
ea963e2a-4118-4e8f-91c8-5564fe47ae5f,be9dd7bf-f3cc-4b45-b33c-3a9dde2fca20,28e07d5b-fd3f-4ac7-b0d1-32aa0c3055c4,2026-03-30 20:14:07.634665,t
e8dcc693-7d53-48b1-bd2e-9341823f1389,be9dd7bf-f3cc-4b45-b33c-3a9dde2fca20,f7e9fed0-4ed0-467e-ac02-bf140adae7ed,2026-03-30 20:14:07.634665,t
c5e9e372-72ca-4f85-8862-5968271efa32,be9dd7bf-f3cc-4b45-b33c-3a9dde2fca20,f51792f4-cde1-4df4-85a5-f70b874d79a6,2026-03-30 20:14:07.634665,t
461b320d-bc9d-402a-82d6-a4209382bcc2,be9dd7bf-f3cc-4b45-b33c-3a9dde2fca20,b5fb6824-d40c-4834-bcf6-8c41474c47a5,2026-03-30 20:14:07.634665,t
075b516a-3d44-4e40-bccd-1db5dee25b56,526c3fe6-f60b-429a-8ccb-b6d2cac5d2e0,28e07d5b-fd3f-4ac7-b0d1-32aa0c3055c4,2026-03-30 21:48:33.03889,t
59fd3642-7864-4a1f-84fb-1146c04b27cb,526c3fe6-f60b-429a-8ccb-b6d2cac5d2e0,f7e9fed0-4ed0-467e-ac02-bf140adae7ed,2026-03-30 21:48:33.03889,t
47f0807b-9764-49d2-b520-99a6d861cd75,526c3fe6-f60b-429a-8ccb-b6d2cac5d2e0,f51792f4-cde1-4df4-85a5-f70b874d79a6,2026-03-30 21:48:33.03889,t
ec0253ee-6e88-4eaf-a210-873daa593d2e,526c3fe6-f60b-429a-8ccb-b6d2cac5d2e0,b5fb6824-d40c-4834-bcf6-8c41474c47a5,2026-03-30 21:48:33.03889,t
9bef3870-f69c-45c9-90ac-f7423e4f0f5d,0981dbfd-a881-4c4c-820d-993680ce6b56,69cf2e25-8123-458a-96c7-97cebac1804f,2026-04-03 16:18:13.613357,t
ad5b0426-b6a9-4a4b-828c-82b6ae989802,7da98b3c-256e-4ca2-a952-8c37e1d69829,69cf2e25-8123-458a-96c7-97cebac1804f,2026-04-03 18:55:58.023351,t
bd2bbc69-0b11-4dcb-861e-5191a798bf0d,e4b33a78-3c0a-4ea9-95ad-f9ecef3d5842,ba4bdea8-957c-4073-918d-5817fbb0b494,2026-04-05 20:04:35.649397,t
43648026-e689-4fcb-98a0-318e08a26cc5,e4b33a78-3c0a-4ea9-95ad-f9ecef3d5842,473934d6-4367-470e-94d2-268475aba983,2026-04-05 20:04:35.649397,t
49ff8312-57ce-41f2-bbe1-60b37cadc6b1,8dc0e13f-c91d-4cc4-abee-7b476b91598d,28e07d5b-fd3f-4ac7-b0d1-32aa0c3055c4,2026-04-06 18:05:42.413232,t
80871969-403a-42fd-9e3a-a0e2531246ca,8dc0e13f-c91d-4cc4-abee-7b476b91598d,f7e9fed0-4ed0-467e-ac02-bf140adae7ed,2026-04-06 18:05:42.413232,t
5c61e702-94c8-4ff4-b27b-d0cfd12ee4ba,8dc0e13f-c91d-4cc4-abee-7b476b91598d,f51792f4-cde1-4df4-85a5-f70b874d79a6,2026-04-06 18:05:42.413232,t
9b61a338-ccd5-419d-a489-5b774aa173be,8dc0e13f-c91d-4cc4-abee-7b476b91598d,b5fb6824-d40c-4834-bcf6-8c41474c47a5,2026-04-06 18:05:42.413232,t
114e2228-fc30-408b-9c8f-c4faff4682fc,7b02fe4c-5950-408e-9275-9696affa74bc,28e07d5b-fd3f-4ac7-b0d1-32aa0c3055c4,2026-04-06 19:18:39.154499,t
4a38fc69-b483-4e17-9837-037679f36722,7b02fe4c-5950-408e-9275-9696affa74bc,f7e9fed0-4ed0-467e-ac02-bf140adae7ed,2026-04-06 19:18:39.154499,t
a6ac7213-c646-49bb-8602-2af8ba95a08f,7b02fe4c-5950-408e-9275-9696affa74bc,f51792f4-cde1-4df4-85a5-f70b874d79a6,2026-04-06 19:18:39.154499,t
996cf61e-44bb-440b-8aba-bf1ad3c4908c,074c2655-ec3c-4264-ba92-352563b13a8e,28e07d5b-fd3f-4ac7-b0d1-32aa0c3055c4,2026-04-06 20:16:05.915023,t
c81c8c9a-32f9-4b1e-b397-e0b587b649ad,074c2655-ec3c-4264-ba92-352563b13a8e,f7e9fed0-4ed0-467e-ac02-bf140adae7ed,2026-04-06 20:16:05.915023,t
9c9bffdc-4d71-41bc-be01-846dbcf412ce,074c2655-ec3c-4264-ba92-352563b13a8e,f51792f4-cde1-4df4-85a5-f70b874d79a6,2026-04-06 20:16:05.915023,t
afb25941-8470-4ad5-89fa-c0ecd038a31c,5d77089c-54f3-46d7-8a74-d0fc0a1f0658,9cbf55e6-9fd9-47a8-bf5f-58a48e3edc61,2026-04-10 03:45:47.716689,t
82322b59-7b11-4645-9e07-847b76e17277,5d77089c-54f3-46d7-8a74-d0fc0a1f0658,4e7cd00b-08df-4b22-b3a1-2b11707ae446,2026-04-10 03:45:47.716689,t
f494981e-ae49-49d8-9ea2-e3e9c2d5259a,900d7724-fe34-4a8e-9eb0-d2ff202837e0,9cbf55e6-9fd9-47a8-bf5f-58a48e3edc61,2026-04-10 06:30:18.092669,t
48941fa6-6942-4d30-b434-3d64fe62e943,900d7724-fe34-4a8e-9eb0-d2ff202837e0,4e7cd00b-08df-4b22-b3a1-2b11707ae446,2026-04-10 06:30:18.092669,t
003490cd-c48e-411d-845e-0bdcf262a1df,ecacc41f-7392-44ce-a3c7-59be6c87d623,9cbf55e6-9fd9-47a8-bf5f-58a48e3edc61,2026-04-10 18:04:17.006878,t
fbabd561-196b-4d43-b166-690cda69c5f8,ecacc41f-7392-44ce-a3c7-59be6c87d623,4e7cd00b-08df-4b22-b3a1-2b11707ae446,2026-04-10 18:04:17.006878,t
67b50260-86cb-4fc0-b05d-a3b906a27f72,7ea9771c-f3c3-4072-8b9d-bf0bd02c988c,9cbf55e6-9fd9-47a8-bf5f-58a48e3edc61,2026-04-10 20:43:27.713927,t
07885825-ef4e-46b9-933f-0f6b5e37756d,7ea9771c-f3c3-4072-8b9d-bf0bd02c988c,4e7cd00b-08df-4b22-b3a1-2b11707ae446,2026-04-10 20:43:27.713927,t
b57a4a1e-8a73-4ba7-a9a8-fd3a3d537194,ef6e3cca-b51a-4d8c-9c31-a7503c2c1f2a,9cbf55e6-9fd9-47a8-bf5f-58a48e3edc61,2026-04-14 03:15:44.531692,t
88c7ab6d-1b3f-4760-be75-5779085f7901,b4bbc82f-3ce7-486b-851e-37b934320b1a,9cbf55e6-9fd9-47a8-bf5f-58a48e3edc61,2026-04-14 03:17:00.186637,t
31b844e2-7377-4089-bc98-45ef8abba1f4,663e7d43-1f42-4043-894e-519eed597ab2,9cbf55e6-9fd9-47a8-bf5f-58a48e3edc61,2026-04-18 22:56:15.218087,t
9f767ba6-902c-47a0-973d-810355a6936d,663e7d43-1f42-4043-894e-519eed597ab2,4e7cd00b-08df-4b22-b3a1-2b11707ae446,2026-04-18 22:56:15.218087,t
bb4b5cb9-4e68-464e-b1b9-f17475db73aa,3ca8b46e-a5d8-4b69-bd50-7fd0c488fb97,28e07d5b-fd3f-4ac7-b0d1-32aa0c3055c4,2026-04-21 01:07:08.74385,t
b7c3cd2b-67dd-4711-b146-6cf4ee1d2681,3ca8b46e-a5d8-4b69-bd50-7fd0c488fb97,f7e9fed0-4ed0-467e-ac02-bf140adae7ed,2026-04-21 01:07:08.74385,t
ac10d383-3e59-4200-a44e-4c0d8e903bc7,3ca8b46e-a5d8-4b69-bd50-7fd0c488fb97,f51792f4-cde1-4df4-85a5-f70b874d79a6,2026-04-21 01:07:08.74385,t
2380b7af-3ec5-46d2-bff8-38e39f0893db,3ca8b46e-a5d8-4b69-bd50-7fd0c488fb97,b5fb6824-d40c-4834-bcf6-8c41474c47a5,2026-04-21 01:07:08.74385,t
825a3f5f-dbe4-4d39-bef1-ce7bb730c189,5cdf037e-4e37-4079-8bee-346c1602785c,28e07d5b-fd3f-4ac7-b0d1-32aa0c3055c4,2026-04-21 03:23:29.647179,t
decc6fac-db58-4f33-b4e7-13e9f432091f,5cdf037e-4e37-4079-8bee-346c1602785c,f7e9fed0-4ed0-467e-ac02-bf140adae7ed,2026-04-21 03:23:29.647179,t
9387e04a-4439-42f4-a800-173a25765a69,5cdf037e-4e37-4079-8bee-346c1602785c,f51792f4-cde1-4df4-85a5-f70b874d79a6,2026-04-21 03:23:29.647179,t
9556fe26-d85d-4732-a777-6865364e8a74,5cdf037e-4e37-4079-8bee-346c1602785c,b5fb6824-d40c-4834-bcf6-8c41474c47a5,2026-04-21 03:23:29.647179,t
e5cb7b4d-dc57-4d08-a896-523e3f0df403,f9e703f2-d2ea-4922-ad0d-e7a4484724b3,28e07d5b-fd3f-4ac7-b0d1-32aa0c3055c4,2026-05-06 00:27:54.978761,t
d3cf2b9c-e6ae-4060-9a01-3fd80f59b672,f9e703f2-d2ea-4922-ad0d-e7a4484724b3,f7e9fed0-4ed0-467e-ac02-bf140adae7ed,2026-05-06 00:27:54.978761,t
d6daf752-951f-4294-823f-b30878a15f1e,f9e703f2-d2ea-4922-ad0d-e7a4484724b3,f51792f4-cde1-4df4-85a5-f70b874d79a6,2026-05-06 00:27:54.978761,t
be58d023-4798-4027-9c23-8123f1df65ff,f9e703f2-d2ea-4922-ad0d-e7a4484724b3,b5fb6824-d40c-4834-bcf6-8c41474c47a5,2026-05-06 00:27:54.978761,t
64c06904-2133-44fc-924a-0c7545cccb3b,1bd11e40-937c-4dab-87d7-215704217136,f7e9fed0-4ed0-467e-ac02-bf140adae7ed,2026-05-09 00:01:39.037049,t
f3d746ca-c869-493d-9ea1-90d481264fb5,1bd11e40-937c-4dab-87d7-215704217136,f51792f4-cde1-4df4-85a5-f70b874d79a6,2026-05-09 00:01:39.037049,t
0b52f81e-b1a8-4e9f-91d8-2917397377c9,1bd11e40-937c-4dab-87d7-215704217136,b5fb6824-d40c-4834-bcf6-8c41474c47a5,2026-05-09 00:01:39.037049,t
4dda55a1-7342-4d24-87b6-0b15cdca5c42,dd02e37e-4ae4-4fec-bc81-2f40b314e547,28e07d5b-fd3f-4ac7-b0d1-32aa0c3055c4,2026-05-21 13:41:25.6161,t
ebc84465-5997-4c97-968c-286cafb13713,dd02e37e-4ae4-4fec-bc81-2f40b314e547,f7e9fed0-4ed0-467e-ac02-bf140adae7ed,2026-05-21 13:41:25.6161,t
2ec11af1-33ca-4d26-bbf2-072455ac2d06,dd02e37e-4ae4-4fec-bc81-2f40b314e547,f51792f4-cde1-4df4-85a5-f70b874d79a6,2026-05-21 13:41:25.6161,t
0949738d-b3ed-4bd0-80fa-23ce343fe1fe,dd02e37e-4ae4-4fec-bc81-2f40b314e547,b5fb6824-d40c-4834-bcf6-8c41474c47a5,2026-05-21 13:41:25.6161,t
bcaf4dc4-b241-4eff-9e86-1e0a8b059c2b,925804eb-121b-430f-8fbe-86e33be89785,28e07d5b-fd3f-4ac7-b0d1-32aa0c3055c4,2026-05-21 14:14:24.457804,t
471420dd-23f3-4146-8062-be48858aab80,925804eb-121b-430f-8fbe-86e33be89785,f7e9fed0-4ed0-467e-ac02-bf140adae7ed,2026-05-21 14:14:24.457804,t
1ff93d9b-d7fa-4951-b79b-ebf1f08f6cac,925804eb-121b-430f-8fbe-86e33be89785,f51792f4-cde1-4df4-85a5-f70b874d79a6,2026-05-21 14:14:24.457804,t
e9111f13-a805-4821-8ecd-6c904840df0d,925804eb-121b-430f-8fbe-86e33be89785,b5fb6824-d40c-4834-bcf6-8c41474c47a5,2026-05-21 14:14:24.457804,t
611efcbb-a174-4eca-a78b-cde5ef52a49d,a5e07503-68d3-4299-a7e8-4728521ba107,28e07d5b-fd3f-4ac7-b0d1-32aa0c3055c4,2026-05-24 16:31:52.104177,t
5ea0c692-ddbf-4f0d-bc33-a57fb581f9c8,a5e07503-68d3-4299-a7e8-4728521ba107,f7e9fed0-4ed0-467e-ac02-bf140adae7ed,2026-05-24 16:31:52.104177,t
2913a32c-10ad-4dbe-a6c5-cca09a160f40,a5e07503-68d3-4299-a7e8-4728521ba107,f51792f4-cde1-4df4-85a5-f70b874d79a6,2026-05-24 16:31:52.104177,t
8d91be3e-d023-449c-9bee-8efea659e3c2,2df227d3-f807-4d47-b405-3d100b164926,28e07d5b-fd3f-4ac7-b0d1-32aa0c3055c4,2026-06-01 20:33:17.117572,t
df1376dd-01c7-4676-bbd9-cd4f1eac6b51,61e5cf9f-7bde-4fd0-9922-48787c82e9e4,28e07d5b-fd3f-4ac7-b0d1-32aa0c3055c4,2026-06-01 20:47:23.390368,t
6ab0d482-97b9-4e37-835b-d9ada9a42aae,58ef5027-f2da-4e8c-a343-04e7ae5efa40,28e07d5b-fd3f-4ac7-b0d1-32aa0c3055c4,2026-06-11 00:28:19.177046,t
85b35982-2acc-43cf-af18-5904c7f06c62,58ef5027-f2da-4e8c-a343-04e7ae5efa40,f51792f4-cde1-4df4-85a5-f70b874d79a6,2026-06-11 00:28:25.02531,t
9a3b4078-175f-4404-a3ad-c86d0a7592ed,58ef5027-f2da-4e8c-a343-04e7ae5efa40,b5fb6824-d40c-4834-bcf6-8c41474c47a5,2026-06-11 00:28:27.400425,t
a7f136b0-73cf-4e5f-83ff-af0687de19b6,58ef5027-f2da-4e8c-a343-04e7ae5efa40,f7e9fed0-4ed0-467e-ac02-bf140adae7ed,2026-06-11 00:28:28.812203,t
4c4c6904-78b6-4720-b8b2-5ec5b5a70cd2,60d4946d-0011-4df5-86d4-878f9c1ba188,4e7cd00b-08df-4b22-b3a1-2b11707ae446,2026-06-11 02:03:02.531877,t
a89cc525-1391-4a62-acd9-072c47311bff,60d4946d-0011-4df5-86d4-878f9c1ba188,9cbf55e6-9fd9-47a8-bf5f-58a48e3edc61,2026-06-11 02:03:02.531877,t
a5aef4e9-eb54-4dd2-8c55-3a16b38a97a3,088ba691-0396-4682-bb9d-3911eb05c986,f51792f4-cde1-4df4-85a5-f70b874d79a6,2026-06-12 20:31:08.668949,t
3592d5ca-21ae-4945-9d82-a03a1c00a83d,088ba691-0396-4682-bb9d-3911eb05c986,28e07d5b-fd3f-4ac7-b0d1-32aa0c3055c4,2026-06-12 20:31:11.442507,t
b39c1e0f-cd12-4f94-95fa-d51604091467,088ba691-0396-4682-bb9d-3911eb05c986,f7e9fed0-4ed0-467e-ac02-bf140adae7ed,2026-06-12 20:31:14.782631,t
2d6328f0-1039-45de-90c4-d4f631fcb671,caa6e4fd-9c09-4875-8cb2-935392b02578,28e07d5b-fd3f-4ac7-b0d1-32aa0c3055c4,2026-06-15 17:01:36.899169,t
f6eecce1-439e-425e-895e-ec1a1e19c182,d996628b-bc16-45a7-800b-56caa21c6a57,28e07d5b-fd3f-4ac7-b0d1-32aa0c3055c4,2026-06-20 15:35:18.767543,t
57ad0d26-4354-4fa3-bd1e-e4b41828f316,d996628b-bc16-45a7-800b-56caa21c6a57,f7e9fed0-4ed0-467e-ac02-bf140adae7ed,2026-06-20 15:35:18.767543,t
c4174780-d705-45a4-889f-54b4d9fb8fb4,d996628b-bc16-45a7-800b-56caa21c6a57,f51792f4-cde1-4df4-85a5-f70b874d79a6,2026-06-20 15:35:18.767543,t
d2be7736-57ad-4cf4-9029-e05816a29df4,d996628b-bc16-45a7-800b-56caa21c6a57,b5fb6824-d40c-4834-bcf6-8c41474c47a5,2026-06-20 15:35:18.767543,t
eebdfcf0-90f2-482a-8cd5-847609ff6c39,3b0186c0-e49a-449e-9dab-30e223fa36c3,f7e9fed0-4ed0-467e-ac02-bf140adae7ed,2026-06-24 14:53:13.938411,t
c54b4393-f637-4261-a648-a3952e5067dd,3b0186c0-e49a-449e-9dab-30e223fa36c3,f51792f4-cde1-4df4-85a5-f70b874d79a6,2026-06-24 14:53:13.938411,t
2e398c5a-c9c5-413a-80ec-228af874f7dd,c5dbd366-b09a-4b7e-a3c8-317516e7ab62,f51792f4-cde1-4df4-85a5-f70b874d79a6,2026-06-25 23:39:23.962578,f
