id,tenant_domain,market_id,user_id,action,entity_type,entity_id,status,message,details,created_at
b522c878-66ff-4e0a-81fb-527de5647c59,synozur.com,,116500d0-357e-4ace-a7af-7264ed58e22a,social_oauth_connect,social_account,28e07d5b-fd3f-4ac7-b0d1-32aa0c3055c4,error,"LinkedIn userinfo failed: 403 {""status"":403,""serviceErrorCode"":100,""code"":""ACCESS_DENIED"",""message"":""Not enough permissions to access: userinfo.GET.NO_VERSION""}",,2026-06-22 17:56:05.891719
980cc96a-9116-47ce-9f5c-4bf54f664404,synozur.com,,116500d0-357e-4ace-a7af-7264ed58e22a,social_oauth_connect,social_account,28e07d5b-fd3f-4ac7-b0d1-32aa0c3055c4,ok,Connected linkedin,"{""authorUrn"": ""urn:li:organization:91099089""}",2026-06-22 18:39:25.839198
4a79cd4f-52e0-4734-9da4-f677a16d5e95,synozur.com,,,social_publish,generated_post,f2a63065-1908-4aa2-bc61-80b8e3021f9e,warning,LinkedIn MCP publish failed: MCP error,"{""attempt"": 1, ""platform"": ""linkedin"", ""retrying"": true, ""errorCode"": ""mcp_error"", ""maxAttempts"": 5}",2026-06-22 18:39:50.191045
edf6b54a-5d13-4926-8efa-577ef693116a,synozur.com,137db123-4906-4e61-af99-f0d23d86a622,116500d0-357e-4ace-a7af-7264ed58e22a,social_publish,generated_post,f2a63065-1908-4aa2-bc61-80b8e3021f9e,ok,Manually published to linkedin,"{""url"": ""https://www.linkedin.com/feed/update/urn%3Ali%3Ashare%3A7474914410789007360/"", ""accountId"": ""28e07d5b-fd3f-4ac7-b0d1-32aa0c3055c4""}",2026-06-22 20:01:13.221431
174f996b-98d0-4afd-8616-3ff30081c8cb,synozur.com,137db123-4906-4e61-af99-f0d23d86a622,116500d0-357e-4ace-a7af-7264ed58e22a,social_publish,generated_post,04c50b70-e77d-40ea-a9c7-14d5b8db4def,ok,Manually published to linkedin,"{""url"": ""https://www.linkedin.com/feed/update/urn%3Ali%3Ashare%3A7474967062545715201/"", ""accountId"": ""28e07d5b-fd3f-4ac7-b0d1-32aa0c3055c4""}",2026-06-22 23:30:26.233955
f0d5b3c8-0495-41ad-91e9-359cd851e342,synozur.com,,,social_publish,generated_post,23ee1d69-66a0-42c5-92df-9e812b74d433,warning,com.linkedin.content.common.exception.BadRequestResponseException: One or more of the contents is not owned by the author. All contents must be owned by the author,"{""attempt"": 1, ""platform"": ""linkedin"", ""retrying"": true, ""errorCode"": ""http_400"", ""maxAttempts"": 5}",2026-06-23 00:40:18.439065
ee9352be-71b8-472b-a4ee-cca2ce73b397,synozur.com,137db123-4906-4e61-af99-f0d23d86a622,116500d0-357e-4ace-a7af-7264ed58e22a,social_publish,generated_post,23ee1d69-66a0-42c5-92df-9e812b74d433,ok,Manually published to linkedin,"{""url"": ""https://www.linkedin.com/feed/update/urn%3Ali%3AugcPost%3A7475004694747287552/"", ""accountId"": ""28e07d5b-fd3f-4ac7-b0d1-32aa0c3055c4""}",2026-06-23 01:59:58.41692
80ac9f52-7497-4bf6-8238-1efa4a0ae2d1,synozur.com,,,social_publish,generated_post,fc0dc8e2-0d80-441a-a955-24fc0fff9163,warning,Carousel PDF failed to upload to LinkedIn — check that the slide image URLs are reachable.,"{""attempt"": 1, ""platform"": ""linkedin"", ""retrying"": true, ""errorCode"": ""carousel_upload_failed"", ""maxAttempts"": 5}",2026-06-23 04:16:05.792398
0b7eb6b7-23dc-45a4-bdb9-ee132bee17cb,synozur.com,,,social_publish,generated_post,fc0dc8e2-0d80-441a-a955-24fc0fff9163,warning,Carousel PDF failed to upload to LinkedIn — check that the slide image URLs are reachable.,"{""attempt"": 2, ""platform"": ""linkedin"", ""retrying"": true, ""errorCode"": ""carousel_upload_failed"", ""maxAttempts"": 5}",2026-06-23 07:24:08.714808
40b07db8-ca88-43cf-97a0-b14bcf48e250,synozur.com,137db123-4906-4e61-af99-f0d23d86a622,116500d0-357e-4ace-a7af-7264ed58e22a,social_publish,generated_post,837bd729-5fe9-4893-b086-91f55acd6448,ok,Manually published to linkedin,"{""url"": ""https://www.linkedin.com/feed/update/urn%3Ali%3AugcPost%3A7475146255338270721/"", ""accountId"": ""28e07d5b-fd3f-4ac7-b0d1-32aa0c3055c4""}",2026-06-23 11:22:29.14012
2d13af7e-23d7-4810-b30f-705c1f6c9c04,synozur.com,137db123-4906-4e61-af99-f0d23d86a622,116500d0-357e-4ace-a7af-7264ed58e22a,social_publish,generated_post,998fee5a-7ffd-42c6-a1d7-16a5893bc523,ok,Manually published to linkedin,"{""url"": ""https://www.linkedin.com/feed/update/urn%3Ali%3Ashare%3A7475567765961994240/"", ""accountId"": ""28e07d5b-fd3f-4ac7-b0d1-32aa0c3055c4""}",2026-06-24 15:17:25.716495
edae925a-6dff-4605-9705-c7817b237fe9,synozur.com,,116500d0-357e-4ace-a7af-7264ed58e22a,social_oauth_connect,social_account,f7e9fed0-4ed0-467e-ac02-bf140adae7ed,error,"Twitter token exchange failed: 401 {""error"":""unauthorized_client"",""error_description"":""Missing valid authorization header""}",,2026-06-25 18:20:58.842133
85854ca5-69c4-4c17-bdf7-b191f1417a84,synozur.com,,116500d0-357e-4ace-a7af-7264ed58e22a,social_oauth_connect,social_account,f7e9fed0-4ed0-467e-ac02-bf140adae7ed,error,"Twitter token exchange failed: 401 {""error"":""unauthorized_client"",""error_description"":""Missing valid authorization header""}",,2026-06-25 18:30:39.904996
0e825909-7137-4f41-ac99-1337c9dc3d3a,synozur.com,,116500d0-357e-4ace-a7af-7264ed58e22a,social_oauth_connect,social_account,f7e9fed0-4ed0-467e-ac02-bf140adae7ed,ok,Connected twitter,"{""authorUrn"": ""urn:twitter:user:1636172250113007616""}",2026-06-25 18:32:02.243055
e5970b15-ad67-44ba-a849-29bc4256583e,synozur.com,,,social_publish,generated_post,8ac77a0c-8bbe-4164-a9e4-4626f9a3a0ca,warning,Your enrolled account [2070202344629809152] does not have any credits to fulfill this request.,"{""attempt"": 1, ""platform"": ""twitter"", ""retrying"": true, ""errorCode"": ""credits"", ""maxAttempts"": 5}",2026-06-25 18:33:49.532879
09e4eb2d-85fd-40da-be1c-b35ec53fb795,synozur.com,137db123-4906-4e61-af99-f0d23d86a622,116500d0-357e-4ace-a7af-7264ed58e22a,social_publish,generated_post,ea6ca994-0535-4d73-8fb4-0edba7e132f4,ok,Manually published to twitter,"{""url"": ""https://twitter.com/synozur/status/2070216454155227367"", ""accountId"": ""f7e9fed0-4ed0-467e-ac02-bf140adae7ed""}",2026-06-25 18:44:00.268699
058e700a-8066-49a2-ac6e-f1eb4f029615,chrismcnulty.net,,cfb63c72-81e0-44ff-9c96-7d6632a72dde,social_oauth_connect,social_account,bcdda8b5-d6ec-4509-8ffd-08e613167463,ok,Connected twitter,"{""authorUrn"": ""urn:twitter:user:15875944""}",2026-06-25 18:48:01.082579
33d28149-1cd5-4d0b-a079-db9bf394fa3a,chrismcnulty.net,08610095-ef99-4205-b5ae-13264021a471,cfb63c72-81e0-44ff-9c96-7d6632a72dde,social_publish,generated_post,0ca5748a-13cd-48e3-bc69-2961a7074fa5,ok,Manually published to twitter,"{""url"": ""https://twitter.com/cmcnulty2000/status/2070217762543198689"", ""accountId"": ""bcdda8b5-d6ec-4509-8ffd-08e613167463""}",2026-06-25 18:49:12.22206
2c46df64-05b3-4353-98e4-acdeeadb0bb9,synozur.com,137db123-4906-4e61-af99-f0d23d86a622,,social_publish,generated_post,939c0e51-535a-4949-91b8-5a930c54df62,ok,Published to linkedin,"{""url"": ""https://www.linkedin.com/feed/update/urn%3Ali%3Ashare%3A7476433645856038913/"", ""accountId"": ""28e07d5b-fd3f-4ac7-b0d1-32aa0c3055c4""}",2026-06-27 00:38:08.270084
22b27360-b10e-4af7-895f-f1d9c3876e92,synozur.com,137db123-4906-4e61-af99-f0d23d86a622,,social_publish,generated_post,d4e87ca7-a9c4-4475-98cd-ee1096183ebb,ok,Published to linkedin,"{""url"": ""https://www.linkedin.com/feed/update/urn%3Ali%3Ashare%3A7476433726290280448/"", ""accountId"": ""28e07d5b-fd3f-4ac7-b0d1-32aa0c3055c4""}",2026-06-27 00:38:27.470317
be71e25a-dac8-4a7e-891e-faea88c996a8,synozur.com,137db123-4906-4e61-af99-f0d23d86a622,,social_publish,generated_post,ed6f4607-f688-4655-9ad7-412dc7f537ea,ok,Published to linkedin,"{""url"": ""https://www.linkedin.com/feed/update/urn%3Ali%3Ashare%3A7476433834595483648/"", ""accountId"": ""28e07d5b-fd3f-4ac7-b0d1-32aa0c3055c4""}",2026-06-27 00:38:52.970249
de1177b9-0360-4f3f-9beb-6f0bd51f94c9,synozur.com,137db123-4906-4e61-af99-f0d23d86a622,,social_publish,generated_post,802e2b0b-1d86-4197-9578-f4c3ae30652e,ok,Published to twitter,"{""url"": ""https://twitter.com/synozur/status/2070903412523171979"", ""accountId"": ""f7e9fed0-4ed0-467e-ac02-bf140adae7ed""}",2026-06-27 16:13:44.910269
86c10fff-8369-40ec-ba73-7bd9e423c830,synozur.com,,,social_publish,generated_post,f09c544c-b3ad-42f6-bc8c-c22af736dc9b,warning,"Twitter token refresh failed: Twitter token refresh failed: 400 {""error"":""invalid_request"",""error_description"":""Value passed for the token was invalid.""}","{""attempt"": 1, ""platform"": ""twitter"", ""retrying"": true, ""errorCode"": ""token_refresh_failed"", ""maxAttempts"": 5}",2026-06-27 16:13:45.236115
323de2b6-8475-4d29-9eca-b2a59a6d2657,synozur.com,,,social_publish,generated_post,a2285446-07e2-42bf-a3c0-dc15d3ab3af3,warning,"Twitter token refresh failed: Twitter token refresh failed: 400 {""error"":""invalid_request"",""error_description"":""Value passed for the token was invalid.""}","{""attempt"": 1, ""platform"": ""twitter"", ""retrying"": true, ""errorCode"": ""token_refresh_failed"", ""maxAttempts"": 5}",2026-06-27 16:13:45.736237
06d99493-d330-4881-a129-97a72e922fe8,synozur.com,,,social_publish,generated_post,0ee2242f-c8c6-48c4-ba7a-0a781a2b8d36,warning,"Twitter token refresh failed: Twitter token refresh failed: 400 {""error"":""invalid_request"",""error_description"":""Value passed for the token was invalid.""}","{""attempt"": 1, ""platform"": ""twitter"", ""retrying"": true, ""errorCode"": ""token_refresh_failed"", ""maxAttempts"": 5}",2026-06-27 16:13:46.05497
99996fbf-71c3-4bd3-b7f7-d72440e6d861,synozur.com,,,social_publish,generated_post,8dd664d1-5e24-493a-b054-181e2ad3f540,warning,"Twitter token refresh failed: Twitter token refresh failed: 400 {""error"":""invalid_request"",""error_description"":""Value passed for the token was invalid.""}","{""attempt"": 1, ""platform"": ""twitter"", ""retrying"": true, ""errorCode"": ""token_refresh_failed"", ""maxAttempts"": 5}",2026-06-27 16:13:48.941317
8d286c73-559c-40fb-9e87-4390178a6511,synozur.com,,,social_publish,generated_post,75612a29-d6ce-4bae-8b8f-55421526e576,warning,"Twitter token refresh failed: Twitter token refresh failed: 400 {""error"":""invalid_request"",""error_description"":""Value passed for the token was invalid.""}","{""attempt"": 1, ""platform"": ""twitter"", ""retrying"": true, ""errorCode"": ""token_refresh_failed"", ""maxAttempts"": 5}",2026-06-27 16:13:49.210381
8ce04ff7-214d-4127-a2bd-6452777aad96,synozur.com,,,social_publish,generated_post,f3565a5c-afda-4d70-b3b1-1b2b0410be3a,warning,"Twitter token refresh failed: Twitter token refresh failed: 400 {""error"":""invalid_request"",""error_description"":""Value passed for the token was invalid.""}","{""attempt"": 1, ""platform"": ""twitter"", ""retrying"": true, ""errorCode"": ""token_refresh_failed"", ""maxAttempts"": 5}",2026-06-27 16:13:49.447313
5518b5d6-2114-4c86-9894-82937d686a22,synozur.com,,,social_publish,generated_post,c32c15c2-c6ba-4b8c-8a34-93098cabc7dc,warning,"Twitter token refresh failed: Twitter token refresh failed: 400 {""error"":""invalid_request"",""error_description"":""Value passed for the token was invalid.""}","{""attempt"": 1, ""platform"": ""twitter"", ""retrying"": true, ""errorCode"": ""token_refresh_failed"", ""maxAttempts"": 5}",2026-06-27 16:13:54.534047
ae23c8c0-b8fc-4651-b21d-983aca9f6141,synozur.com,,,social_publish,generated_post,93a8707c-ea23-4076-80f4-f1c0800d0441,warning,"Twitter token refresh failed: Twitter token refresh failed: 400 {""error"":""invalid_request"",""error_description"":""Value passed for the token was invalid.""}","{""attempt"": 1, ""platform"": ""twitter"", ""retrying"": true, ""errorCode"": ""token_refresh_failed"", ""maxAttempts"": 5}",2026-06-27 16:13:54.773395
0e0c0e9e-924a-4a22-86f4-2e1000744062,synozur.com,,,social_publish,generated_post,dbe10679-a394-4eeb-8a8a-c469c75b85e5,warning,"Twitter token refresh failed: Twitter token refresh failed: 400 {""error"":""invalid_request"",""error_description"":""Value passed for the token was invalid.""}","{""attempt"": 1, ""platform"": ""twitter"", ""retrying"": true, ""errorCode"": ""token_refresh_failed"", ""maxAttempts"": 5}",2026-06-27 16:14:00.695795
205b2d90-a988-494f-8af5-78c0863ac383,synozur.com,,,social_publish,generated_post,fe8e8e1a-be26-4170-bd3c-bbb60b94f6b3,warning,"Twitter token refresh failed: Twitter token refresh failed: 400 {""error"":""invalid_request"",""error_description"":""Value passed for the token was invalid.""}","{""attempt"": 1, ""platform"": ""twitter"", ""retrying"": true, ""errorCode"": ""token_refresh_failed"", ""maxAttempts"": 5}",2026-06-27 16:14:00.988015
0d78587b-16e6-4614-baf2-30552d6341be,synozur.com,,,social_publish,generated_post,193a3dfc-8432-439e-8d19-ab16b2bbb558,warning,"Twitter token refresh failed: Twitter token refresh failed: 400 {""error"":""invalid_request"",""error_description"":""Value passed for the token was invalid.""}","{""attempt"": 1, ""platform"": ""twitter"", ""retrying"": true, ""errorCode"": ""token_refresh_failed"", ""maxAttempts"": 5}",2026-06-27 16:14:01.326979
b2e9dafb-c6ca-4923-95f7-4ef4ec8e277a,synozur.com,,,social_publish,generated_post,c0f93ecc-d46f-4b60-8e4e-15e854124f53,warning,"Twitter token refresh failed: Twitter token refresh failed: 400 {""error"":""invalid_request"",""error_description"":""Value passed for the token was invalid.""}","{""attempt"": 1, ""platform"": ""twitter"", ""retrying"": true, ""errorCode"": ""token_refresh_failed"", ""maxAttempts"": 5}",2026-06-27 16:14:01.550399
3d0f26a4-58e6-4c40-88e8-95e0d45e24d0,synozur.com,,,social_publish,generated_post,b381a9ef-124c-488e-89fb-7a893faeb006,warning,"Twitter token refresh failed: Twitter token refresh failed: 400 {""error"":""invalid_request"",""error_description"":""Value passed for the token was invalid.""}","{""attempt"": 1, ""platform"": ""twitter"", ""retrying"": true, ""errorCode"": ""token_refresh_failed"", ""maxAttempts"": 5}",2026-06-27 16:14:01.788271
5c298f1a-27cc-4f40-9a63-62f5fed8a63a,synozur.com,,,social_publish,generated_post,9952ddfd-4e65-4ad5-bcf7-d71cb6055943,warning,"Twitter token refresh failed: Twitter token refresh failed: 400 {""error"":""invalid_request"",""error_description"":""Value passed for the token was invalid.""}","{""attempt"": 1, ""platform"": ""twitter"", ""retrying"": true, ""errorCode"": ""token_refresh_failed"", ""maxAttempts"": 5}",2026-06-27 16:14:02.02797
7ba22337-2c7b-4122-9f6c-096b0c1c7bac,synozur.com,137db123-4906-4e61-af99-f0d23d86a622,116500d0-357e-4ace-a7af-7264ed58e22a,social_publish,generated_post,8ac77a0c-8bbe-4164-a9e4-4626f9a3a0ca,ok,Manually published to twitter,"{""url"": ""https://twitter.com/synozur/status/2070903489287385472"", ""accountId"": ""f7e9fed0-4ed0-467e-ac02-bf140adae7ed""}",2026-06-27 16:14:02.242136
fa7ceacc-776f-4f16-8fde-f747c32cbfb1,synozur.com,,,social_publish,generated_post,5b72aadb-0c21-4c14-8f27-a9a7039a6c3c,warning,"Twitter token refresh failed: Twitter token refresh failed: 400 {""error"":""invalid_request"",""error_description"":""Value passed for the token was invalid.""}","{""attempt"": 1, ""platform"": ""twitter"", ""retrying"": true, ""errorCode"": ""token_refresh_failed"", ""maxAttempts"": 5}",2026-06-27 16:14:02.264046
ca040e1f-ad92-42ea-9b7e-daaf3826a87b,synozur.com,137db123-4906-4e61-af99-f0d23d86a622,,social_publish,generated_post,2b237ddd-0f61-426e-8218-b49a7ca7c6cd,ok,Published to linkedin,"{""url"": ""https://www.linkedin.com/feed/update/urn%3Ali%3Ashare%3A7476680590780489728/"", ""accountId"": ""28e07d5b-fd3f-4ac7-b0d1-32aa0c3055c4""}",2026-06-27 16:59:23.657442
2064c489-2ad1-4979-8a8c-b0adf1bf3914,synozur.com,,,social_publish,generated_post,98bb93f5-304d-4483-9efd-ae88a1ffe772,warning,"Twitter token refresh failed: Twitter token refresh failed: 400 {""error"":""invalid_request"",""error_description"":""Value passed for the token was invalid.""}","{""attempt"": 1, ""platform"": ""twitter"", ""retrying"": true, ""errorCode"": ""token_refresh_failed"", ""maxAttempts"": 5}",2026-06-27 16:14:02.559799
ffcf6c77-e58e-4c73-8788-307d8d03bb46,synozur.com,,,social_publish,generated_post,b86246e5-9b1e-45e5-8a7f-de42d15ce64b,warning,"Twitter token refresh failed: Twitter token refresh failed: 400 {""error"":""invalid_request"",""error_description"":""Value passed for the token was invalid.""}","{""attempt"": 1, ""platform"": ""twitter"", ""retrying"": true, ""errorCode"": ""token_refresh_failed"", ""maxAttempts"": 5}",2026-06-27 16:14:02.784919
2a4d9f32-208d-4326-956f-f3f60701a349,synozur.com,,,social_publish,generated_post,43eb892a-abb9-41ae-9490-7efc90f9f3a7,warning,"Twitter token refresh failed: Twitter token refresh failed: 400 {""error"":""invalid_request"",""error_description"":""Value passed for the token was invalid.""}","{""attempt"": 1, ""platform"": ""twitter"", ""retrying"": true, ""errorCode"": ""token_refresh_failed"", ""maxAttempts"": 5}",2026-06-27 16:14:03.017381
003e4d23-825c-420f-ba01-99370886028d,synozur.com,,,social_publish,generated_post,e29e6246-d440-4fa0-b288-10359e10d28a,warning,"Twitter token refresh failed: Twitter token refresh failed: 400 {""error"":""invalid_request"",""error_description"":""Value passed for the token was invalid.""}","{""attempt"": 1, ""platform"": ""twitter"", ""retrying"": true, ""errorCode"": ""token_refresh_failed"", ""maxAttempts"": 5}",2026-06-27 16:14:06.524007
c85ad113-65ed-44b7-8d4c-5a6607d57005,synozur.com,,,social_publish,generated_post,f24510e9-f38e-4c44-b1f3-fe02a13355c5,warning,"Twitter token refresh failed: Twitter token refresh failed: 400 {""error"":""invalid_request"",""error_description"":""Value passed for the token was invalid.""}","{""attempt"": 1, ""platform"": ""twitter"", ""retrying"": true, ""errorCode"": ""token_refresh_failed"", ""maxAttempts"": 5}",2026-06-27 16:14:12.753434
6b95d38b-693b-4b34-995d-182aabd5f49f,synozur.com,,,social_publish,generated_post,1ce5dd40-948d-4371-83d2-ddcc34c8cdfa,warning,"Twitter token refresh failed: Twitter token refresh failed: 400 {""error"":""invalid_request"",""error_description"":""Value passed for the token was invalid.""}","{""attempt"": 1, ""platform"": ""twitter"", ""retrying"": true, ""errorCode"": ""token_refresh_failed"", ""maxAttempts"": 5}",2026-06-27 16:14:03.255953
09ea4cbb-5328-4638-bcf9-043177698a00,synozur.com,,,social_publish,generated_post,5f8a3b3a-1c53-48e8-952a-ec904ac5f9aa,warning,"Twitter token refresh failed: Twitter token refresh failed: 400 {""error"":""invalid_request"",""error_description"":""Value passed for the token was invalid.""}","{""attempt"": 1, ""platform"": ""twitter"", ""retrying"": true, ""errorCode"": ""token_refresh_failed"", ""maxAttempts"": 5}",2026-06-27 16:14:04.021779
e8b12efd-3419-416e-bc77-8be7fa30f84b,synozur.com,,,social_publish,generated_post,066e322a-12f0-4eb5-ad05-97306e1aca14,warning,"Twitter token refresh failed: Twitter token refresh failed: 400 {""error"":""invalid_request"",""error_description"":""Value passed for the token was invalid.""}","{""attempt"": 1, ""platform"": ""twitter"", ""retrying"": true, ""errorCode"": ""token_refresh_failed"", ""maxAttempts"": 5}",2026-06-27 16:14:06.762044
3a2a10aa-4523-473b-b9ab-ae36f99aa0a1,synozur.com,,,social_publish,generated_post,1e4d2f59-d5d4-4efc-b1be-336404fabe52,warning,"Twitter token refresh failed: Twitter token refresh failed: 400 {""error"":""invalid_request"",""error_description"":""Value passed for the token was invalid.""}","{""attempt"": 1, ""platform"": ""twitter"", ""retrying"": true, ""errorCode"": ""token_refresh_failed"", ""maxAttempts"": 5}",2026-06-27 16:14:07.624398
201f729b-8278-440c-93fe-50671e19a9f2,synozur.com,137db123-4906-4e61-af99-f0d23d86a622,,social_publish,generated_post,a88aa852-5743-43b7-b58a-d4106804f6f1,ok,Published to linkedin,"{""url"": ""https://www.linkedin.com/feed/update/urn%3Ali%3Ashare%3A7476669833535950848/"", ""accountId"": ""28e07d5b-fd3f-4ac7-b0d1-32aa0c3055c4""}",2026-06-27 16:16:47.024248
3b10e764-4d23-4b1b-b602-cacc1ee65bf1,synozur.com,137db123-4906-4e61-af99-f0d23d86a622,,social_publish,generated_post,04e8cbf5-c380-4938-bc11-70d9dd09165b,ok,Published to linkedin,"{""url"": ""https://www.linkedin.com/feed/update/urn%3Ali%3Ashare%3A7476669902519730176/"", ""accountId"": ""28e07d5b-fd3f-4ac7-b0d1-32aa0c3055c4""}",2026-06-27 16:16:59.321285
202fb8ea-f704-4491-903b-2773d0e89756,synozur.com,137db123-4906-4e61-af99-f0d23d86a622,,social_publish,generated_post,8b9606df-fab5-405e-906a-1caa790a558c,ok,Published to linkedin,"{""url"": ""https://www.linkedin.com/feed/update/urn%3Ali%3Ashare%3A7476669927886843904/"", ""accountId"": ""28e07d5b-fd3f-4ac7-b0d1-32aa0c3055c4""}",2026-06-27 16:17:05.422394
f0b8e9c5-4b34-49a9-87af-be37bf3e8e81,synozur.com,137db123-4906-4e61-af99-f0d23d86a622,,social_publish,generated_post,d87f9ec5-4af2-4f54-b002-2ca629a57425,ok,Published to linkedin,"{""url"": ""https://www.linkedin.com/feed/update/urn%3Ali%3Ashare%3A7476669950984867840/"", ""accountId"": ""28e07d5b-fd3f-4ac7-b0d1-32aa0c3055c4""}",2026-06-27 16:17:12.52165
7e68d645-0b88-4f4a-a477-5476426b41c8,synozur.com,,,social_publish,generated_post,a1c4d4cd-f1fa-4ea2-9e3d-c7d08205f1d3,warning,com.linkedin.content.common.exception.BadRequestResponseException: Content is a duplicate of urn:li:share:7476669980382728194,"{""attempt"": 1, ""platform"": ""linkedin"", ""retrying"": true, ""errorCode"": ""http_422"", ""maxAttempts"": 5}",2026-06-27 16:17:48.125383
706c485f-c7fb-47b4-b071-1d46c26cc6bb,synozur.com,137db123-4906-4e61-af99-f0d23d86a622,,social_publish,generated_post,f25871f0-e1b1-4576-bd06-c6b882af86d6,ok,Published to linkedin,"{""url"": ""https://www.linkedin.com/feed/update/urn%3Ali%3Ashare%3A7476670184590573568/"", ""accountId"": ""28e07d5b-fd3f-4ac7-b0d1-32aa0c3055c4""}",2026-06-27 16:18:18.724285
c9dc5bcc-05ca-47f5-abbd-9973b72a9a04,synozur.com,,,social_publish,generated_post,7cb90d8b-5d88-470f-b629-2f59ac419657,warning,com.linkedin.content.common.exception.BadRequestResponseException: Content is a duplicate of urn:li:share:7476670345643487232,"{""attempt"": 1, ""platform"": ""linkedin"", ""retrying"": true, ""errorCode"": ""http_422"", ""maxAttempts"": 5}",2026-06-27 16:18:46.510901
922f13c5-728e-4e20-9b30-9a8931bc5685,synozur.com,,,social_publish,generated_post,6b98e9bf-5abd-4acd-83ad-153f92248d88,warning,com.linkedin.content.common.exception.BadRequestResponseException: Content is a duplicate of urn:li:share:7476670375007842304,"{""attempt"": 1, ""platform"": ""linkedin"", ""retrying"": true, ""errorCode"": ""http_422"", ""maxAttempts"": 5}",2026-06-27 16:18:53.621913
2b47edb9-1b5c-4184-8943-67676d3164c8,synozur.com,,,social_publish,generated_post,c7faebbf-c676-4bef-84c7-1b40c45a88ca,warning,com.linkedin.content.common.exception.BadRequestResponseException: Content is a duplicate of urn:li:share:7476670425834340352,"{""attempt"": 1, ""platform"": ""linkedin"", ""retrying"": true, ""errorCode"": ""http_422"", ""maxAttempts"": 5}",2026-06-27 16:19:03.421328
cf82598d-6943-4e15-a085-02b94a0651cf,synozur.com,137db123-4906-4e61-af99-f0d23d86a622,,social_publish,generated_post,a0fae640-f357-4814-ab00-dcc6fa112c46,ok,Published to linkedin,"{""url"": ""https://www.linkedin.com/feed/update/urn%3Ali%3Ashare%3A7476670447045005312/"", ""accountId"": ""28e07d5b-fd3f-4ac7-b0d1-32aa0c3055c4""}",2026-06-27 16:19:10.622217
758c81d0-6666-4c1c-97aa-c180c6effff3,synozur.com,,,social_publish,generated_post,13865564-2699-4e49-8716-b49d9279c7a5,warning,com.linkedin.content.common.exception.BadRequestResponseException: Content is a duplicate of urn:li:share:7476670482193358848,"{""attempt"": 1, ""platform"": ""linkedin"", ""retrying"": true, ""errorCode"": ""http_422"", ""maxAttempts"": 5}",2026-06-27 16:19:23.021866
2aa33f5a-5f10-424a-a469-ef834663d6f7,synozur.com,,,social_publish,generated_post,0a4903d3-0f1e-48ae-8b26-2d74f4104a07,warning,com.linkedin.content.common.exception.BadRequestResponseException: Content is a duplicate of urn:li:share:7476670582177021953,"{""attempt"": 1, ""platform"": ""linkedin"", ""retrying"": true, ""errorCode"": ""http_422"", ""maxAttempts"": 5}",2026-06-27 16:19:52.021376
bbdf18eb-7467-4ba4-b803-bc497962bd2f,synozur.com,137db123-4906-4e61-af99-f0d23d86a622,,social_publish,generated_post,6b98e9bf-5abd-4acd-83ad-153f92248d88,ok,Published to linkedin,"{""url"": ""https://www.linkedin.com/feed/update/urn%3Ali%3Ashare%3A7476678952007200768/"", ""accountId"": ""28e07d5b-fd3f-4ac7-b0d1-32aa0c3055c4""}",2026-06-27 16:52:57.448845
645835c1-fd99-43ef-8664-6b9712ee23ed,synozur.com,,,social_publish,generated_post,c7faebbf-c676-4bef-84c7-1b40c45a88ca,warning,com.linkedin.content.common.exception.BadRequestResponseException: Content is a duplicate of urn:li:share:7476678975231000576,"{""attempt"": 2, ""platform"": ""linkedin"", ""retrying"": true, ""errorCode"": ""http_422"", ""maxAttempts"": 5}",2026-06-27 16:53:15.523148
96bd92ad-8513-4169-94f6-dacff6b3bc7c,synozur.com,,,social_publish,generated_post,13865564-2699-4e49-8716-b49d9279c7a5,warning,Connection terminated due to connection timeout,"{""attempt"": 2, ""platform"": ""linkedin"", ""retrying"": true, ""errorCode"": ""exception"", ""maxAttempts"": 5}",2026-06-27 16:58:56.124977
49541e2b-38fb-47df-9b04-5f6675a9b686,synozur.com,,,social_publish,generated_post,0a4903d3-0f1e-48ae-8b26-2d74f4104a07,warning,com.linkedin.content.common.exception.BadRequestResponseException: Content is a duplicate of urn:li:share:7476680515622817792,"{""attempt"": 2, ""platform"": ""linkedin"", ""retrying"": true, ""errorCode"": ""http_422"", ""maxAttempts"": 5}",2026-06-27 16:59:08.67135
317565a0-8f6b-43d4-b1a7-0792c15f7488,synozur.com,137db123-4906-4e61-af99-f0d23d86a622,,social_publish,generated_post,a1c4d4cd-f1fa-4ea2-9e3d-c7d08205f1d3,ok,Published to linkedin,"{""url"": ""https://www.linkedin.com/feed/update/urn%3Ali%3Ashare%3A7476680531854786560/"", ""accountId"": ""28e07d5b-fd3f-4ac7-b0d1-32aa0c3055c4""}",2026-06-27 16:59:09.624069
72d5670a-93bc-459b-9e5a-9829e52e2c40,synozur.com,137db123-4906-4e61-af99-f0d23d86a622,,social_publish,generated_post,7cb90d8b-5d88-470f-b629-2f59ac419657,ok,Published to linkedin,"{""url"": ""https://www.linkedin.com/feed/update/urn%3Ali%3Ashare%3A7476680537357701120/"", ""accountId"": ""28e07d5b-fd3f-4ac7-b0d1-32aa0c3055c4""}",2026-06-27 16:59:10.947692
7c4f3782-2bc2-4dae-8139-9f02b9d369d7,synozur.com,,,social_publish,generated_post,20d39374-e5a4-4b6a-a937-d46b907d7eb6,warning,com.linkedin.content.common.exception.BadRequestResponseException: Content is a duplicate of urn:li:share:7476680541417779200,"{""attempt"": 1, ""platform"": ""linkedin"", ""retrying"": true, ""errorCode"": ""http_422"", ""maxAttempts"": 5}",2026-06-27 16:59:11.297211
3d6dece8-cb66-4b2a-9a4e-cfa16e7962ab,synozur.com,,,social_publish,generated_post,78317c9b-cd7c-40f9-aac7-2495b2a112c0,warning,com.linkedin.content.common.exception.BadRequestResponseException: Content is a duplicate of urn:li:share:7476680547868770304,"{""attempt"": 1, ""platform"": ""linkedin"", ""retrying"": true, ""errorCode"": ""http_422"", ""maxAttempts"": 5}",2026-06-27 16:59:12.863641
6227859e-d63a-4cc2-819f-691d0e4f8a68,synozur.com,,,social_publish,generated_post,59c3867f-d80a-4a65-bca6-2df8604daecc,warning,com.linkedin.content.common.exception.BadRequestResponseException: Content is a duplicate of urn:li:share:7476680549479354368,"{""attempt"": 1, ""platform"": ""linkedin"", ""retrying"": true, ""errorCode"": ""http_422"", ""maxAttempts"": 5}",2026-06-27 16:59:13.250732
bb1b9cb7-72bd-4836-b6f4-f3d392a47d13,synozur.com,,,social_publish,generated_post,37941777-f1be-4ee6-8ab7-a14159c2ad1b,warning,com.linkedin.content.common.exception.BadRequestResponseException: Content is a duplicate of urn:li:share:7476680551429767168,"{""attempt"": 1, ""platform"": ""linkedin"", ""retrying"": true, ""errorCode"": ""http_422"", ""maxAttempts"": 5}",2026-06-27 16:59:13.939563
9dd80831-0965-47d1-8f52-47c613243569,synozur.com,,,social_publish,generated_post,3e38f501-bb41-42b4-b458-9bb64687390e,warning,com.linkedin.content.common.exception.BadRequestResponseException: Content is a duplicate of urn:li:share:7476680554386706432,"{""attempt"": 1, ""platform"": ""linkedin"", ""retrying"": true, ""errorCode"": ""http_422"", ""maxAttempts"": 5}",2026-06-27 16:59:14.402032
03fc8b7d-b608-42e1-8273-b4da2313555c,synozur.com,,,social_publish,generated_post,67937e53-b916-46c1-8878-f59b398bfe3d,warning,com.linkedin.content.common.exception.BadRequestResponseException: Content is a duplicate of urn:li:share:7476680556269682688,"{""attempt"": 1, ""platform"": ""linkedin"", ""retrying"": true, ""errorCode"": ""http_422"", ""maxAttempts"": 5}",2026-06-27 16:59:14.924307
c0ef65bb-ce6f-47ad-8fa5-c1546508e6c8,synozur.com,,,social_publish,generated_post,434a1a83-ab5f-4d70-8ea2-9f423318ef63,warning,com.linkedin.content.common.exception.BadRequestResponseException: Content is a duplicate of urn:li:share:7476680558081777665,"{""attempt"": 1, ""platform"": ""linkedin"", ""retrying"": true, ""errorCode"": ""http_422"", ""maxAttempts"": 5}",2026-06-27 16:59:15.257967
9b73af11-3561-4cfa-85fc-16b313c1d287,synozur.com,,,social_publish,generated_post,2bc0112f-c3a7-4b67-8e29-b8dcea3d31d8,warning,com.linkedin.content.common.exception.BadRequestResponseException: Content is a duplicate of urn:li:share:7476680559503519744,"{""attempt"": 1, ""platform"": ""linkedin"", ""retrying"": true, ""errorCode"": ""http_422"", ""maxAttempts"": 5}",2026-06-27 16:59:15.63249
2e0c1250-e0b3-4451-8d87-9e7ee47b90bb,synozur.com,,,social_publish,generated_post,4b673507-a197-4a74-946b-7b79901f633a,warning,com.linkedin.content.common.exception.BadRequestResponseException: Content is a duplicate of urn:li:share:7476680561131008000,"{""attempt"": 1, ""platform"": ""linkedin"", ""retrying"": true, ""errorCode"": ""http_422"", ""maxAttempts"": 5}",2026-06-27 16:59:16.297789
75dc65f6-c6ce-4dd4-89f0-5b29cd7775dd,synozur.com,,,social_publish,generated_post,4dee8382-2907-4d64-909d-bfe0da18a807,warning,com.linkedin.content.common.exception.BadRequestResponseException: Content is a duplicate of urn:li:share:7476680564281069569,"{""attempt"": 1, ""platform"": ""linkedin"", ""retrying"": true, ""errorCode"": ""http_422"", ""maxAttempts"": 5}",2026-06-27 16:59:16.760553
aa997da5-3551-45a6-9690-24461d3e9243,synozur.com,,,social_publish,generated_post,76848c43-b1de-4a0b-a412-38fa0cbdcff5,warning,com.linkedin.content.common.exception.BadRequestResponseException: Content is a duplicate of urn:li:share:7476680566281633792,"{""attempt"": 1, ""platform"": ""linkedin"", ""retrying"": true, ""errorCode"": ""http_422"", ""maxAttempts"": 5}",2026-06-27 16:59:17.241671
11a21c30-a489-49b0-b10e-f1a4799fc04c,synozur.com,,,social_publish,generated_post,a41f3660-9875-4f3d-96f3-59179fc1ade8,warning,com.linkedin.content.common.exception.BadRequestResponseException: Content is a duplicate of urn:li:share:7476680567887974400,"{""attempt"": 1, ""platform"": ""linkedin"", ""retrying"": true, ""errorCode"": ""http_422"", ""maxAttempts"": 5}",2026-06-27 16:59:18.10057
ba0e41a3-f983-435b-80e4-59dc7671b92d,synozur.com,137db123-4906-4e61-af99-f0d23d86a622,,social_publish,generated_post,94615872-a077-465b-ac9b-9346cc6720e9,ok,Published to linkedin,"{""url"": ""https://www.linkedin.com/feed/update/urn%3Ali%3Ashare%3A7476680571390205952/"", ""accountId"": ""28e07d5b-fd3f-4ac7-b0d1-32aa0c3055c4""}",2026-06-27 16:59:18.61532
bdc21add-27eb-48b1-a366-0b2bbc46d19e,synozur.com,,,social_publish,generated_post,26736318-19b5-4e41-adfa-0a8bebac4e38,warning,com.linkedin.content.common.exception.BadRequestResponseException: Content is a duplicate of urn:li:share:7476680573642567681,"{""attempt"": 1, ""platform"": ""linkedin"", ""retrying"": true, ""errorCode"": ""http_422"", ""maxAttempts"": 5}",2026-06-27 16:59:18.977511
66a529f6-2552-4fe1-8c89-b2da8b7329bd,synozur.com,,,social_publish,generated_post,b7cef93a-6645-456b-bb34-4cac6fccf676,warning,com.linkedin.content.common.exception.BadRequestResponseException: Content is a duplicate of urn:li:share:7476680575513423872,"{""attempt"": 1, ""platform"": ""linkedin"", ""retrying"": true, ""errorCode"": ""http_422"", ""maxAttempts"": 5}",2026-06-27 16:59:19.44007
219ddfba-baf3-41f6-82b7-ddc86475e949,synozur.com,137db123-4906-4e61-af99-f0d23d86a622,,social_publish,generated_post,a39003e0-b85e-4724-98cd-d57e98be6063,ok,Published to linkedin,"{""url"": ""https://www.linkedin.com/feed/update/urn%3Ali%3Ashare%3A7476680577975279616/"", ""accountId"": ""28e07d5b-fd3f-4ac7-b0d1-32aa0c3055c4""}",2026-06-27 16:59:20.716782
0cf30fff-aef5-4490-9ce4-c72622ec6098,synozur.com,,,social_publish,generated_post,098370f0-2809-44c7-aa71-bb26ab18ed59,warning,com.linkedin.content.common.exception.BadRequestResponseException: Content is a duplicate of urn:li:share:7476680582735781888,"{""attempt"": 1, ""platform"": ""linkedin"", ""retrying"": true, ""errorCode"": ""http_422"", ""maxAttempts"": 5}",2026-06-27 16:59:21.149591
fc2fd528-7f2a-4148-af59-dfc6bceea65b,synozur.com,,,social_publish,generated_post,bf9d5009-e083-4a01-98c3-5cc24f09f806,warning,com.linkedin.content.common.exception.BadRequestResponseException: Content is a duplicate of urn:li:share:7476680585646694401,"{""attempt"": 1, ""platform"": ""linkedin"", ""retrying"": true, ""errorCode"": ""http_422"", ""maxAttempts"": 5}",2026-06-27 16:59:21.862197
04800ce5-45f9-4b30-8ab3-9499ae29a64e,synozur.com,,,social_publish,generated_post,947d9df0-336a-4cea-a702-e9327c1eda30,warning,com.linkedin.content.common.exception.BadRequestResponseException: Content is a duplicate of urn:li:share:7476680587185967104,"{""attempt"": 1, ""platform"": ""linkedin"", ""retrying"": true, ""errorCode"": ""http_422"", ""maxAttempts"": 5}",2026-06-27 16:59:22.222596
e9ddc8e7-9909-4ed5-afc7-54432e1d9ec8,synozur.com,,,social_publish,generated_post,524ac053-4de4-49f9-b656-9de1da74853f,warning,com.linkedin.content.common.exception.BadRequestResponseException: Content is a duplicate of urn:li:share:7476680589287280640,"{""attempt"": 1, ""platform"": ""linkedin"", ""retrying"": true, ""errorCode"": ""http_422"", ""maxAttempts"": 5}",2026-06-27 16:59:22.714157
e26bbc22-1a37-46ab-9b3e-db21f8a53431,synozur.com,,,social_publish,generated_post,c32c15c2-c6ba-4b8c-8a34-93098cabc7dc,warning,You are not allowed to create a Tweet with duplicate content.,"{""attempt"": 2, ""platform"": ""twitter"", ""retrying"": true, ""errorCode"": ""about:blank"", ""maxAttempts"": 5}",2026-06-27 17:00:30.223136
b3a5f247-0008-46a6-86c8-1dfb118c7fe6,synozur.com,137db123-4906-4e61-af99-f0d23d86a622,,social_publish,generated_post,93a8707c-ea23-4076-80f4-f1c0800d0441,ok,Published to twitter,"{""url"": ""https://twitter.com/synozur/status/2070915203022094391"", ""accountId"": ""f7e9fed0-4ed0-467e-ac02-bf140adae7ed""}",2026-06-27 17:00:40.923481
54f498fd-449d-47af-bd3f-af2fdd223462,synozur.com,,,social_publish,generated_post,fe8e8e1a-be26-4170-bd3c-bbb60b94f6b3,warning,You are not allowed to create a Tweet with duplicate content.,"{""attempt"": 2, ""platform"": ""twitter"", ""retrying"": true, ""errorCode"": ""about:blank"", ""maxAttempts"": 5}",2026-06-27 17:00:44.42333
1133a72b-8248-4472-b91d-cdbe34fc4382,synozur.com,137db123-4906-4e61-af99-f0d23d86a622,,social_publish,generated_post,5b72aadb-0c21-4c14-8f27-a9a7039a6c3c,ok,Published to twitter,"{""url"": ""https://twitter.com/synozur/status/2070915245451674023"", ""accountId"": ""f7e9fed0-4ed0-467e-ac02-bf140adae7ed""}",2026-06-27 17:00:48.425103
4426a45e-b77d-48b0-ae2c-4328590fed0b,synozur.com,137db123-4906-4e61-af99-f0d23d86a622,,social_publish,generated_post,98bb93f5-304d-4483-9efd-ae88a1ffe772,ok,Published to twitter,"{""url"": ""https://twitter.com/synozur/status/2070915262971306196"", ""accountId"": ""f7e9fed0-4ed0-467e-ac02-bf140adae7ed""}",2026-06-27 17:00:50.623416
fad71a1f-2255-4f03-9953-6575b370f02f,synozur.com,,,social_publish,generated_post,1ce5dd40-948d-4371-83d2-ddcc34c8cdfa,warning,You are not allowed to create a Tweet with duplicate content.,"{""attempt"": 2, ""platform"": ""twitter"", ""retrying"": true, ""errorCode"": ""about:blank"", ""maxAttempts"": 5}",2026-06-27 17:00:55.123853
ba19ffa9-2b30-4706-803a-15d167bc0510,synozur.com,,,social_publish,generated_post,1e4d2f59-d5d4-4efc-b1be-336404fabe52,warning,You are not allowed to create a Tweet with duplicate content.,"{""attempt"": 2, ""platform"": ""twitter"", ""retrying"": true, ""errorCode"": ""about:blank"", ""maxAttempts"": 5}",2026-06-27 17:01:01.625179
8fe60979-81a4-4f0a-9473-3ed1c1ffa7a5,synozur.com,,,social_publish,generated_post,f24510e9-f38e-4c44-b1f3-fe02a13355c5,warning,You are not allowed to create a Tweet with duplicate content.,"{""attempt"": 2, ""platform"": ""twitter"", ""retrying"": true, ""errorCode"": ""about:blank"", ""maxAttempts"": 5}",2026-06-27 17:01:37.14696
bae235b0-c3dd-4600-ae47-da34780b0591,synozur.com,,,social_publish,generated_post,f09c544c-b3ad-42f6-bc8c-c22af736dc9b,warning,You are not allowed to create a Tweet with duplicate content.,"{""attempt"": 2, ""platform"": ""twitter"", ""retrying"": true, ""errorCode"": ""about:blank"", ""maxAttempts"": 5}",2026-06-27 17:01:38.644347
c25df421-e9a5-45d8-9ce3-5548f6ae866c,synozur.com,137db123-4906-4e61-af99-f0d23d86a622,,social_publish,generated_post,a2285446-07e2-42bf-a3c0-dc15d3ab3af3,ok,Published to twitter,"{""url"": ""https://twitter.com/synozur/status/2070915471235293413"", ""accountId"": ""f7e9fed0-4ed0-467e-ac02-bf140adae7ed""}",2026-06-27 17:01:40.240017
5483dc80-cc1c-4d60-8598-90bf043aad92,synozur.com,,,social_publish,generated_post,0ee2242f-c8c6-48c4-ba7a-0a781a2b8d36,warning,You are not allowed to create a Tweet with duplicate content.,"{""attempt"": 2, ""platform"": ""twitter"", ""retrying"": true, ""errorCode"": ""about:blank"", ""maxAttempts"": 5}",2026-06-27 17:01:41.883993
8f6ec8bd-a219-48e8-a008-01e73990a51e,synozur.com,,,social_publish,generated_post,8dd664d1-5e24-493a-b054-181e2ad3f540,warning,You are not allowed to create a Tweet with duplicate content.,"{""attempt"": 2, ""platform"": ""twitter"", ""retrying"": true, ""errorCode"": ""about:blank"", ""maxAttempts"": 5}",2026-06-27 17:01:42.134907
c6c55c9b-928e-4e55-949a-326ee1f86631,synozur.com,,,social_publish,generated_post,75612a29-d6ce-4bae-8b8f-55421526e576,warning,You are not allowed to create a Tweet with duplicate content.,"{""attempt"": 2, ""platform"": ""twitter"", ""retrying"": true, ""errorCode"": ""about:blank"", ""maxAttempts"": 5}",2026-06-27 17:01:42.44962
9349879d-34ca-4634-9467-c18bc3f5346f,synozur.com,137db123-4906-4e61-af99-f0d23d86a622,,social_publish,generated_post,f3565a5c-afda-4d70-b3b1-1b2b0410be3a,ok,Published to twitter,"{""url"": ""https://twitter.com/synozur/status/2070915487177797745"", ""accountId"": ""f7e9fed0-4ed0-467e-ac02-bf140adae7ed""}",2026-06-27 17:01:42.814778
f5849ee6-ff02-40b8-bd9f-f069a4f5f8ac,synozur.com,,,social_publish,generated_post,dbe10679-a394-4eeb-8a8a-c469c75b85e5,warning,You are not allowed to create a Tweet with duplicate content.,"{""attempt"": 2, ""platform"": ""twitter"", ""retrying"": true, ""errorCode"": ""about:blank"", ""maxAttempts"": 5}",2026-06-27 17:01:43.066878
8dfc1b1f-5b87-4be5-884e-f0253349fe2e,synozur.com,,,social_publish,generated_post,193a3dfc-8432-439e-8d19-ab16b2bbb558,warning,You are not allowed to create a Tweet with duplicate content.,"{""attempt"": 2, ""platform"": ""twitter"", ""retrying"": true, ""errorCode"": ""about:blank"", ""maxAttempts"": 5}",2026-06-27 17:01:43.498426
b842a803-8bba-43da-9c39-8cd51b2a4109,synozur.com,,,social_publish,generated_post,c0f93ecc-d46f-4b60-8e4e-15e854124f53,warning,You are not allowed to create a Tweet with duplicate content.,"{""attempt"": 2, ""platform"": ""twitter"", ""retrying"": true, ""errorCode"": ""about:blank"", ""maxAttempts"": 5}",2026-06-27 17:01:43.912258
93096e3a-c538-45d8-ba0f-6d799c960dab,synozur.com,,,social_publish,generated_post,b381a9ef-124c-488e-89fb-7a893faeb006,warning,You are not allowed to create a Tweet with duplicate content.,"{""attempt"": 2, ""platform"": ""twitter"", ""retrying"": true, ""errorCode"": ""about:blank"", ""maxAttempts"": 5}",2026-06-27 17:01:46.222632
2f9b6042-a9dc-4e84-8936-be3a74b4c07c,synozur.com,,,social_publish,generated_post,9952ddfd-4e65-4ad5-bcf7-d71cb6055943,warning,You are not allowed to create a Tweet with duplicate content.,"{""attempt"": 2, ""platform"": ""twitter"", ""retrying"": true, ""errorCode"": ""about:blank"", ""maxAttempts"": 5}",2026-06-27 17:01:47.545779
ac2c3e83-36aa-461a-911e-b9ff4ea130f6,synozur.com,,,social_publish,generated_post,b86246e5-9b1e-45e5-8a7f-de42d15ce64b,warning,You are not allowed to create a Tweet with duplicate content.,"{""attempt"": 2, ""platform"": ""twitter"", ""retrying"": true, ""errorCode"": ""about:blank"", ""maxAttempts"": 5}",2026-06-27 17:01:47.824426
3d2d771e-1f59-49cc-b137-2f8a77bcc1b4,synozur.com,,,social_publish,generated_post,43eb892a-abb9-41ae-9490-7efc90f9f3a7,warning,You are not allowed to create a Tweet with duplicate content.,"{""attempt"": 2, ""platform"": ""twitter"", ""retrying"": true, ""errorCode"": ""about:blank"", ""maxAttempts"": 5}",2026-06-27 17:01:49.92286
9eb726b9-b7fc-4c8e-a9dd-6fc6d6260c99,synozur.com,,,social_publish,generated_post,5f8a3b3a-1c53-48e8-952a-ec904ac5f9aa,warning,You are not allowed to create a Tweet with duplicate content.,"{""attempt"": 2, ""platform"": ""twitter"", ""retrying"": true, ""errorCode"": ""about:blank"", ""maxAttempts"": 5}",2026-06-27 17:01:51.209671
028e3301-9af1-4431-8cfd-40725874a89b,synozur.com,,,social_publish,generated_post,e29e6246-d440-4fa0-b288-10359e10d28a,warning,You are not allowed to create a Tweet with duplicate content.,"{""attempt"": 2, ""platform"": ""twitter"", ""retrying"": true, ""errorCode"": ""about:blank"", ""maxAttempts"": 5}",2026-06-27 17:01:54.123113
916ebc8c-3096-40ad-99cf-25eb3b22e100,synozur.com,,,social_publish,generated_post,066e322a-12f0-4eb5-ad05-97306e1aca14,warning,You are not allowed to create a Tweet with duplicate content.,"{""attempt"": 2, ""platform"": ""twitter"", ""retrying"": true, ""errorCode"": ""about:blank"", ""maxAttempts"": 5}",2026-06-27 17:01:58.02262
9a94d5a4-f3e3-4e70-9b6e-4e6493ba9b6a,synozur.com,,,social_publish,generated_post,69bfd757-fb27-4971-b253-3bf33d3da413,warning,You are not allowed to create a Tweet with duplicate content.,"{""attempt"": 1, ""platform"": ""twitter"", ""retrying"": true, ""errorCode"": ""about:blank"", ""maxAttempts"": 5}",2026-06-27 17:02:01.023429
14ccc483-80ad-47cd-b105-9c8752a040b7,synozur.com,,,social_publish,generated_post,de6bda90-622e-421b-abef-2f79a726c35a,warning,You are not allowed to create a Tweet with duplicate content.,"{""attempt"": 1, ""platform"": ""twitter"", ""retrying"": true, ""errorCode"": ""about:blank"", ""maxAttempts"": 5}",2026-06-27 17:02:35.322436
6f3b43fb-e64a-43e2-8936-4b1814b21086,synozur.com,,,social_publish,generated_post,c931352b-199a-4e0c-ab95-60bfb3a8b8a6,warning,You are not allowed to create a Tweet with duplicate content.,"{""attempt"": 1, ""platform"": ""twitter"", ""retrying"": true, ""errorCode"": ""about:blank"", ""maxAttempts"": 5}",2026-06-27 17:02:39.124054
46b3e638-9755-4aae-900e-161e9e105f4c,synozur.com,,,social_publish,generated_post,fc2cbe43-d546-47ad-a956-f195ea7b6fe8,warning,You are not allowed to create a Tweet with duplicate content.,"{""attempt"": 1, ""platform"": ""twitter"", ""retrying"": true, ""errorCode"": ""about:blank"", ""maxAttempts"": 5}",2026-06-27 17:02:44.826057
6e0d642d-f570-48af-9523-023b61db8a93,synozur.com,,,social_publish,generated_post,a6d02c57-1ebc-479a-bb34-1b4ef8e6d38a,warning,You are not allowed to create a Tweet with duplicate content.,"{""attempt"": 1, ""platform"": ""twitter"", ""retrying"": true, ""errorCode"": ""about:blank"", ""maxAttempts"": 5}",2026-06-27 17:02:47.824309
79370252-f91d-42b6-a46b-8592c43d9271,synozur.com,,,social_publish,generated_post,12405bb2-468c-4c1a-97c3-ad96931f7e89,warning,You are not allowed to create a Tweet with duplicate content.,"{""attempt"": 1, ""platform"": ""twitter"", ""retrying"": true, ""errorCode"": ""about:blank"", ""maxAttempts"": 5}",2026-06-27 17:02:48.861744
27000544-952f-491e-864c-7ce98c18f7e6,synozur.com,,,social_publish,generated_post,ed8b4b85-5fc7-412d-800d-77ba38e7acd2,warning,You are not allowed to create a Tweet with duplicate content.,"{""attempt"": 1, ""platform"": ""twitter"", ""retrying"": true, ""errorCode"": ""about:blank"", ""maxAttempts"": 5}",2026-06-27 17:02:49.92527
d6f890d5-09d9-4d9d-bca9-50928b4476fc,synozur.com,,,social_publish,generated_post,5ff68947-2b29-4a45-860b-bc286e3ed4c0,warning,You are not allowed to create a Tweet with duplicate content.,"{""attempt"": 1, ""platform"": ""twitter"", ""retrying"": true, ""errorCode"": ""about:blank"", ""maxAttempts"": 5}",2026-06-27 17:02:52.624486
8d6fb69a-37df-47b0-9c71-e9d6ed2fe67b,synozur.com,,,social_publish,generated_post,dbd2dbbf-5a18-45d8-ba2c-d88aa1caa849,warning,You are not allowed to create a Tweet with duplicate content.,"{""attempt"": 1, ""platform"": ""twitter"", ""retrying"": true, ""errorCode"": ""about:blank"", ""maxAttempts"": 5}",2026-06-27 17:02:58.322689
a8e24096-3cf2-49c7-9acb-4568493c9f01,synozur.com,,,social_publish,generated_post,df6af900-ad00-48c5-90cd-34fb813574f0,warning,You are not allowed to create a Tweet with duplicate content.,"{""attempt"": 1, ""platform"": ""twitter"", ""retrying"": true, ""errorCode"": ""about:blank"", ""maxAttempts"": 5}",2026-06-27 17:03:06.897511
6b82dccb-6ae6-4286-8f6e-01148618ee1c,synozur.com,,,social_publish,generated_post,1e23d387-6a8e-4907-859b-3d8d3b1b1fb9,warning,You are not allowed to create a Tweet with duplicate content.,"{""attempt"": 1, ""platform"": ""twitter"", ""retrying"": true, ""errorCode"": ""about:blank"", ""maxAttempts"": 5}",2026-06-27 17:03:09.824334
61f74d75-9479-4763-a253-7dad8c459d0f,synozur.com,,,social_publish,generated_post,9e9c017c-df0f-4b5f-8aa9-56cc50849fed,warning,You are not allowed to create a Tweet with duplicate content.,"{""attempt"": 1, ""platform"": ""twitter"", ""retrying"": true, ""errorCode"": ""about:blank"", ""maxAttempts"": 5}",2026-06-27 17:03:15.424243
6d5fb4ca-7120-4996-a6de-600f232e707d,synozur.com,,,social_publish,generated_post,723ce7fd-c471-4ba6-80e8-56464f5eda75,warning,com.linkedin.content.common.exception.BadRequestResponseException: Content is a duplicate of urn:li:share:7476681588089483264,"{""attempt"": 1, ""platform"": ""linkedin"", ""retrying"": true, ""errorCode"": ""http_422"", ""maxAttempts"": 5}",2026-06-27 17:03:24.124079
2dfe1262-4b1e-479e-8ed8-28ca0c6aff2c,synozur.com,,,social_publish,generated_post,f5588d00-b700-446b-a4b0-10276c5864ed,warning,com.linkedin.content.common.exception.BadRequestResponseException: Content is a duplicate of urn:li:share:7476681605776973824,"{""attempt"": 1, ""platform"": ""linkedin"", ""retrying"": true, ""errorCode"": ""http_422"", ""maxAttempts"": 5}",2026-06-27 17:03:29.126304
72a873f7-573e-4e0d-8ec6-e2ad3e14148d,synozur.com,,,social_publish,generated_post,052f0995-019f-4d5e-8399-9123c1bf0ff5,warning,You are not allowed to create a Tweet with duplicate content.,"{""attempt"": 1, ""platform"": ""twitter"", ""retrying"": true, ""errorCode"": ""about:blank"", ""maxAttempts"": 5}",2026-06-27 17:03:38.52488
28b3bec8-580b-4368-bab0-ce363c31c557,synozur.com,137db123-4906-4e61-af99-f0d23d86a622,,social_publish,generated_post,c51b3693-a84c-49d7-a6e6-ef95a2162021,ok,Published to linkedin,"{""url"": ""https://www.linkedin.com/feed/update/urn%3Ali%3Ashare%3A7476684421258170369/"", ""accountId"": ""28e07d5b-fd3f-4ac7-b0d1-32aa0c3055c4""}",2026-06-27 17:14:38.309482
41fd03b0-0dce-4155-9151-160385d11589,synozur.com,137db123-4906-4e61-af99-f0d23d86a622,,social_publish,generated_post,c737609a-f7f1-4109-b5f5-368a49bcac94,ok,Published to linkedin,"{""url"": ""https://www.linkedin.com/feed/update/urn%3Ali%3Ashare%3A7476684524580392960/"", ""accountId"": ""28e07d5b-fd3f-4ac7-b0d1-32aa0c3055c4""}",2026-06-27 17:15:06.162992
382fd723-7899-4ce8-9185-6c838ece67d5,synozur.com,137db123-4906-4e61-af99-f0d23d86a622,,social_publish,generated_post,c6746a5e-6f7c-456c-8544-aa7d43ec2f23,ok,Published to linkedin,"{""url"": ""https://www.linkedin.com/feed/update/urn%3Ali%3Ashare%3A7476684599419666432/"", ""accountId"": ""28e07d5b-fd3f-4ac7-b0d1-32aa0c3055c4""}",2026-06-27 17:15:22.936768
196d47c3-cf33-47b4-a25d-3c8c3d87c5a1,synozur.com,137db123-4906-4e61-af99-f0d23d86a622,,social_publish,generated_post,564c0fc9-17fb-4e5c-9282-e74c090fee84,ok,Published to linkedin,"{""url"": ""https://www.linkedin.com/feed/update/urn%3Ali%3Ashare%3A7476686491125972992/"", ""accountId"": ""28e07d5b-fd3f-4ac7-b0d1-32aa0c3055c4""}",2026-06-27 17:22:52.780343
ae82c2fd-783a-4f3f-93f6-a90909d0e516,synozur.com,137db123-4906-4e61-af99-f0d23d86a622,116500d0-357e-4ace-a7af-7264ed58e22a,social_publish,generated_post,fc0dc8e2-0d80-441a-a955-24fc0fff9163,ok,Manually published to linkedin,"{""url"": ""https://www.linkedin.com/feed/update/urn%3Ali%3AugcPost%3A7476692000428175360/"", ""accountId"": ""28e07d5b-fd3f-4ac7-b0d1-32aa0c3055c4""}",2026-06-27 17:44:43.437044
f3ae6cab-9cea-43a1-9087-2ab388eedf0f,synozur.com,137db123-4906-4e61-af99-f0d23d86a622,,social_publish,generated_post,ad41e683-199a-48f9-86f7-1b81368a3477,ok,Published to linkedin,"{""url"": ""https://www.linkedin.com/feed/update/urn%3Ali%3Ashare%3A7476998559150788608/"", ""accountId"": ""28e07d5b-fd3f-4ac7-b0d1-32aa0c3055c4""}",2026-06-28 14:03:05.730414
5aed7b40-5875-42e6-a692-456edf572341,synozur.com,137db123-4906-4e61-af99-f0d23d86a622,,social_publish,generated_post,bea9892f-f5eb-4505-b3b4-f91a108f071e,ok,Published to linkedin,"{""url"": ""https://www.linkedin.com/feed/update/urn%3Ali%3Ashare%3A7477028461669179392/"", ""accountId"": ""28e07d5b-fd3f-4ac7-b0d1-32aa0c3055c4""}",2026-06-28 16:01:51.431262
b1e1f049-d60b-42b8-9733-623aacd15bd0,synozur.com,137db123-4906-4e61-af99-f0d23d86a622,,social_publish,generated_post,d8475b22-070d-47c1-8938-5b4339772a91,ok,Published to linkedin,"{""url"": ""https://www.linkedin.com/feed/update/urn%3Ali%3Ashare%3A7477148642806517761/"", ""accountId"": ""28e07d5b-fd3f-4ac7-b0d1-32aa0c3055c4""}",2026-06-28 23:59:16.440313
702ab72b-b3ae-4a29-9f0f-25e03fc68f69,synozur.com,137db123-4906-4e61-af99-f0d23d86a622,,social_publish,generated_post,9f5f29ef-9ead-46a0-a028-208336a7b127,ok,Published to twitter,"{""url"": ""https://twitter.com/synozur/status/2071383843362197952"", ""accountId"": ""f7e9fed0-4ed0-467e-ac02-bf140adae7ed""}",2026-06-29 00:02:47.860565
ad9d3c22-2c8d-486f-968b-4b7b643fd006,synozur.com,137db123-4906-4e61-af99-f0d23d86a622,,social_publish,generated_post,a611b762-3582-4c65-b5e7-2b392139e6d4,ok,Published to linkedin,"{""url"": ""https://www.linkedin.com/feed/update/urn%3Ali%3Ashare%3A7477150030794055680/"", ""accountId"": ""28e07d5b-fd3f-4ac7-b0d1-32aa0c3055c4""}",2026-06-29 00:04:47.091708
d8722a0e-7a88-4f7b-85bb-3a11e8dc81db,synozur.com,137db123-4906-4e61-af99-f0d23d86a622,,social_publish,generated_post,fa535ab9-970a-43c1-af06-847c8852c48e,ok,Published to twitter,"{""url"": ""https://twitter.com/synozur/status/2071400328189116662"", ""accountId"": ""f7e9fed0-4ed0-467e-ac02-bf140adae7ed""}",2026-06-29 01:08:19.526704
58e645cb-3176-48f5-b065-bd889d16f8c2,synozur.com,137db123-4906-4e61-af99-f0d23d86a622,,social_publish,generated_post,6e46e50f-45af-4e6a-838e-2e1764229ed3,ok,Published to linkedin,"{""url"": ""https://www.linkedin.com/feed/update/urn%3Ali%3Ashare%3A7477339835767095296/"", ""accountId"": ""28e07d5b-fd3f-4ac7-b0d1-32aa0c3055c4""}",2026-06-29 12:39:17.658307
382bf992-d141-4a9f-8852-ccc14bf5fed3,synozur.com,137db123-4906-4e61-af99-f0d23d86a622,,social_publish,generated_post,67fa980d-95be-4a98-a138-89705ff1e49a,ok,Published to twitter,"{""url"": ""https://twitter.com/synozur/status/2071579938763821201"", ""accountId"": ""f7e9fed0-4ed0-467e-ac02-bf140adae7ed""}",2026-06-29 13:02:00.592229
08799dcc-8818-4e2e-ae49-73ceddac0679,synozur.com,137db123-4906-4e61-af99-f0d23d86a622,,social_publish,generated_post,969b21c2-3b56-49a5-bd50-491695822887,ok,Published to linkedin,"{""url"": ""https://www.linkedin.com/feed/update/urn%3Ali%3Ashare%3A7477360838668865536/"", ""accountId"": ""28e07d5b-fd3f-4ac7-b0d1-32aa0c3055c4""}",2026-06-29 14:02:34.358023
9f0de83e-4c30-4e2c-a7df-64fffe0c03ee,synozur.com,,,social_publish,generated_post,7bdd8460-2933-42f0-83a7-bde036eb22b2,warning,Authentication timed out,"{""attempt"": 1, ""platform"": ""linkedin"", ""retrying"": true, ""errorCode"": ""exception"", ""maxAttempts"": 5}",2026-06-29 16:01:57.758145
77fa5d87-a1cd-4187-a62c-e20cff7a5a8f,synozur.com,,,social_publish,generated_post,7bdd8460-2933-42f0-83a7-bde036eb22b2,warning,Connection terminated due to connection timeout,"{""attempt"": 2, ""platform"": ""linkedin"", ""retrying"": true, ""errorCode"": ""exception"", ""maxAttempts"": 5}",2026-06-29 16:10:08.757952
149d5989-b4cd-4d27-8549-c9a40ff8676c,synozur.com,137db123-4906-4e61-af99-f0d23d86a622,,social_publish,generated_post,7bdd8460-2933-42f0-83a7-bde036eb22b2,ok,Published to linkedin,"{""url"": ""https://www.linkedin.com/feed/update/urn%3Ali%3Ashare%3A7477397038054264832/"", ""accountId"": ""28e07d5b-fd3f-4ac7-b0d1-32aa0c3055c4""}",2026-06-29 16:26:40.757428
fd440863-60ce-4b67-9ec7-ca327f33f1eb,synozur.com,,,social_publish,generated_post,998fee5a-7ffd-42c6-a1d7-16a5893bc523,warning,Authentication timed out,"{""attempt"": 2, ""platform"": ""linkedin"", ""retrying"": true, ""errorCode"": ""exception"", ""maxAttempts"": 5}",2026-06-29 17:04:44.362855
1c0390b3-b7e9-4ec8-97b1-049f65eb2a2d,synozur.com,137db123-4906-4e61-af99-f0d23d86a622,,social_publish,generated_post,998fee5a-7ffd-42c6-a1d7-16a5893bc523,ok,Published to linkedin,"{""url"": ""https://www.linkedin.com/feed/update/urn%3Ali%3Ashare%3A7477411301997170688/"", ""accountId"": ""28e07d5b-fd3f-4ac7-b0d1-32aa0c3055c4""}",2026-06-29 17:23:28.758484
d2dbee30-5e68-400f-9acf-48e76315fa73,synozur.com,137db123-4906-4e61-af99-f0d23d86a622,,social_publish,generated_post,8ad9246c-5cb9-4919-9074-e0f1d9334cfc,ok,Published to twitter,"{""url"": ""https://twitter.com/synozur/status/2071942979988664457"", ""accountId"": ""f7e9fed0-4ed0-467e-ac02-bf140adae7ed""}",2026-06-30 13:04:51.051338
80e93dfc-cc12-479b-90dd-4145784cf5bc,synozur.com,137db123-4906-4e61-af99-f0d23d86a622,,social_publish,generated_post,ec12ce2a-0b32-4b1a-a51d-38b3c3e67e34,ok,Published to linkedin,"{""url"": ""https://www.linkedin.com/feed/update/urn%3Ali%3Ashare%3A7477709635026817024/"", ""accountId"": ""28e07d5b-fd3f-4ac7-b0d1-32aa0c3055c4""}",2026-06-30 13:08:43.349528
335fc6f7-9085-4ec6-a00d-7df63802d586,synozur.com,137db123-4906-4e61-af99-f0d23d86a622,,social_publish,generated_post,ec12ce2a-0b32-4b1a-a51d-38b3c3e67e34,ok,Published to linkedin,"{""url"": ""https://www.linkedin.com/feed/update/urn%3Ali%3Ashare%3A7477709927478829056/"", ""accountId"": ""28e07d5b-fd3f-4ac7-b0d1-32aa0c3055c4""}",2026-06-30 13:10:04.107896
96121d36-667f-4119-a610-4d5745c67e0a,synozur.com,137db123-4906-4e61-af99-f0d23d86a622,,social_publish,generated_post,20c35fda-7949-4fa0-96ee-24edefbc5c76,ok,Published to linkedin,"{""url"": ""https://www.linkedin.com/feed/update/urn%3Ali%3Ashare%3A7477722823432708096/"", ""accountId"": ""28e07d5b-fd3f-4ac7-b0d1-32aa0c3055c4""}",2026-06-30 14:00:54.006791
c8545ef7-f7c0-48cd-afa8-6e2f1040848a,synozur.com,137db123-4906-4e61-af99-f0d23d86a622,,social_publish,generated_post,9fc79338-8f91-4478-b361-bba69606ae5f,ok,Published to linkedin,"{""url"": ""https://www.linkedin.com/feed/update/urn%3Ali%3AugcPost%3A7478070610800177152/"", ""accountId"": ""28e07d5b-fd3f-4ac7-b0d1-32aa0c3055c4""}",2026-07-01 13:02:51.246544
05bce05d-eaf0-4940-9517-ae09fd33ee59,synozur.com,137db123-4906-4e61-af99-f0d23d86a622,,social_publish,generated_post,1df71287-864d-42e1-9c58-f4cdf7816aa9,ok,Published to linkedin,"{""url"": ""https://www.linkedin.com/feed/update/urn%3Ali%3Ashare%3A7478071937609670656/"", ""accountId"": ""28e07d5b-fd3f-4ac7-b0d1-32aa0c3055c4""}",2026-07-01 13:08:07.819514
f4f40d09-14c1-474e-a0be-633e8d247e0b,synozur.com,137db123-4906-4e61-af99-f0d23d86a622,,social_publish,generated_post,39202b1f-52c8-428a-b7f2-3edfc7c1633b,ok,Published to twitter,"{""url"": ""https://twitter.com/synozur/status/2072307633978052886"", ""accountId"": ""f7e9fed0-4ed0-467e-ac02-bf140adae7ed""}",2026-07-01 13:13:36.732166
97169453-6a81-49de-ad38-63296650816d,synozur.com,137db123-4906-4e61-af99-f0d23d86a622,,social_publish,generated_post,c9fd2a46-ed23-4b4c-9eba-7b99b848856c,ok,Published to linkedin,"{""url"": ""https://www.linkedin.com/feed/update/urn%3Ali%3Ashare%3A7478795082008207360/"", ""accountId"": ""28e07d5b-fd3f-4ac7-b0d1-32aa0c3055c4""}",2026-07-03 13:01:38.727468
7f42dd4f-60fc-4aa7-b7d6-5bceb7b52510,synozur.com,137db123-4906-4e61-af99-f0d23d86a622,,social_publish,generated_post,839eb1ca-006b-40fc-a5d4-778b6941203b,ok,Published to linkedin,"{""url"": ""https://www.linkedin.com/feed/update/urn%3Ali%3Ashare%3A7478870066336256000/"", ""accountId"": ""28e07d5b-fd3f-4ac7-b0d1-32aa0c3055c4""}",2026-07-03 17:59:36.227964
c3100ad1-466b-47ae-8a51-9388274919f0,synozur.com,137db123-4906-4e61-af99-f0d23d86a622,,social_publish,generated_post,f62401bb-3967-4bb1-a554-8e636843a217,ok,Published to twitter,"{""url"": ""https://twitter.com/synozur/status/2073104873621536998"", ""accountId"": ""f7e9fed0-4ed0-467e-ac02-bf140adae7ed""}",2026-07-03 18:01:33.213521
408d6e91-6c01-4339-afab-8f4273f6a469,synozur.com,,,social_publish,generated_post,e1e67ef0-a231-49e4-a488-5a80c1d9c1d0,warning,Image could not be uploaded to X — the image URL may be broken or unreachable. Fix the image on this post and retry. URL: /objects/uploads/b492bc0a-9083-454c-89de-ee6b6c538443,"{""attempt"": 1, ""platform"": ""twitter"", ""retrying"": true, ""errorCode"": ""image_upload_failed"", ""maxAttempts"": 5}",2026-07-03 18:31:36.375568
f42f3ef8-353f-440f-8430-c747a293c673,synozur.com,,,social_publish,generated_post,3afa3ad3-2569-4548-8d11-6e80c4ad19db,warning,Image could not be uploaded to LinkedIn — the image URL may be broken or unreachable. Fix the image on this post and retry. URL: /objects/uploads/b492bc0a-9083-454c-89de-ee6b6c538443,"{""attempt"": 1, ""platform"": ""linkedin"", ""retrying"": true, ""errorCode"": ""image_upload_failed"", ""maxAttempts"": 5}",2026-07-03 18:33:37.291537
185834e5-6855-42fe-a338-c1e6f63a3a7b,synozur.com,,,social_publish,generated_post,e1e67ef0-a231-49e4-a488-5a80c1d9c1d0,warning,Image could not be uploaded to X — the image URL may be broken or unreachable. Fix the image on this post and retry. URL: /objects/uploads/b492bc0a-9083-454c-89de-ee6b6c538443,"{""attempt"": 2, ""platform"": ""twitter"", ""retrying"": true, ""errorCode"": ""image_upload_failed"", ""maxAttempts"": 5}",2026-07-03 18:33:38.059101
92d035ed-e5c4-4e4d-809c-2866cc0063f8,synozur.com,,,social_publish,generated_post,3afa3ad3-2569-4548-8d11-6e80c4ad19db,warning,Image could not be uploaded to LinkedIn — the image URL may be broken or unreachable. Fix the image on this post and retry. URL: /objects/uploads/b492bc0a-9083-454c-89de-ee6b6c538443,"{""attempt"": 2, ""platform"": ""linkedin"", ""retrying"": true, ""errorCode"": ""image_upload_failed"", ""maxAttempts"": 5}",2026-07-03 18:39:42.897605
41d88751-663b-44f2-8967-1d9affe0e5f2,synozur.com,,,social_publish,generated_post,e1e67ef0-a231-49e4-a488-5a80c1d9c1d0,warning,Image could not be uploaded to X — the image URL may be broken or unreachable. Fix the image on this post and retry. URL: /objects/uploads/b492bc0a-9083-454c-89de-ee6b6c538443,"{""attempt"": 3, ""platform"": ""twitter"", ""retrying"": true, ""errorCode"": ""image_upload_failed"", ""maxAttempts"": 5}",2026-07-03 18:49:37.518804
bc7b9d06-0127-4487-bf62-d83defd10e8b,synozur.com,,,social_publish,generated_post,3afa3ad3-2569-4548-8d11-6e80c4ad19db,warning,Image could not be uploaded to LinkedIn — the image URL may be broken or unreachable. Fix the image on this post and retry. URL: /objects/uploads/b492bc0a-9083-454c-89de-ee6b6c538443,"{""attempt"": 3, ""platform"": ""linkedin"", ""retrying"": true, ""errorCode"": ""image_upload_failed"", ""maxAttempts"": 5}",2026-07-03 18:55:35.805903
8e401d45-b475-40fd-90e0-a4884d41626f,synozur.com,,,social_publish,generated_post,e1e67ef0-a231-49e4-a488-5a80c1d9c1d0,warning,Image could not be uploaded to X — the image URL may be broken or unreachable. Fix the image on this post and retry. URL: /objects/uploads/b492bc0a-9083-454c-89de-ee6b6c538443,"{""attempt"": 4, ""platform"": ""twitter"", ""retrying"": true, ""errorCode"": ""image_upload_failed"", ""maxAttempts"": 5}",2026-07-03 19:56:29.054448
91f40865-d7a9-4dae-8159-d164a5869e5c,synozur.com,,,social_publish,generated_post,3afa3ad3-2569-4548-8d11-6e80c4ad19db,warning,Image could not be uploaded to LinkedIn — the image URL may be broken or unreachable. Fix the image on this post and retry. URL: /objects/uploads/b492bc0a-9083-454c-89de-ee6b6c538443,"{""attempt"": 4, ""platform"": ""linkedin"", ""retrying"": true, ""errorCode"": ""image_upload_failed"", ""maxAttempts"": 5}",2026-07-03 20:02:27.518142
e45fd121-7afd-4340-8cbe-7b1a7625b152,synozur.com,,,social_publish,generated_post,e1e67ef0-a231-49e4-a488-5a80c1d9c1d0,error,Image could not be uploaded to X — the image URL may be broken or unreachable. Fix the image on this post and retry. URL: https://orbit.synozur.com/public-objects/media-uploads/f97de891-e774-477e-9c1c-e85edbb6f541.png,"{""attempt"": 5, ""platform"": ""twitter"", ""retrying"": false, ""errorCode"": ""image_upload_failed"", ""maxAttempts"": 5}",2026-07-03 23:57:45.085024
a695c224-7b6b-4fe7-aca1-8c4d9625301c,synozur.com,137db123-4906-4e61-af99-f0d23d86a622,,social_publish,generated_post,3afa3ad3-2569-4548-8d11-6e80c4ad19db,ok,Published to linkedin,"{""url"": ""https://www.linkedin.com/feed/update/urn%3Ali%3Ashare%3A7478961737216442368/"", ""accountId"": ""28e07d5b-fd3f-4ac7-b0d1-32aa0c3055c4""}",2026-07-04 00:03:53.18632
f3e955a2-f1a4-44ce-85e7-cdd801d2bbef,synozur.com,,,social_publish,generated_post,304f7db8-2fec-47ea-9abe-0e149e3afc72,warning,Image could not be uploaded to LinkedIn — the image URL may be broken or unreachable. Fix the image on this post and retry. URL: https://orbit.synozur.com/public-objects/media-uploads/f97de891-e774-477e-9c1c-e85edbb6f541.png,"{""attempt"": 1, ""platform"": ""linkedin"", ""retrying"": true, ""errorCode"": ""image_upload_failed"", ""maxAttempts"": 5}",2026-07-04 13:06:01.586487
d575b011-b4cb-47ba-a904-3de3285ad41e,synozur.com,,,social_publish,generated_post,97a5ae8b-bba3-424a-8ffe-f06bb94c0f2c,warning,"Twitter token refresh failed: Twitter token refresh failed: 400 {""error"":""invalid_request"",""error_description"":""Value passed for the token was invalid.""}","{""attempt"": 1, ""platform"": ""twitter"", ""retrying"": true, ""errorCode"": ""token_refresh_failed"", ""maxAttempts"": 5}",2026-07-04 13:09:52.985636
9421498a-0d07-4a31-a270-865c1b3505cd,synozur.com,137db123-4906-4e61-af99-f0d23d86a622,,social_publish,generated_post,304f7db8-2fec-47ea-9abe-0e149e3afc72,ok,Published to linkedin,"{""url"": ""https://www.linkedin.com/feed/update/urn%3Ali%3Ashare%3A7479160065837408256/"", ""accountId"": ""28e07d5b-fd3f-4ac7-b0d1-32aa0c3055c4""}",2026-07-04 13:12:00.886447
01254a8f-561e-4949-b49c-0f953d665ab5,synozur.com,,,social_publish,generated_post,97a5ae8b-bba3-424a-8ffe-f06bb94c0f2c,warning,"Twitter token refresh failed: Twitter token refresh failed: 400 {""error"":""invalid_request"",""error_description"":""Value passed for the token was invalid.""}","{""attempt"": 2, ""platform"": ""twitter"", ""retrying"": true, ""errorCode"": ""token_refresh_failed"", ""maxAttempts"": 5}",2026-07-04 13:15:55.085601
47ce8090-84bc-4106-ae3a-291315c0ef9b,synozur.com,,,social_publish,generated_post,97a5ae8b-bba3-424a-8ffe-f06bb94c0f2c,warning,"Twitter token refresh failed: Twitter token refresh failed: 400 {""error"":""invalid_request"",""error_description"":""Value passed for the token was invalid.""}","{""attempt"": 3, ""platform"": ""twitter"", ""retrying"": true, ""errorCode"": ""token_refresh_failed"", ""maxAttempts"": 5}",2026-07-04 13:31:54.886662
eab4ac2f-e2e6-496f-9e96-6fd0914d25e7,synozur.com,,,social_publish,generated_post,97a5ae8b-bba3-424a-8ffe-f06bb94c0f2c,warning,"Twitter token refresh failed: Twitter token refresh failed: 400 {""error"":""invalid_request"",""error_description"":""Value passed for the token was invalid.""}","{""attempt"": 4, ""platform"": ""twitter"", ""retrying"": true, ""errorCode"": ""token_refresh_failed"", ""maxAttempts"": 5}",2026-07-04 14:32:02.786016
de285b2c-40eb-4c8a-9614-ebb468378439,synozur.com,,,social_publish,generated_post,97a5ae8b-bba3-424a-8ffe-f06bb94c0f2c,error,"Twitter token refresh failed: Twitter token refresh failed: 400 {""error"":""invalid_request"",""error_description"":""Value passed for the token was invalid.""}","{""attempt"": 5, ""platform"": ""twitter"", ""retrying"": false, ""errorCode"": ""token_refresh_failed"", ""maxAttempts"": 5}",2026-07-04 18:33:10.456265
42fddcb4-92fe-4912-b686-2cb222e9c979,synozur.com,,,social_publish,generated_post,8906e5fa-1bbb-4f1a-b7a0-384bbcbe5921,warning,"Twitter token refresh failed: Twitter token refresh failed: 400 {""error"":""invalid_request"",""error_description"":""Value passed for the token was invalid.""}","{""attempt"": 1, ""platform"": ""twitter"", ""retrying"": true, ""errorCode"": ""token_refresh_failed"", ""maxAttempts"": 5}",2026-07-06 13:07:31.22871
de5703c6-c9aa-4c68-ab80-26fe8a0ba3f1,synozur.com,137db123-4906-4e61-af99-f0d23d86a622,,social_publish,generated_post,432dd6e4-4e42-46d2-9fe5-525d13e3e41d,ok,Published to linkedin,"{""url"": ""https://www.linkedin.com/feed/update/urn%3Ali%3Ashare%3A7479884359609524224/"", ""accountId"": ""28e07d5b-fd3f-4ac7-b0d1-32aa0c3055c4""}",2026-07-06 13:10:14.330001
78731f88-adf1-4afb-8178-523123dde842,synozur.com,,,social_publish,generated_post,8906e5fa-1bbb-4f1a-b7a0-384bbcbe5921,warning,"Twitter token refresh failed: Twitter token refresh failed: 400 {""error"":""invalid_request"",""error_description"":""Value passed for the token was invalid.""}","{""attempt"": 2, ""platform"": ""twitter"", ""retrying"": true, ""errorCode"": ""token_refresh_failed"", ""maxAttempts"": 5}",2026-07-06 13:14:09.72905
0a02edbf-a64c-49b7-bbb0-f354d0e4d461,synozur.com,,,social_publish,generated_post,8906e5fa-1bbb-4f1a-b7a0-384bbcbe5921,warning,"Twitter token refresh failed: Twitter token refresh failed: 400 {""error"":""invalid_request"",""error_description"":""Value passed for the token was invalid.""}","{""attempt"": 3, ""platform"": ""twitter"", ""retrying"": true, ""errorCode"": ""token_refresh_failed"", ""maxAttempts"": 5}",2026-07-06 13:29:32.885312
e3307cd2-c96c-4996-8d83-32cbfcb9f470,synozur.com,,,social_publish,generated_post,8906e5fa-1bbb-4f1a-b7a0-384bbcbe5921,warning,"Twitter token refresh failed: Twitter token refresh failed: 400 {""error"":""invalid_request"",""error_description"":""Value passed for the token was invalid.""}","{""attempt"": 4, ""platform"": ""twitter"", ""retrying"": true, ""errorCode"": ""token_refresh_failed"", ""maxAttempts"": 5}",2026-07-06 14:31:32.390297
7ae4bd95-1bd8-410f-9362-ac3681f0279d,chrismcnulty.net,08610095-ef99-4205-b5ae-13264021a471,116500d0-357e-4ace-a7af-7264ed58e22a,email_send,email_send,fa527267-2fe6-42cb-9a21-28e4fe47d71e,ok,1/1 delivered,"{""listId"": null, ""testRecipient"": ""chris.mcnulty@synozur.com"", ""generatedEmailId"": ""6b0fcfa5-dc86-4b29-80a4-586d45e2243a""}",2026-07-06 17:24:54.387108
c2ec1d78-70db-49e4-9f05-ceeb87311183,synozur.com,,,social_publish,generated_post,8906e5fa-1bbb-4f1a-b7a0-384bbcbe5921,error,"Twitter token refresh failed: Twitter token refresh failed: 400 {""error"":""invalid_request"",""error_description"":""Value passed for the token was invalid.""}","{""attempt"": 5, ""platform"": ""twitter"", ""retrying"": false, ""errorCode"": ""token_refresh_failed"", ""maxAttempts"": 5}",2026-07-06 18:31:41.528066
39bc3a7c-891b-48ec-a8a5-5bf90fc189ee,synozur.com,,,social_publish,generated_post,8906e5fa-1bbb-4f1a-b7a0-384bbcbe5921,error,"Twitter token refresh failed: Twitter token refresh failed: 400 {""error"":""invalid_request"",""error_description"":""Value passed for the token was invalid.""}","{""attempt"": 6, ""platform"": ""twitter"", ""retrying"": false, ""errorCode"": ""token_refresh_failed"", ""maxAttempts"": 5}",2026-07-07 05:08:15.68791
5fda7cfd-488b-48a6-8c61-fb3c48b993b5,synozur.com,137db123-4906-4e61-af99-f0d23d86a622,116500d0-357e-4ace-a7af-7264ed58e22a,email_send,email_send,dbdc4766-dac6-4fec-b548-4be4a095aecb,ok,1/1 delivered,"{""listId"": null, ""testRecipient"": ""chris.mcnulty@synozur.com"", ""generatedEmailId"": ""4aaa1b8a-65ff-4654-ade5-878c31dae7ae""}",2026-07-07 06:57:26.180615
8c576005-5340-402e-9763-eb7bfe746712,synozur.com,137db123-4906-4e61-af99-f0d23d86a622,116500d0-357e-4ace-a7af-7264ed58e22a,email_send,email_send,d274793f-687d-4976-a843-2d414f69ad38,ok,1/1 delivered,"{""listId"": null, ""testRecipient"": ""chris.mcnulty@synozur.com"", ""generatedEmailId"": ""4aaa1b8a-65ff-4654-ade5-878c31dae7ae""}",2026-07-07 06:58:56.011513
bba07a99-eb58-41fc-a275-aabcdb53b053,synozur.com,,,social_publish,generated_post,3afa4dd7-f998-48ba-a922-567224b9e0c2,error,"Twitter token refresh failed: Twitter token refresh failed: 400 {""error"":""invalid_request"",""error_description"":""Value passed for the token was invalid.""}","{""attempt"": 1, ""platform"": ""twitter"", ""retrying"": false, ""errorCode"": ""token_refresh_failed"", ""maxAttempts"": 5}",2026-07-07 13:07:49.414574
d731b1a2-97a1-44d9-b402-c1438368992b,synozur.com,137db123-4906-4e61-af99-f0d23d86a622,,social_publish,generated_post,0cc888df-224b-4251-a4df-f4bb6615cb1a,ok,Published to linkedin,"{""url"": ""https://www.linkedin.com/feed/update/urn%3Ali%3Ashare%3A7480246401864491008/"", ""accountId"": ""28e07d5b-fd3f-4ac7-b0d1-32aa0c3055c4""}",2026-07-07 13:08:44.915137
7ccf9b97-5e2e-41c4-8565-0f1225073a14,synozur.com,137db123-4906-4e61-af99-f0d23d86a622,116500d0-357e-4ace-a7af-7264ed58e22a,email_send,email_send,35ce38f4-f99d-43ec-8f8d-8f120aaa0b57,ok,1/1 delivered,"{""listId"": null, ""testRecipient"": ""chris.mcnulty@synozur.com"", ""generatedEmailId"": ""0c8a5cf9-06ca-4964-8c22-10802f6b2715""}",2026-07-07 17:04:23.492054
52efdbc5-4b2e-4bb4-9276-132dc556c83a,synozur.com,137db123-4906-4e61-af99-f0d23d86a622,,social_publish,generated_post,5b8cb250-46be-4710-9c6c-68d2e021bfae,ok,Published to linkedin,"{""url"": ""https://www.linkedin.com/feed/update/urn%3Ali%3Ashare%3A7480609142701858817/"", ""accountId"": ""28e07d5b-fd3f-4ac7-b0d1-32aa0c3055c4""}",2026-07-08 13:10:04.139515
21bed412-0981-4df4-bf03-98db423e11dd,synozur.com,137db123-4906-4e61-af99-f0d23d86a622,116500d0-357e-4ace-a7af-7264ed58e22a,email_send,email_send,cbe08af3-edfa-4de6-8489-1c76d9c9d670,ok,1/1 delivered,"{""listId"": null, ""testRecipient"": ""Michelle.caldwell@synozur.com"", ""generatedEmailId"": ""0c8a5cf9-06ca-4964-8c22-10802f6b2715""}",2026-07-08 22:04:23.138401
b78486c4-1e66-45f3-86c7-ff73c7e1000b,synozur.com,137db123-4906-4e61-af99-f0d23d86a622,,social_publish,generated_post,7a271248-cc86-4f9e-bfc9-e8eec7ed6ac4,ok,Published to linkedin,"{""url"": ""https://www.linkedin.com/feed/update/urn%3Ali%3Ashare%3A7480970761260752896/"", ""accountId"": ""28e07d5b-fd3f-4ac7-b0d1-32aa0c3055c4""}",2026-07-09 13:07:03.526375
b7d6e18b-deaf-47d0-b1c2-680fbed2b8ac,synozur.com,137db123-4906-4e61-af99-f0d23d86a622,,social_publish,generated_post,8c763994-9264-4e4d-93f3-196e22c59cee,ok,Published to linkedin,"{""url"": ""https://www.linkedin.com/feed/update/urn%3Ali%3Ashare%3A7481334016110133248/"", ""accountId"": ""28e07d5b-fd3f-4ac7-b0d1-32aa0c3055c4""}",2026-07-10 13:10:32.127342
e8b290e4-461d-46b4-afe8-df4761a40617,synozur.com,137db123-4906-4e61-af99-f0d23d86a622,,social_publish,generated_post,d2cb835e-025a-458c-88f4-1067ce792329,ok,Published to linkedin,"{""url"": ""https://www.linkedin.com/feed/update/urn%3Ali%3Ashare%3A7481695748829491200/"", ""accountId"": ""28e07d5b-fd3f-4ac7-b0d1-32aa0c3055c4""}",2026-07-11 13:07:51.569735
4bc6a6e1-1fd2-4034-8155-fedb52e21de7,synozur.com,137db123-4906-4e61-af99-f0d23d86a622,,social_publish,generated_post,fd110bc7-be84-4a42-9cbd-73c5e9510114,ok,Published to linkedin,"{""url"": ""https://www.linkedin.com/feed/update/urn%3Ali%3Ashare%3A7482420253789011968/"", ""accountId"": ""28e07d5b-fd3f-4ac7-b0d1-32aa0c3055c4""}",2026-07-13 13:07:04.45597
