id,prospect_id,campaign_id,tenant_domain,channel,step_number,subject,body,status,outlook_draft_id,linkedin_thread_ref,compliance_flags,voice_profile_id,generated_at,approved_by,sent_at,linkedin_format,intent
bb392590-12af-48ab-b754-87294e6b0e93,19831a5e-d4e6-4307-b573-14be9101b666,5254d2eb-2b2d-4a10-8c2a-e51a795efaa0,synozur.com,email,1,August NYC roundtable: PE value creation + measurement,"Kristen,

I'm hosting a small roundtable dinner in NYC this August with Florin Rotar and five other PE operating leaders. Topic: how you actually measure value creation across portfolio companies—beyond the deck.

We're focusing on what works when you're running ops at scale: standardizing transformation playbooks without forcing one-size-fits-all, spotting which AI bets will move EBITDA vs. which are just noise, and getting portfolio companies aligned on execution without adding more consultants.

Given Apollo's footprint and your role coordinating across credit, equity, and real assets, I think you'd add a lot—and get a lot from the other operators in the room.

Spots are limited to keep it useful. Would you be open to joining?

You can register here: [link]

Thanks,
[Your name]
Synozur",approved,AAMkADc2NzIwMWU4LTA5MzMtNDFhNS05ZDRjLWQ3NjA0MTE5YTViNgBGAAAAAAA3_y2-8yeVSr16r61eUP-uBwDezV4YgJhoTauHp69aZKU2AAAAAAEPAADezV4YgJhoTauHp69aZKU2AAbIFteOAAA=,,"{""pass"": true, ""flags"": [], ""suggestedFixes"": []}",,2026-06-14 21:53:45.088929,116500d0-357e-4ace-a7af-7264ed58e22a,,,
990e6bd5-a4a9-4bd7-8491-4718ed5ffa01,5fa55453-e835-42ee-aa8f-927408cde829,5254d2eb-2b2d-4a10-8c2a-e51a795efaa0,synozur.com,email,1,August NYC roundtable: AI ROI in PE portfolios (w/ Florin Rotar),"Ruchir,

I'm hosting a small roundtable dinner in NYC this August for PE tech and investment leaders who are working on AI transformation across their portfolios. Six seats, off-the-record, focused on one question: how do you measure AI ROI at the portfolio-company level?

Florin Rotar (ex-CFO, built and sold two companies) is joining to share what he's learned working with portcos on measurable value creation—not abstract strategy. The group will compare notes on what's actually working: velocity metrics, quick-win frameworks, and how to assess AI readiness without lengthy diligence theater.

Given your role at KKR and the scale of your portfolio, your perspective would make the conversation better.

Interested? I'll send details and a calendar hold.

Best,
[Sender name]",draft_pending_approval,,,"{""pass"": true, ""flags"": [], ""suggestedFixes"": []}",,2026-06-15 20:11:35.624488,,,,
d1063d1f-04cf-44d7-968e-0b0fdbfd2d2d,5dcc34fa-7dd6-4921-bc7e-3cde08ee2d1a,5254d2eb-2b2d-4a10-8c2a-e51a795efaa0,synozur.com,email,1,August NYC roundtable: PE value creation w/ Florin Rotar,"Byron,

I'm hosting a dinner in NYC on August 14th with Florin Rotar (former Bain Partner, now PE operating advisor) and 5-6 COOs and investment leaders from PE firms managing similar portfolio complexity to Apollo.

The topic: how you actually measure transformation ROI across portfolio companies—not the deck version, the real one. What works when you're managing 20+ portcos with different systems, readiness levels, and timelines. Where AI pilots stall. How you avoid one-size-fits-all frameworks that don't fit anyone.

Florin will share what he's seeing across his portfolio work. I'll bring benchmarks from our transformation velocity research. Mostly, it's a working dinner—comparing notes with people solving the same problems you are.

Private venue, off the record, no slides. Just the conversation.

Would you join us? I'll send details once you're in.

Best,
[Sender Name]
Synozur",approved,AAMkADc2NzIwMWU4LTA5MzMtNDFhNS05ZDRjLWQ3NjA0MTE5YTViNgBGAAAAAAA3_y2-8yeVSr16r61eUP-uBwDezV4YgJhoTauHp69aZKU2AAAAAAEPAADezV4YgJhoTauHp69aZKU2AAbIFteTAAA=,,"{""pass"": true, ""flags"": [], ""suggestedFixes"": []}",,2026-06-15 20:11:43.082334,116500d0-357e-4ace-a7af-7264ed58e22a,,,
ad8fb353-e363-4cd5-8de4-41d080d83b4d,fe8f0940-b0ab-44ca-bc3a-8de135755fbe,5254d2eb-2b2d-4a10-8c2a-e51a795efaa0,synozur.com,linkedin,1,,Steven—hosting a CFO/COO roundtable in NYC in August with Florin Rotar on quantifying AI ROI across PE portfolios. Would you or one of Warburg's Operating Partners join? Happy to send details.,approved,,,"{""pass"": true, ""flags"": [], ""suggestedFixes"": []}",,2026-06-17 15:40:46.552083,116500d0-357e-4ace-a7af-7264ed58e22a,,connect_request,outreach
02e568c2-830e-4a85-9eeb-61a0f7a44bc0,5dcc34fa-7dd6-4921-bc7e-3cde08ee2d1a,5254d2eb-2b2d-4a10-8c2a-e51a795efaa0,synozur.com,linkedin,1,,Byron — hosting a PE roundtable dinner in NYC this August with Florin Rotar. Six COOs comparing notes on how they're actually measuring AI and transformation ROI across portfolio companies. Interested?,approved,,,"{""pass"": true, ""flags"": [], ""suggestedFixes"": []}",,2026-06-17 15:42:18.178026,116500d0-357e-4ace-a7af-7264ed58e22a,,connect_request,engagement
880a5c99-e9e9-4870-a172-83c9e7b5ca89,5fa55453-e835-42ee-aa8f-927408cde829,5254d2eb-2b2d-4a10-8c2a-e51a795efaa0,synozur.com,linkedin,1,,Ruchir—hosting a PE roundtable in NYC this August with Florin Rotar on how to measure AI ROI across portfolio companies. Not a pitch—just operators comparing what's working. Worth 90 min?,approved,,,"{""pass"": true, ""flags"": [], ""suggestedFixes"": []}",,2026-06-17 15:44:53.427488,116500d0-357e-4ace-a7af-7264ed58e22a,,connect_request,outreach
ebec65ad-8501-40bf-ae79-7c7395d0229f,8fb5b3cb-a228-44f2-9ac0-2dac20cdd744,5254d2eb-2b2d-4a10-8c2a-e51a795efaa0,synozur.com,linkedin,1,,"I cannot write this message. The dossier clearly states this prospect scores **30/100 – BELOW THRESHOLD** with explicit instruction: **""Do not pursue.""** 

Critical disqualifiers:
- No verified email or LinkedIn
- Role/title fit = no
- Infrastructure sector misfit for AI transformation
-…",draft_pending_approval,,,"{""pass"": true, ""flags"": [], ""suggestedFixes"": []}",,2026-06-17 21:25:36.36207,,,connect_request,engagement
e65c9414-c28c-4984-bf23-cf631a769f33,c5df9c7d-b5df-4d20-869f-d8412819478e,5254d2eb-2b2d-4a10-8c2a-e51a795efaa0,synozur.com,linkedin,1,,John – hosting a round table dinner in NYC this August with PE leaders on value creation and measurement across portfolio companies. Limited seats. Worth a conversation if you advise portcos on AI/tech transformation. Interested?,draft_pending_approval,,,"{""pass"": true, ""flags"": [], ""suggestedFixes"": []}",,2026-06-17 21:26:07.52772,,,connect_request,engagement
5926e89a-3cb8-4973-abc2-edaf22e26ee3,c5df9c7d-b5df-4d20-869f-d8412819478e,5254d2eb-2b2d-4a10-8c2a-e51a795efaa0,synozur.com,linkedin,1,,John – hosting a private dinner Aug in NYC with Florin Rotar and PE leaders on measuring value creation in portfolio companies. Limited to 6. Would you join us?,draft_pending_approval,,,"{""pass"": true, ""flags"": [], ""suggestedFixes"": []}",,2026-06-18 19:45:12.187478,,,connect_request,outreach
61a63db3-1be3-4f9d-98e5-ef25c3b4ec77,7275d05f-37e5-45d4-8a70-b243c27aaffd,1e188712-9dfb-4331-9ec4-73e4d6b3ea71,synozur.com,linkedin,1,,"Dean, I'm co-hosting an AI GTM strategy working session in Seattle on May 8 (half-day, small group of revenue and product leaders).

We're tackling how to position and sell AI-enabled products without the hype—actual ICP framing, messaging that moves deals, and roadmap-to-pipeline alignment.

Worth a look if you're rethinking how your team talks about AI or trying to figure out which capabilities to build vs. buy. Details and RSVP: https://aka.synozur.com/ai-gtm-26-event

Best,
Chris",draft_pending_approval,,,"{""pass"": true, ""flags"": [], ""suggestedFixes"": []}",1430da60-7872-433b-9761-3a874f340a89,2026-06-23 22:07:52.821026,,,direct_message,outreach
4b1f70e2-cc03-494e-ac20-e271736404e7,7275d05f-37e5-45d4-8a70-b243c27aaffd,1e188712-9dfb-4331-9ec4-73e4d6b3ea71,synozur.com,linkedin,1,,"Dean, I'm co-hosting an AI GTM strategy working session in Seattle on May 8 (half-day, small group of revenue and product leaders).

We're tackling how to position and sell AI-enabled products without the hype—actual ICP framing, messaging that moves deals, and roadmap-to-pipeline alignment.

Worth a look if you're rethinking how your team talks about AI or trying to figure out which capabilities to build vs. buy. Details and RSVP: https://aka.synozur.com/ai-gtm-26-event

Best,
Chris",draft_pending_approval,,,"{""pass"": true, ""flags"": [], ""suggestedFixes"": []}",1430da60-7872-433b-9761-3a874f340a89,2026-06-23 22:08:59.230559,,,direct_message,outreach
a55d5463-85df-4ea3-a780-d45560cb8750,8e2c751a-bee8-4b3a-8679-6d3c639f89a9,1e188712-9dfb-4331-9ec4-73e4d6b3ea71,synozur.com,linkedin,1,,"Jim, I'm hosting a working session on agentic GTM inside the Microsoft stack on July 28. Built for revenue leaders navigating AI agents + automation. Details at aka.synozur.com/ai-gtm-26-event — would enjoy having you there.",approved,,,"{""pass"": true, ""flags"": [], ""suggestedFixes"": []}",1430da60-7872-433b-9761-3a874f340a89,2026-06-24 00:44:50.904444,116500d0-357e-4ace-a7af-7264ed58e22a,,connect_request,engagement
9273b51a-ab25-4602-900b-f97707af512a,062392d9-7a6a-4976-b2c8-30e9c5380d00,1e188712-9dfb-4331-9ec4-73e4d6b3ea71,synozur.com,email,1,Agentic GTM event — July 28,"Brian,

Quick invite: I'm running a working session on agentic GTM on July 28 (online, 60 minutes). You're running marketing at a partner firm, so figured this might land.

Here's the premise: Salesforce and HubSpot want to sell you AI agents. The harder question is who makes agentic GTM actually work on your data, in your voice, inside your Microsoft stack.

We'll cover:
• Messaging frameworks and brand voice (the MPF system we use internally)
• ICP and competitive intelligence
• How MCP servers wire it all together

No pitch deck. We'll walk through the working parts of a real agentic GTM stack, show what's possible today, and talk about what breaks.

Learn more and register: https://aka.synozur.com/ai-gtm-26

LMK if you have questions.

Best,
Chris",sent,AAMkADc2NzIwMWU4LTA5MzMtNDFhNS05ZDRjLWQ3NjA0MTE5YTViNgBGAAAAAAA3_y2-8yeVSr16r61eUP-uBwDezV4YgJhoTauHp69aZKU2AAAAAAEPAADezV4YgJhoTauHp69aZKU2AAcRjVN_AAA=,,"{""pass"": true, ""flags"": [], ""suggestedFixes"": []}",1430da60-7872-433b-9761-3a874f340a89,2026-06-24 00:46:05.750241,116500d0-357e-4ace-a7af-7264ed58e22a,2026-06-24 01:10:11.874,,engagement
7ac1d203-ccf8-4928-9c1b-8ee33fd4a2c1,a3e29c4d-3db8-4869-b7ee-478ccd7873ef,1e188712-9dfb-4331-9ec4-73e4d6b3ea71,synozur.com,linkedin,1,,"Michael — VP of Sales is exactly who I built this for.

July 28 webinar on agentic GTM: how revenue teams are using Microsoft-native AI agents (not Salesforce add-ons) to run competitive intel, personalize outreach, and automate pipeline work in their own voice.

Former Microsoft 365 leader, now building this stack at Synozur. Working session, not a pitch deck.

Details + register: https://aka.synozur.com/ai-gtm-26

Worth 60 minutes?

Best,
Chris",draft_pending_approval,,,"{""pass"": true, ""flags"": [], ""suggestedFixes"": []}",1430da60-7872-433b-9761-3a874f340a89,2026-06-24 05:07:19.994295,,,direct_message,outreach
b69e46ce-0eca-4f0a-9297-7a10000f056b,5769ecad-2343-4d10-b1ff-c96b20da94f9,1e188712-9dfb-4331-9ec4-73e4d6b3ea71,synozur.com,linkedin,1,,Alen – hosting a live working session July 28 on agentic GTM inside the Microsoft stack. Built for CROs tired of vendor promises. Register at aka.synozur.com/ai-gtm-26 – Chris,approved,,,"{""pass"": true, ""flags"": [], ""suggestedFixes"": []}",1430da60-7872-433b-9761-3a874f340a89,2026-06-24 20:11:53.86796,116500d0-357e-4ace-a7af-7264ed58e22a,,connect_request,outreach
a3fb6847-7068-4486-833e-49d19b7ff977,fb2cf5d9-2ce1-4c4e-b5b8-7512a14c5981,1e188712-9dfb-4331-9ec4-73e4d6b3ea71,synozur.com,linkedin,1,,"Paige — hosting a webinar on agentic GTM for Microsoft partners July 28. Chris McNulty (ex-Microsoft 365) walks through MPF, ICP, and competitive intel automation. Could be useful for Enavate's positioning. Details at aka.synozur.com/ai-gtm-26-event",approved,,,"{""pass"": true, ""flags"": [], ""suggestedFixes"": []}",1430da60-7872-433b-9761-3a874f340a89,2026-06-24 20:13:16.855913,116500d0-357e-4ace-a7af-7264ed58e22a,,connect_request,outreach
ff5f227d-aeb1-453c-8fd1-7ed39b6d297d,2a966661-9613-4108-ac3c-f6beeac7e262,1e188712-9dfb-4331-9ec4-73e4d6b3ea71,synozur.com,linkedin,1,,"Cathy—we're hosting a working session on agentic GTM stacks (Microsoft 365 + AI agents, not just Salesforce hype). Valuable for sales leaders navigating AI tools. July 28, online. Register: aka.synozur.com/ai-gtm-26",draft_pending_approval,,,"{""pass"": true, ""flags"": [], ""suggestedFixes"": []}",1430da60-7872-433b-9761-3a874f340a89,2026-06-24 20:13:41.390958,,,connect_request,outreach
810fbb1e-d33f-4130-a4eb-6b779c7cc124,40c150dc-bdfc-4678-a695-1402dc2ffa01,1e188712-9dfb-4331-9ec4-73e4d6b3ea71,synozur.com,linkedin,1,,"Ryan — we're hosting a working session on agentic GTM for revenue teams, July 28. Walk through MPF, ICP, and competitive intel automation inside your Microsoft stack. Register at aka.synozur.com/ai-gtm-26",approved,,,"{""pass"": true, ""flags"": [], ""suggestedFixes"": []}",1430da60-7872-433b-9761-3a874f340a89,2026-06-24 20:17:41.965178,116500d0-357e-4ace-a7af-7264ed58e22a,,connect_request,outreach
acec1168-7a57-430c-ab07-0b1b9434dad5,8e2c751a-bee8-4b3a-8679-6d3c639f89a9,1e188712-9dfb-4331-9ec4-73e4d6b3ea71,synozur.com,linkedin,1,,"Jim — I'm hosting a working session on agentic GTM inside the Microsoft stack (July 28). Built for partners like eimagine navigating the agent shift. Register: aka.synozur.com/ai-gtm-26

Best,
Chris",draft_pending_approval,,,"{""pass"": true, ""flags"": [], ""suggestedFixes"": []}",1430da60-7872-433b-9761-3a874f340a89,2026-06-24 20:23:25.453669,,,connect_request,outreach
927d0f27-6861-4801-8520-b8af1d8f099b,d34f4971-716c-4cf5-ae4f-290fa7e6d878,1e188712-9dfb-4331-9ec4-73e4d6b3ea71,synozur.com,linkedin,1,,Taylor — CRO at a top Microsoft ISV puts you in the middle of the agentic GTM wave. Running a working session July 28 on building the stack inside M365. Would value your take. Event's at aka.synozur.com/ai-gtm-26,approved,,,"{""pass"": true, ""flags"": [], ""suggestedFixes"": []}",1430da60-7872-433b-9761-3a874f340a89,2026-06-25 17:05:03.379173,116500d0-357e-4ace-a7af-7264ed58e22a,,connect_request,outreach
af0be9c6-faf5-4734-88d8-fa0343189753,f6767171-1a3b-4e73-b000-8d3f29284023,1e188712-9dfb-4331-9ec4-73e4d6b3ea71,synozur.com,email,1,Agentic GTM stack — July 28 webinar,"Jordan,

Salesforce and HubSpot are racing to sell AI agents for GTM. The harder question: who makes agentic GTM actually work on your data, in your voice, inside your Microsoft stack?

I'm running a working session on Tuesday, July 28 — The Agentic GTM Stack. We'll cover the fundamentals (messaging frameworks, ICP, competitive intel) and walk through how agents and MCP servers fit into real GTM automation.

It's designed for revenue and product leaders who need to move past the hype and build something that works.

Register at https://aka.synozur.com/ai-gtm-26

Best,
Chris",approved,AAMkADc2NzIwMWU4LTA5MzMtNDFhNS05ZDRjLWQ3NjA0MTE5YTViNgBGAAAAAAA3_y2-8yeVSr16r61eUP-uBwDezV4YgJhoTauHp69aZKU2AAAAAAEPAADezV4YgJhoTauHp69aZKU2AAcw4WRjAAA=,,"{""pass"": true, ""flags"": [], ""suggestedFixes"": []}",1430da60-7872-433b-9761-3a874f340a89,2026-06-27 00:11:08.296418,116500d0-357e-4ace-a7af-7264ed58e22a,,,engagement
db644616-367a-4834-8635-fd830013bbcf,182520b0-a8e9-4d6c-8113-d4370643c19c,1e188712-9dfb-4331-9ec4-73e4d6b3ea71,synozur.com,linkedin,1,,"Marcel—CMO at a big SI, so you've seen this: campaigns that look busy but don't convert to co-sell pipeline. July 28 webinar on agentic GTM for Microsoft partners. Worth 90 minutes? aka.synozur.com/ai-gtm-26",approved,,,"{""pass"": true, ""flags"": [], ""suggestedFixes"": []}",1430da60-7872-433b-9761-3a874f340a89,2026-06-25 17:20:06.535705,116500d0-357e-4ace-a7af-7264ed58e22a,,connect_request,outreach
99e07f9a-cd03-4eb3-92e1-06e8bd167682,182520b0-a8e9-4d6c-8113-d4370643c19c,1e188712-9dfb-4331-9ec4-73e4d6b3ea71,synozur.com,linkedin,1,,"Marcel—CMO at a big SI, so you've seen this: campaigns that look busy but don't convert to co-sell pipeline. July 28 webinar on agentic GTM for Microsoft partners. Worth 90 minutes? aka.synozur.com/ai-gtm-26",draft_pending_approval,,,"{""pass"": true, ""flags"": [], ""suggestedFixes"": []}",1430da60-7872-433b-9761-3a874f340a89,2026-06-25 17:20:26.000974,,,connect_request,outreach
c7b49ee9-8d2c-42a2-bcda-8ff5a18bc1e3,32c6c461-cdca-42be-a223-263345b3b46f,1e188712-9dfb-4331-9ec4-73e4d6b3ea71,synozur.com,linkedin,1,,"Sangeeta, I'm hosting a working session July 28 on agentic GTM inside the Microsoft stack — the gap between what Salesforce and HubSpot are selling and what actually works on your data, in your voice.

You've built Slalom's ""copilot"" narrative at scale. I'd value your take on what's working in partner marketing post-ZIRP, especially around AI positioning and co-sell velocity.

Happy to have you join as an attendee or ecosystem voice if the topic resonates. Details: https://aka.synozur.com/ai-gtm-26-event

Best,
Chris",draft_pending_approval,,,"{""pass"": true, ""flags"": [], ""suggestedFixes"": []}",1430da60-7872-433b-9761-3a874f340a89,2026-06-25 17:23:49.415961,,,direct_message,outreach
b986f36a-6459-42cf-9c9b-85b3559e59dd,40f0523b-ab8a-475e-952e-9ecd1d5542d7,1e188712-9dfb-4331-9ec4-73e4d6b3ea71,synozur.com,email,1,Agentic GTM stack — July 28 working session,"Jennifer,

Quick question: is your organization part of the Microsoft partner ecosystem (SI or ISV), or are you building GTM in a different landscape?

If the former, I'm hosting a working session on July 28 that might be worth 90 minutes. We're walking through the agentic GTM stack — the tools, skills, and MCP servers that actually automate messaging, competitive intelligence, and ICP work inside your Microsoft environment, not a Salesforce add-on.

Format: 20-minute overview of agents for GTM, then we build together — messaging frameworks, brand voice, competitive battlecards — using live data. No slides. Attendees bring their own GTM challenges, we work through them.

Free, online. I'm leading it as CTO at Synozur (I spent a decade running product marketing for Microsoft 365, including Copilot).

Learn more at https://aka.synozur.com/ai-gtm-26-event and register at https://aka.synozur.com/ai-gtm-26

If Microsoft partner work isn't your world, no worries — happy to connect you with someone it fits better.

Best,
Chris",sent,AAMkADc2NzIwMWU4LTA5MzMtNDFhNS05ZDRjLWQ3NjA0MTE5YTViNgBGAAAAAAA3_y2-8yeVSr16r61eUP-uBwDezV4YgJhoTauHp69aZKU2AAAAAAEPAADezV4YgJhoTauHp69aZKU2AAcoBKjnAAA=,,"{""pass"": true, ""flags"": [], ""suggestedFixes"": []}",1430da60-7872-433b-9761-3a874f340a89,2026-06-25 17:16:42.738868,116500d0-357e-4ace-a7af-7264ed58e22a,2026-06-25 18:49:46.103,,engagement
fab2c942-cee2-4ebe-8707-6b6ac77f630e,5d2b27d9-d3c3-4bd6-96de-393e0e02ab5f,1e188712-9dfb-4331-9ec4-73e4d6b3ea71,synozur.com,email,1,Agentic GTM on July 28 — live working session,"Michal,

Salesforce and HubSpot are selling AI agents hard right now. The harder question: who makes agentic GTM actually work on your data, in your voice, inside your Microsoft stack?

I'm running a working session on July 28 that walks through the agentic GTM stack — agents, skills, MCP servers — then maps the fundamentals: messaging frameworks, ICP, competitive intelligence, content generation, and outreach.

It's built for revenue and product leaders at Microsoft partners who need to see how this works in practice, not just theory.

You can learn more at https://aka.synozur.com/ai-gtm-26-event and register at https://aka.synozur.com/ai-gtm-26.

Would be good to have you there.

Best,
Chris",approved,AAMkADc2NzIwMWU4LTA5MzMtNDFhNS05ZDRjLWQ3NjA0MTE5YTViNgBGAAAAAAA3_y2-8yeVSr16r61eUP-uBwDezV4YgJhoTauHp69aZKU2AAAAAAEPAADezV4YgJhoTauHp69aZKU2AAcw4WRkAAA=,,"{""pass"": true, ""flags"": [], ""suggestedFixes"": []}",1430da60-7872-433b-9761-3a874f340a89,2026-06-27 00:12:39.214127,116500d0-357e-4ace-a7af-7264ed58e22a,,,engagement
3e075772-a5c5-4a56-a752-95f3cbe7d171,66add85c-0791-41fc-aa9d-f96c04605abb,3cfd4328-b25a-46f8-ae33-b19b9a9eb36d,synozur.com,email,1,,"I can't write this outreach.

Alexander Reinhard at Choctaw Nation of Oklahoma is a **12/100 ICP fit** — desktop engineering at a tribal government entity with no decision authority, no transformation budget, and no alignment to any of Synozur's buyer personas.

The research dossier itself flags this: ""Skip. No entry point, no fit, no urgency.""

Sending email anyway would waste his time and yours. Desktop engineering doesn't own strategy, doesn't control budgets, and can't sponsor an engagement. You'd need to either:

1. Find a different prospect (CIO, CFO, or CEO at a midmarket retail/manufacturing company, PE firm, or Microsoft partner).
2. Find a different contact at Choctaw Nation (unlikely to have the right buyer persona at a sovereign nation government).

Happy to write outreach to someone who actually fits your ICP. Just point me to a real prospect.",sent,AAMkADc2NzIwMWU4LTA5MzMtNDFhNS05ZDRjLWQ3NjA0MTE5YTViNgBGAAAAAAA3_y2-8yeVSr16r61eUP-uBwDezV4YgJhoTauHp69aZKU2AAAAAAEPAADezV4YgJhoTauHp69aZKU2AAeQbfJoAAA=,,"{""pass"": true, ""flags"": [{""kind"": ""can_spam"", ""detail"": ""Email has no subject line.""}], ""suggestedFixes"": [""Add a clear, non-deceptive subject line.""]}",1430da60-7872-433b-9761-3a874f340a89,2026-07-08 21:58:40.526892,116500d0-357e-4ace-a7af-7264ed58e22a,2026-07-10 20:34:59.895,,engagement
f12ace29-1897-4af7-8630-d8e81a45d87e,18dc9dcb-288b-4e88-bbd6-0186f31bc8b6,1e188712-9dfb-4331-9ec4-73e4d6b3ea71,synozur.com,linkedin,1,,"Cailin — Chris McNulty, CTO at Synozur. Hosting a working session July 28 on agentic GTM stacks. Built for Microsoft partners but wondering if the framework translates to SAP ecosystems. Worth 60 minutes? aka.synozur.com/ai-gtm-26",draft_pending_approval,,,"{""pass"": true, ""flags"": [], ""suggestedFixes"": []}",1430da60-7872-433b-9761-3a874f340a89,2026-06-25 17:27:18.87661,,,connect_request,outreach
61bd4fb6-f428-4b36-a1bd-3c216fd28d80,32c6c461-cdca-42be-a223-263345b3b46f,1e188712-9dfb-4331-9ec4-73e4d6b3ea71,synozur.com,email,1,Slalom + Synozur on stage?,"Sangeeta,

I'm hosting a webinar July 28 on agentic GTM — the Microsoft stack version, not the Salesforce pitch deck.

Quick background: I spent a decade at Microsoft building Copilot and M365 partner programs. Now I run tech and marketing at Synozur, where we're building competitive intel and brand voice tooling for Microsoft partners who need to differentiate without getting flattened by the mothership.

Slalom's ""trusted copilot"" positioning is sharp, and your team's done interesting work on the partner-ecosystem narrative. I'd enjoy having you join as a panelist — 10 minutes on what's actually working in partner marketing post-ZIRP, what's theater, and where agent-driven workflows fit (or don't).

Event's July 28, online. Details at https://aka.synozur.com/ai-gtm-26-event

If that doesn't fit, happy to grab 20 minutes beforehand to compare notes on Microsoft GTM and where competitors are getting it wrong.

LMK.

Best,  
Chris",sent,AAMkADc2NzIwMWU4LTA5MzMtNDFhNS05ZDRjLWQ3NjA0MTE5YTViNgBGAAAAAAA3_y2-8yeVSr16r61eUP-uBwDezV4YgJhoTauHp69aZKU2AAAAAAEPAADezV4YgJhoTauHp69aZKU2AAcoBKjoAAA=,,"{""pass"": true, ""flags"": [], ""suggestedFixes"": []}",1430da60-7872-433b-9761-3a874f340a89,2026-06-25 17:24:47.601355,116500d0-357e-4ace-a7af-7264ed58e22a,2026-06-25 18:49:47.702,,outreach
7aa9fe62-7a3f-4ae3-ab20-b70b82f2d157,4d3b843f-055e-49fc-acce-9a1c57a8becc,1e188712-9dfb-4331-9ec4-73e4d6b3ea71,synozur.com,linkedin,1,,"Ramon – Chris McNulty, CTO at Synozur. Saw you're CMO at DQS. I'm hosting a working session July 28 on agentic GTM for marketing leaders. Would be good to have you: aka.synozur.com/ai-gtm-26-event",approved,,,"{""pass"": true, ""flags"": [], ""suggestedFixes"": []}",1430da60-7872-433b-9761-3a874f340a89,2026-06-26 00:43:30.049844,116500d0-357e-4ace-a7af-7264ed58e22a,,connect_request,outreach
e791978b-2af7-4880-9927-bcb1177d21a1,0c79d475-971a-4797-a517-e817247d05d6,1e188712-9dfb-4331-9ec4-73e4d6b3ea71,synozur.com,linkedin,1,,"Amy — spotted Aktion's Microsoft practice. Running a working session July 28 on agentic GTM inside the MS stack (not Salesforce's pitch). If you own partner messaging/demand gen, I think you'd get value. Worth a look?",approved,,,"{""pass"": true, ""flags"": [], ""suggestedFixes"": []}",1430da60-7872-433b-9761-3a874f340a89,2026-06-26 00:44:37.378773,116500d0-357e-4ace-a7af-7264ed58e22a,,connect_request,outreach
c15fa61e-f389-4c7b-a8d3-de0e44378da5,18dc9dcb-288b-4e88-bbd6-0186f31bc8b6,1e188712-9dfb-4331-9ec4-73e4d6b3ea71,synozur.com,linkedin,1,,"Cailin—CMO at a SAP partner, so maybe a reach, but curious if you're thinking about agentic GTM beyond the SAP stack. Hosting a working session July 28 on agents, voice, and Microsoft-native go-to-market. Worth a look? aka.synozur.com/ai-gtm-26",approved,,,"{""pass"": true, ""flags"": [], ""suggestedFixes"": []}",1430da60-7872-433b-9761-3a874f340a89,2026-06-26 00:46:22.15662,116500d0-357e-4ace-a7af-7264ed58e22a,,connect_request,outreach
c044f419-66ad-451a-9ee2-f4412e416de5,0bd56d4f-5e67-47d3-ab61-8981764b687f,1e188712-9dfb-4331-9ec4-73e4d6b3ea71,synozur.com,linkedin,1,,Karl—you advise fractional clients. Which ones are wrestling with messaging-market fit for AI or Microsoft GTM? I'm hosting a live working session July 28 on agentic GTM stacks. Details at aka.synozur.com/ai-gtm-26-event. Worth a look?,approved,,,"{""pass"": true, ""flags"": [], ""suggestedFixes"": []}",1430da60-7872-433b-9761-3a874f340a89,2026-06-26 00:50:56.761757,116500d0-357e-4ace-a7af-7264ed58e22a,,connect_request,outreach
8de0237e-5cdf-4356-9214-609b85b7a0f5,8c1e9523-77cd-4dad-9895-75513dfd71c2,1e188712-9dfb-4331-9ec4-73e4d6b3ea71,synozur.com,linkedin,1,,"Brian — dual CTO/CMO at a Microsoft SI is rare. If co-sell velocity or AI offer differentiation is on your radar, we're running a working session July 28: The Agentic GTM Stack. Happy to send details if it's relevant. Best, Chris",approved,,,"{""pass"": true, ""flags"": [], ""suggestedFixes"": []}",1430da60-7872-433b-9761-3a874f340a89,2026-06-26 00:52:05.415533,116500d0-357e-4ace-a7af-7264ed58e22a,,connect_request,outreach
f2f04d4e-6cc8-4732-980e-f0403400bdaf,e5321cbb-8278-40a8-8f2e-cda8d0cabb09,1e188712-9dfb-4331-9ec4-73e4d6b3ea71,synozur.com,linkedin,1,,"Jenn, I'm hosting a working session July 28 on agentic GTM stacks—real automation inside M365, not vendor theater. Thinking it may be useful if you're selling into Microsoft-aligned ISVs. Details at aka.synozur.com/ai-gtm-26-event. Worth a look?",approved,,,"{""pass"": true, ""flags"": [], ""suggestedFixes"": []}",1430da60-7872-433b-9761-3a874f340a89,2026-06-26 00:54:51.64234,116500d0-357e-4ace-a7af-7264ed58e22a,,connect_request,outreach
dafb48f6-2fa7-4f0b-a089-6bbca29c624e,fa558ce6-2ebb-46d7-b3dc-3c473ae18bed,1e188712-9dfb-4331-9ec4-73e4d6b3ea71,synozur.com,linkedin,1,,"Jennifer, saw your Microsoft background. We're hosting a working session July 28 on agentic GTM inside the M365 stack—how agents replace Salesforce theater with real automation. Register: aka.synozur.com/ai-gtm-26",approved,,,"{""pass"": true, ""flags"": [], ""suggestedFixes"": []}",1430da60-7872-433b-9761-3a874f340a89,2026-06-26 00:58:20.56771,116500d0-357e-4ace-a7af-7264ed58e22a,,connect_request,outreach
346b3467-e67b-4ecb-9873-1961867f435a,5d2b27d9-d3c3-4bd6-96de-393e0e02ab5f,1e188712-9dfb-4331-9ec4-73e4d6b3ea71,synozur.com,linkedin,1,,"Michal, you've been in the Microsoft partner game long enough to know the pattern: every platform vendor promises agent magic, most GTM teams still build playbooks in Google Docs.

I'm running a working session on Tuesday, July 28 — the agentic GTM stack for Microsoft partners who want AI in their voice, on their data, inside the stack they already own. Messaging, ICP, competitive intel, all wired into agents that actually ship.

Worth 90 minutes if you're thinking about how Orchestry accelerates GTM this year.

https://aka.synozur.com/ai-gtm-26-event

Best,
Chris",draft_pending_approval,,,"{""pass"": true, ""flags"": [], ""suggestedFixes"": []}",1430da60-7872-433b-9761-3a874f340a89,2026-06-27 00:11:44.679258,,,direct_message,engagement
bf881101-c77c-4dbd-8777-d6e402fd1ac8,66add85c-0791-41fc-aa9d-f96c04605abb,3cfd4328-b25a-46f8-ae33-b19b9a9eb36d,synozur.com,linkedin,1,,"Alexander, saw you're leading desktop engineering at Choctaw Nation. No pitch—just curious how your team is thinking about AI tooling and whether legacy infrastructure is slowing you down. Would be good to hear your perspective.",draft_pending_approval,,,"{""pass"": true, ""flags"": [], ""suggestedFixes"": []}",1430da60-7872-433b-9761-3a874f340a89,2026-07-08 21:58:03.089159,,,connect_request,engagement
