id,post_id,social_account_id,tenant_domain,platform,status,published_url,error_code,error_message,response_payload,attempted_at,attempted_by
5805a23a-e2dc-47fa-8f59-82c27626b38e,f2a63065-1908-4aa2-bc61-80b8e3021f9e,28e07d5b-fd3f-4ac7-b0d1-32aa0c3055c4,synozur.com,linkedin,retry_scheduled,,mcp_error,LinkedIn MCP publish failed: MCP error,,2026-06-22 18:39:50.152573,
190472c5-71aa-49f3-848a-0618dea93eed,f2a63065-1908-4aa2-bc61-80b8e3021f9e,28e07d5b-fd3f-4ac7-b0d1-32aa0c3055c4,synozur.com,linkedin,success,https://www.linkedin.com/feed/update/urn%3Ali%3Ashare%3A7474914410789007360/,,,"{""id"": ""urn:li:share:7474914410789007360""}",2026-06-22 20:01:13.171166,116500d0-357e-4ace-a7af-7264ed58e22a
8adc0545-8ab7-4c94-87b2-304619f25044,04c50b70-e77d-40ea-a9c7-14d5b8db4def,28e07d5b-fd3f-4ac7-b0d1-32aa0c3055c4,synozur.com,linkedin,success,https://www.linkedin.com/feed/update/urn%3Ali%3Ashare%3A7474967062545715201/,,,"{""id"": ""urn:li:share:7474967062545715201""}",2026-06-22 23:30:26.097575,116500d0-357e-4ace-a7af-7264ed58e22a
c0e35991-7da8-4511-a543-b248013e84a9,23ee1d69-66a0-42c5-92df-9e812b74d433,28e07d5b-fd3f-4ac7-b0d1-32aa0c3055c4,synozur.com,linkedin,retry_scheduled,,http_400,com.linkedin.content.common.exception.BadRequestResponseException: One or more of the contents is not owned by the author. All contents must be owned by the author,"{""status"": 400, ""message"": ""com.linkedin.content.common.exception.BadRequestResponseException: One or more of the contents is not owned by the author. All contents must be owned by the author"", ""errorDetails"": {""inputErrors"": [{""code"": ""INVALID_CONTENT_OWNERSHIP"", ""input"": {}, ""description"": ""Content(s) you provided must be owned by post author""}]}, ""errorDetailType"": ""com.linkedin.common.error.BadRequest""}",2026-06-23 00:40:18.401642,
cd34e761-e77c-49ff-b89d-1f2ce0bd9314,23ee1d69-66a0-42c5-92df-9e812b74d433,28e07d5b-fd3f-4ac7-b0d1-32aa0c3055c4,synozur.com,linkedin,success,https://www.linkedin.com/feed/update/urn%3Ali%3AugcPost%3A7475004694747287552/,,,"{""urn"": ""urn:li:ugcPost:7475004694747287552""}",2026-06-23 01:59:58.375668,116500d0-357e-4ace-a7af-7264ed58e22a
e76ea8da-204a-4e38-aed7-62adaec3f72c,fc0dc8e2-0d80-441a-a955-24fc0fff9163,28e07d5b-fd3f-4ac7-b0d1-32aa0c3055c4,synozur.com,linkedin,retry_scheduled,,carousel_upload_failed,Carousel PDF failed to upload to LinkedIn — check that the slide image URLs are reachable.,,2026-06-23 04:16:05.678063,
bf76fe09-1f9e-4c99-baa4-4529bf73b81d,fc0dc8e2-0d80-441a-a955-24fc0fff9163,28e07d5b-fd3f-4ac7-b0d1-32aa0c3055c4,synozur.com,linkedin,retry_scheduled,,carousel_upload_failed,Carousel PDF failed to upload to LinkedIn — check that the slide image URLs are reachable.,,2026-06-23 07:24:08.670436,
7c482655-43f8-4422-9b92-9449f04b393e,837bd729-5fe9-4893-b086-91f55acd6448,28e07d5b-fd3f-4ac7-b0d1-32aa0c3055c4,synozur.com,linkedin,success,https://www.linkedin.com/feed/update/urn%3Ali%3AugcPost%3A7475146255338270721/,,,"{""urn"": ""urn:li:ugcPost:7475146255338270721""}",2026-06-23 11:22:29.079001,116500d0-357e-4ace-a7af-7264ed58e22a
91d984dd-c0d9-43b1-9ee6-94b97800e745,998fee5a-7ffd-42c6-a1d7-16a5893bc523,28e07d5b-fd3f-4ac7-b0d1-32aa0c3055c4,synozur.com,linkedin,success,https://www.linkedin.com/feed/update/urn%3Ali%3Ashare%3A7475567765961994240/,,,"{""urn"": ""urn:li:share:7475567765961994240""}",2026-06-24 15:17:25.648915,116500d0-357e-4ace-a7af-7264ed58e22a
295a037d-0bef-4c5e-944a-60fbb99aecbb,8ac77a0c-8bbe-4164-a9e4-4626f9a3a0ca,f7e9fed0-4ed0-467e-ac02-bf140adae7ed,synozur.com,twitter,retry_scheduled,,credits,Your enrolled account [2070202344629809152] does not have any credits to fulfill this request.,"{""type"": ""https://api.twitter.com/2/problems/credits"", ""title"": ""CreditsDepleted"", ""detail"": ""Your enrolled account [2070202344629809152] does not have any credits to fulfill this request."", ""account_id"": 2070202344629809200}",2026-06-25 18:33:49.500859,
b08f51f0-0b46-4770-ba50-7f1127be06ab,ea6ca994-0535-4d73-8fb4-0edba7e132f4,f7e9fed0-4ed0-467e-ac02-bf140adae7ed,synozur.com,twitter,success,https://twitter.com/synozur/status/2070216454155227367,,,"{""data"": {""id"": ""2070216454155227367"", ""text"": ""testing 123\n\n#synozur"", ""edit_history_tweet_ids"": [""2070216454155227367""]}}",2026-06-25 18:44:00.245812,116500d0-357e-4ace-a7af-7264ed58e22a
19d355e4-7357-4006-a122-ff6cc2a90179,0ca5748a-13cd-48e3-bc69-2961a7074fa5,bcdda8b5-d6ec-4509-8ffd-08e613167463,chrismcnulty.net,twitter,success,https://twitter.com/cmcnulty2000/status/2070217762543198689,,,"{""data"": {""id"": ""2070217762543198689"", ""text"": ""testing 123 - Orbit rules\n\n#SynozurOrbit"", ""edit_history_tweet_ids"": [""2070217762543198689""]}}",2026-06-25 18:49:12.19864,cfb63c72-81e0-44ff-9c96-7d6632a72dde
c3a7dfa9-d482-44a8-a8b6-181a07671428,939c0e51-535a-4949-91b8-5a930c54df62,28e07d5b-fd3f-4ac7-b0d1-32aa0c3055c4,synozur.com,linkedin,success,https://www.linkedin.com/feed/update/urn%3Ali%3Ashare%3A7476433645856038913/,,,"{""urn"": ""urn:li:share:7476433645856038913""}",2026-06-27 00:38:08.070117,
8ae2ab7a-2c90-4e78-9ff1-34a65854b984,d4e87ca7-a9c4-4475-98cd-ee1096183ebb,28e07d5b-fd3f-4ac7-b0d1-32aa0c3055c4,synozur.com,linkedin,success,https://www.linkedin.com/feed/update/urn%3Ali%3Ashare%3A7476433726290280448/,,,"{""urn"": ""urn:li:share:7476433726290280448""}",2026-06-27 00:38:27.269164,
404e6e6a-f7fd-494e-9fc0-f67c06b1cbbf,ed6f4607-f688-4655-9ad7-412dc7f537ea,28e07d5b-fd3f-4ac7-b0d1-32aa0c3055c4,synozur.com,linkedin,success,https://www.linkedin.com/feed/update/urn%3Ali%3Ashare%3A7476433834595483648/,,,"{""urn"": ""urn:li:share:7476433834595483648""}",2026-06-27 00:38:52.770354,
d18d8ecd-e49c-450c-90b1-b9b3065a8fc4,802e2b0b-1d86-4197-9578-f4c3ae30652e,f7e9fed0-4ed0-467e-ac02-bf140adae7ed,synozur.com,twitter,success,https://twitter.com/synozur/status/2070903412523171979,,,"{""data"": {""id"": ""2070903412523171979"", ""text"": ""You may already own the tools to work better. M365 Academy helps your team uncover underused features, strengthen governance, and https://t.co/sBLKBltaw0\n\n#Microsoft365 #EmployeeExperience #ModernWork #TechStrategy"", ""edit_history_tweet_ids"": [""2070903412523171979""]}}",2026-06-27 16:13:44.848974,
20c5a22e-a133-4f38-91fe-d2d6c40fd22e,f09c544c-b3ad-42f6-bc8c-c22af736dc9b,f7e9fed0-4ed0-467e-ac02-bf140adae7ed,synozur.com,twitter,retry_scheduled,,token_refresh_failed,"Twitter token refresh failed: Twitter token refresh failed: 400 {""error"":""invalid_request"",""error_description"":""Value passed for the token was invalid.""}",,2026-06-27 16:13:45.201338,
641972c6-691a-4c8e-87dd-c23e29ac4e41,a2285446-07e2-42bf-a3c0-dc15d3ab3af3,f7e9fed0-4ed0-467e-ac02-bf140adae7ed,synozur.com,twitter,retry_scheduled,,token_refresh_failed,"Twitter token refresh failed: Twitter token refresh failed: 400 {""error"":""invalid_request"",""error_description"":""Value passed for the token was invalid.""}",,2026-06-27 16:13:45.701702,
4341544d-26da-498d-9059-ee18f2a0b582,0ee2242f-c8c6-48c4-ba7a-0a781a2b8d36,f7e9fed0-4ed0-467e-ac02-bf140adae7ed,synozur.com,twitter,retry_scheduled,,token_refresh_failed,"Twitter token refresh failed: Twitter token refresh failed: 400 {""error"":""invalid_request"",""error_description"":""Value passed for the token was invalid.""}",,2026-06-27 16:13:46.021936,
bfc24ce0-b8e5-4a47-8381-d161aaca3928,8dd664d1-5e24-493a-b054-181e2ad3f540,f7e9fed0-4ed0-467e-ac02-bf140adae7ed,synozur.com,twitter,retry_scheduled,,token_refresh_failed,"Twitter token refresh failed: Twitter token refresh failed: 400 {""error"":""invalid_request"",""error_description"":""Value passed for the token was invalid.""}",,2026-06-27 16:13:48.907967,
7dc55a44-b4d7-43dd-b59a-84d9596ff6b5,75612a29-d6ce-4bae-8b8f-55421526e576,f7e9fed0-4ed0-467e-ac02-bf140adae7ed,synozur.com,twitter,retry_scheduled,,token_refresh_failed,"Twitter token refresh failed: Twitter token refresh failed: 400 {""error"":""invalid_request"",""error_description"":""Value passed for the token was invalid.""}",,2026-06-27 16:13:49.16527,
cbfd599b-d485-4678-ad90-1cdb2cf3566b,f3565a5c-afda-4d70-b3b1-1b2b0410be3a,f7e9fed0-4ed0-467e-ac02-bf140adae7ed,synozur.com,twitter,retry_scheduled,,token_refresh_failed,"Twitter token refresh failed: Twitter token refresh failed: 400 {""error"":""invalid_request"",""error_description"":""Value passed for the token was invalid.""}",,2026-06-27 16:13:49.415823,
113a2e10-8f78-4b54-8fc8-0cc41be92f04,c32c15c2-c6ba-4b8c-8a34-93098cabc7dc,f7e9fed0-4ed0-467e-ac02-bf140adae7ed,synozur.com,twitter,retry_scheduled,,token_refresh_failed,"Twitter token refresh failed: Twitter token refresh failed: 400 {""error"":""invalid_request"",""error_description"":""Value passed for the token was invalid.""}",,2026-06-27 16:13:54.500468,
b4049f59-504c-4747-a60d-becf593f16e0,93a8707c-ea23-4076-80f4-f1c0800d0441,f7e9fed0-4ed0-467e-ac02-bf140adae7ed,synozur.com,twitter,retry_scheduled,,token_refresh_failed,"Twitter token refresh failed: Twitter token refresh failed: 400 {""error"":""invalid_request"",""error_description"":""Value passed for the token was invalid.""}",,2026-06-27 16:13:54.742673,
8e188f94-63e8-4350-a85d-51a6244b6255,1ce5dd40-948d-4371-83d2-ddcc34c8cdfa,f7e9fed0-4ed0-467e-ac02-bf140adae7ed,synozur.com,twitter,retry_scheduled,,token_refresh_failed,"Twitter token refresh failed: Twitter token refresh failed: 400 {""error"":""invalid_request"",""error_description"":""Value passed for the token was invalid.""}",,2026-06-27 16:14:03.224577,
3d4a1bc0-ec36-4b30-bc2c-2f074a292138,5f8a3b3a-1c53-48e8-952a-ec904ac5f9aa,f7e9fed0-4ed0-467e-ac02-bf140adae7ed,synozur.com,twitter,retry_scheduled,,token_refresh_failed,"Twitter token refresh failed: Twitter token refresh failed: 400 {""error"":""invalid_request"",""error_description"":""Value passed for the token was invalid.""}",,2026-06-27 16:14:03.444849,
b01eb444-6f6c-4058-8d63-d1ccc94b9293,dbe10679-a394-4eeb-8a8a-c469c75b85e5,f7e9fed0-4ed0-467e-ac02-bf140adae7ed,synozur.com,twitter,retry_scheduled,,token_refresh_failed,"Twitter token refresh failed: Twitter token refresh failed: 400 {""error"":""invalid_request"",""error_description"":""Value passed for the token was invalid.""}",,2026-06-27 16:14:00.665392,
df7fc5da-8f3e-436e-9930-b381f41d6e14,fe8e8e1a-be26-4170-bd3c-bbb60b94f6b3,f7e9fed0-4ed0-467e-ac02-bf140adae7ed,synozur.com,twitter,retry_scheduled,,token_refresh_failed,"Twitter token refresh failed: Twitter token refresh failed: 400 {""error"":""invalid_request"",""error_description"":""Value passed for the token was invalid.""}",,2026-06-27 16:14:00.954497,
546035b3-e86b-4e90-a5f6-c81ddab6d41e,193a3dfc-8432-439e-8d19-ab16b2bbb558,f7e9fed0-4ed0-467e-ac02-bf140adae7ed,synozur.com,twitter,retry_scheduled,,token_refresh_failed,"Twitter token refresh failed: Twitter token refresh failed: 400 {""error"":""invalid_request"",""error_description"":""Value passed for the token was invalid.""}",,2026-06-27 16:14:01.190752,
64fde9fe-e263-4e9f-8f8e-d43c49705bbc,c0f93ecc-d46f-4b60-8e4e-15e854124f53,f7e9fed0-4ed0-467e-ac02-bf140adae7ed,synozur.com,twitter,retry_scheduled,,token_refresh_failed,"Twitter token refresh failed: Twitter token refresh failed: 400 {""error"":""invalid_request"",""error_description"":""Value passed for the token was invalid.""}",,2026-06-27 16:14:01.516306,
db227979-7ba6-47dc-8d8f-ffbcd082e287,b381a9ef-124c-488e-89fb-7a893faeb006,f7e9fed0-4ed0-467e-ac02-bf140adae7ed,synozur.com,twitter,retry_scheduled,,token_refresh_failed,"Twitter token refresh failed: Twitter token refresh failed: 400 {""error"":""invalid_request"",""error_description"":""Value passed for the token was invalid.""}",,2026-06-27 16:14:01.755562,
8362a8b6-e51b-4080-b825-2b8f74582bc3,9952ddfd-4e65-4ad5-bcf7-d71cb6055943,f7e9fed0-4ed0-467e-ac02-bf140adae7ed,synozur.com,twitter,retry_scheduled,,token_refresh_failed,"Twitter token refresh failed: Twitter token refresh failed: 400 {""error"":""invalid_request"",""error_description"":""Value passed for the token was invalid.""}",,2026-06-27 16:14:01.994431,
9e9ead47-6d0b-4ab7-8643-2d54a8bf0dbf,8ac77a0c-8bbe-4164-a9e4-4626f9a3a0ca,f7e9fed0-4ed0-467e-ac02-bf140adae7ed,synozur.com,twitter,success,https://twitter.com/synozur/status/2070903489287385472,,,"{""data"": {""id"": ""2070903489287385472"", ""text"": ""testing 123\n\n#synozur"", ""edit_history_tweet_ids"": [""2070903489287385472""]}}",2026-06-27 16:14:02.204867,116500d0-357e-4ace-a7af-7264ed58e22a
002018fd-d723-4a36-bf31-2de0f33e8ef6,5b72aadb-0c21-4c14-8f27-a9a7039a6c3c,f7e9fed0-4ed0-467e-ac02-bf140adae7ed,synozur.com,twitter,retry_scheduled,,token_refresh_failed,"Twitter token refresh failed: Twitter token refresh failed: 400 {""error"":""invalid_request"",""error_description"":""Value passed for the token was invalid.""}",,2026-06-27 16:14:02.225156,
1cd84cbd-9e12-44fe-846d-4ff0c174c926,98bb93f5-304d-4483-9efd-ae88a1ffe772,f7e9fed0-4ed0-467e-ac02-bf140adae7ed,synozur.com,twitter,retry_scheduled,,token_refresh_failed,"Twitter token refresh failed: Twitter token refresh failed: 400 {""error"":""invalid_request"",""error_description"":""Value passed for the token was invalid.""}",,2026-06-27 16:14:02.524999,
c30d709b-a945-474f-b392-a4c6029bb665,b86246e5-9b1e-45e5-8a7f-de42d15ce64b,f7e9fed0-4ed0-467e-ac02-bf140adae7ed,synozur.com,twitter,retry_scheduled,,token_refresh_failed,"Twitter token refresh failed: Twitter token refresh failed: 400 {""error"":""invalid_request"",""error_description"":""Value passed for the token was invalid.""}",,2026-06-27 16:14:02.74679,
7b375a2f-10c5-4eec-8668-dea130d3f514,43eb892a-abb9-41ae-9490-7efc90f9f3a7,f7e9fed0-4ed0-467e-ac02-bf140adae7ed,synozur.com,twitter,retry_scheduled,,token_refresh_failed,"Twitter token refresh failed: Twitter token refresh failed: 400 {""error"":""invalid_request"",""error_description"":""Value passed for the token was invalid.""}",,2026-06-27 16:14:02.983523,
5f489afd-b40f-49b7-99b0-ea527d8dcfb7,e29e6246-d440-4fa0-b288-10359e10d28a,f7e9fed0-4ed0-467e-ac02-bf140adae7ed,synozur.com,twitter,retry_scheduled,,token_refresh_failed,"Twitter token refresh failed: Twitter token refresh failed: 400 {""error"":""invalid_request"",""error_description"":""Value passed for the token was invalid.""}",,2026-06-27 16:14:06.4896,
951223c9-cf90-49d9-bf02-180f4da2b569,066e322a-12f0-4eb5-ad05-97306e1aca14,f7e9fed0-4ed0-467e-ac02-bf140adae7ed,synozur.com,twitter,retry_scheduled,,token_refresh_failed,"Twitter token refresh failed: Twitter token refresh failed: 400 {""error"":""invalid_request"",""error_description"":""Value passed for the token was invalid.""}",,2026-06-27 16:14:06.726476,
ae9ee861-a51a-426a-8c59-a5bd08215449,1e4d2f59-d5d4-4efc-b1be-336404fabe52,f7e9fed0-4ed0-467e-ac02-bf140adae7ed,synozur.com,twitter,retry_scheduled,,token_refresh_failed,"Twitter token refresh failed: Twitter token refresh failed: 400 {""error"":""invalid_request"",""error_description"":""Value passed for the token was invalid.""}",,2026-06-27 16:14:06.953076,
5b7a1491-ef2e-4b0b-b3b2-14accd83904f,f24510e9-f38e-4c44-b1f3-fe02a13355c5,f7e9fed0-4ed0-467e-ac02-bf140adae7ed,synozur.com,twitter,retry_scheduled,,token_refresh_failed,"Twitter token refresh failed: Twitter token refresh failed: 400 {""error"":""invalid_request"",""error_description"":""Value passed for the token was invalid.""}",,2026-06-27 16:14:12.720015,
f871e334-4c6d-4928-a0e0-ded8d65cc18b,a88aa852-5743-43b7-b58a-d4106804f6f1,28e07d5b-fd3f-4ac7-b0d1-32aa0c3055c4,synozur.com,linkedin,success,https://www.linkedin.com/feed/update/urn%3Ali%3Ashare%3A7476669833535950848/,,,"{""urn"": ""urn:li:share:7476669833535950848""}",2026-06-27 16:16:44.522051,
d4b30e7b-6ab5-44d6-8d2e-a28b01dfe16e,04e8cbf5-c380-4938-bc11-70d9dd09165b,28e07d5b-fd3f-4ac7-b0d1-32aa0c3055c4,synozur.com,linkedin,success,https://www.linkedin.com/feed/update/urn%3Ali%3Ashare%3A7476669902519730176/,,,"{""urn"": ""urn:li:share:7476669902519730176""}",2026-06-27 16:16:58.628755,
f17edc9b-7820-47c4-ae10-1bb1eff07a10,8b9606df-fab5-405e-906a-1caa790a558c,28e07d5b-fd3f-4ac7-b0d1-32aa0c3055c4,synozur.com,linkedin,success,https://www.linkedin.com/feed/update/urn%3Ali%3Ashare%3A7476669927886843904/,,,"{""urn"": ""urn:li:share:7476669927886843904""}",2026-06-27 16:17:03.520396,
d2876610-015e-43fb-9774-5a33354dc503,d87f9ec5-4af2-4f54-b002-2ca629a57425,28e07d5b-fd3f-4ac7-b0d1-32aa0c3055c4,synozur.com,linkedin,success,https://www.linkedin.com/feed/update/urn%3Ali%3Ashare%3A7476669950984867840/,,,"{""urn"": ""urn:li:share:7476669950984867840""}",2026-06-27 16:17:10.920642,
99aa780a-972f-4c68-98b1-9cc56a19a6a5,a1c4d4cd-f1fa-4ea2-9e3d-c7d08205f1d3,28e07d5b-fd3f-4ac7-b0d1-32aa0c3055c4,synozur.com,linkedin,retry_scheduled,,http_422,com.linkedin.content.common.exception.BadRequestResponseException: Content is a duplicate of urn:li:share:7476669980382728194,"{""status"": 422, ""message"": ""com.linkedin.content.common.exception.BadRequestResponseException: Content is a duplicate of urn:li:share:7476669980382728194"", ""errorDetails"": {""inputErrors"": [{""code"": ""DUPLICATE_POST"", ""input"": {}, ""description"": ""Duplicate post is detected""}]}, ""errorDetailType"": ""com.linkedin.common.error.BadRequest""}",2026-06-27 16:17:45.923456,
cfc0df80-21d1-4af2-9791-5732dc8cae17,f25871f0-e1b1-4576-bd06-c6b882af86d6,28e07d5b-fd3f-4ac7-b0d1-32aa0c3055c4,synozur.com,linkedin,success,https://www.linkedin.com/feed/update/urn%3Ali%3Ashare%3A7476670184590573568/,,,"{""urn"": ""urn:li:share:7476670184590573568""}",2026-06-27 16:18:12.82227,
12cbfc02-6b99-4e2f-9930-2494ee5621ab,7cb90d8b-5d88-470f-b629-2f59ac419657,28e07d5b-fd3f-4ac7-b0d1-32aa0c3055c4,synozur.com,linkedin,retry_scheduled,,http_422,com.linkedin.content.common.exception.BadRequestResponseException: Content is a duplicate of urn:li:share:7476670345643487232,"{""status"": 422, ""message"": ""com.linkedin.content.common.exception.BadRequestResponseException: Content is a duplicate of urn:li:share:7476670345643487232"", ""errorDetails"": {""inputErrors"": [{""code"": ""DUPLICATE_POST"", ""input"": {}, ""description"": ""Duplicate post is detected""}]}, ""errorDetailType"": ""com.linkedin.common.error.BadRequest""}",2026-06-27 16:18:46.475216,
3db637a7-49f7-4390-8c9f-96b796a0f933,6b98e9bf-5abd-4acd-83ad-153f92248d88,28e07d5b-fd3f-4ac7-b0d1-32aa0c3055c4,synozur.com,linkedin,retry_scheduled,,http_422,com.linkedin.content.common.exception.BadRequestResponseException: Content is a duplicate of urn:li:share:7476670375007842304,"{""status"": 422, ""message"": ""com.linkedin.content.common.exception.BadRequestResponseException: Content is a duplicate of urn:li:share:7476670375007842304"", ""errorDetails"": {""inputErrors"": [{""code"": ""DUPLICATE_POST"", ""input"": {}, ""description"": ""Duplicate post is detected""}]}, ""errorDetailType"": ""com.linkedin.common.error.BadRequest""}",2026-06-27 16:18:52.222981,
cc329c01-7ab2-47d2-9461-4117c5204ffc,c7faebbf-c676-4bef-84c7-1b40c45a88ca,28e07d5b-fd3f-4ac7-b0d1-32aa0c3055c4,synozur.com,linkedin,retry_scheduled,,http_422,com.linkedin.content.common.exception.BadRequestResponseException: Content is a duplicate of urn:li:share:7476670425834340352,"{""status"": 422, ""message"": ""com.linkedin.content.common.exception.BadRequestResponseException: Content is a duplicate of urn:li:share:7476670425834340352"", ""errorDetails"": {""inputErrors"": [{""code"": ""DUPLICATE_POST"", ""input"": {}, ""description"": ""Duplicate post is detected""}]}, ""errorDetailType"": ""com.linkedin.common.error.BadRequest""}",2026-06-27 16:19:03.021292,
b795f641-5d12-403e-a9b0-52b9446051df,a0fae640-f357-4814-ab00-dcc6fa112c46,28e07d5b-fd3f-4ac7-b0d1-32aa0c3055c4,synozur.com,linkedin,success,https://www.linkedin.com/feed/update/urn%3Ali%3Ashare%3A7476670447045005312/,,,"{""urn"": ""urn:li:share:7476670447045005312""}",2026-06-27 16:19:10.12299,
ab1aba77-9e3b-42d7-b9ac-f3db47082c7d,13865564-2699-4e49-8716-b49d9279c7a5,28e07d5b-fd3f-4ac7-b0d1-32aa0c3055c4,synozur.com,linkedin,retry_scheduled,,http_422,com.linkedin.content.common.exception.BadRequestResponseException: Content is a duplicate of urn:li:share:7476670482193358848,"{""status"": 422, ""message"": ""com.linkedin.content.common.exception.BadRequestResponseException: Content is a duplicate of urn:li:share:7476670482193358848"", ""errorDetails"": {""inputErrors"": [{""code"": ""DUPLICATE_POST"", ""input"": {}, ""description"": ""Duplicate post is detected""}]}, ""errorDetailType"": ""com.linkedin.common.error.BadRequest""}",2026-06-27 16:19:20.322305,
d0238503-5adf-428b-a215-23252250a685,0a4903d3-0f1e-48ae-8b26-2d74f4104a07,28e07d5b-fd3f-4ac7-b0d1-32aa0c3055c4,synozur.com,linkedin,retry_scheduled,,http_422,com.linkedin.content.common.exception.BadRequestResponseException: Content is a duplicate of urn:li:share:7476670582177021953,"{""status"": 422, ""message"": ""com.linkedin.content.common.exception.BadRequestResponseException: Content is a duplicate of urn:li:share:7476670582177021953"", ""errorDetails"": {""inputErrors"": [{""code"": ""DUPLICATE_POST"", ""input"": {}, ""description"": ""Duplicate post is detected""}]}, ""errorDetailType"": ""com.linkedin.common.error.BadRequest""}",2026-06-27 16:19:49.420814,
8bd63d9f-8ecd-4eb1-8972-c3107686199c,6b98e9bf-5abd-4acd-83ad-153f92248d88,28e07d5b-fd3f-4ac7-b0d1-32aa0c3055c4,synozur.com,linkedin,success,https://www.linkedin.com/feed/update/urn%3Ali%3Ashare%3A7476678952007200768/,,,"{""urn"": ""urn:li:share:7476678952007200768""}",2026-06-27 16:52:57.407158,
b0150e3a-f2af-4eaa-9310-6efd531b5a9e,c7faebbf-c676-4bef-84c7-1b40c45a88ca,28e07d5b-fd3f-4ac7-b0d1-32aa0c3055c4,synozur.com,linkedin,retry_scheduled,,http_422,com.linkedin.content.common.exception.BadRequestResponseException: Content is a duplicate of urn:li:share:7476678975231000576,"{""status"": 422, ""message"": ""com.linkedin.content.common.exception.BadRequestResponseException: Content is a duplicate of urn:li:share:7476678975231000576"", ""errorDetails"": {""inputErrors"": [{""code"": ""DUPLICATE_POST"", ""input"": {}, ""description"": ""Duplicate post is detected""}]}, ""errorDetailType"": ""com.linkedin.common.error.BadRequest""}",2026-06-27 16:53:04.125507,
288cb447-098d-4e91-a505-8662d7a7d625,13865564-2699-4e49-8716-b49d9279c7a5,28e07d5b-fd3f-4ac7-b0d1-32aa0c3055c4,synozur.com,linkedin,retry_scheduled,,exception,Connection terminated due to connection timeout,,2026-06-27 16:58:54.924659,
5e3d7c19-dce8-4bd7-84fe-7f046ce3ea7d,0a4903d3-0f1e-48ae-8b26-2d74f4104a07,28e07d5b-fd3f-4ac7-b0d1-32aa0c3055c4,synozur.com,linkedin,retry_scheduled,,http_422,com.linkedin.content.common.exception.BadRequestResponseException: Content is a duplicate of urn:li:share:7476680515622817792,"{""status"": 422, ""message"": ""com.linkedin.content.common.exception.BadRequestResponseException: Content is a duplicate of urn:li:share:7476680515622817792"", ""errorDetails"": {""inputErrors"": [{""code"": ""DUPLICATE_POST"", ""input"": {}, ""description"": ""Duplicate post is detected""}]}, ""errorDetailType"": ""com.linkedin.common.error.BadRequest""}",2026-06-27 16:59:08.639275,
1b028c55-ae42-4661-aa3d-c3df2c3495d5,a1c4d4cd-f1fa-4ea2-9e3d-c7d08205f1d3,28e07d5b-fd3f-4ac7-b0d1-32aa0c3055c4,synozur.com,linkedin,success,https://www.linkedin.com/feed/update/urn%3Ali%3Ashare%3A7476680531854786560/,,,"{""urn"": ""urn:li:share:7476680531854786560""}",2026-06-27 16:59:09.12321,
6ffe1c98-7cf2-4876-bdda-95093ae5e9cc,7cb90d8b-5d88-470f-b629-2f59ac419657,28e07d5b-fd3f-4ac7-b0d1-32aa0c3055c4,synozur.com,linkedin,success,https://www.linkedin.com/feed/update/urn%3Ali%3Ashare%3A7476680537357701120/,,,"{""urn"": ""urn:li:share:7476680537357701120""}",2026-06-27 16:59:10.906806,
cb769115-ab4c-4eed-8166-f41756e30fe5,20d39374-e5a4-4b6a-a937-d46b907d7eb6,28e07d5b-fd3f-4ac7-b0d1-32aa0c3055c4,synozur.com,linkedin,retry_scheduled,,http_422,com.linkedin.content.common.exception.BadRequestResponseException: Content is a duplicate of urn:li:share:7476680541417779200,"{""status"": 422, ""message"": ""com.linkedin.content.common.exception.BadRequestResponseException: Content is a duplicate of urn:li:share:7476680541417779200"", ""errorDetails"": {""inputErrors"": [{""code"": ""DUPLICATE_POST"", ""input"": {}, ""description"": ""Duplicate post is detected""}]}, ""errorDetailType"": ""com.linkedin.common.error.BadRequest""}",2026-06-27 16:59:11.25811,
6345be76-795b-4dfc-8371-16b44909b096,78317c9b-cd7c-40f9-aac7-2495b2a112c0,28e07d5b-fd3f-4ac7-b0d1-32aa0c3055c4,synozur.com,linkedin,retry_scheduled,,http_422,com.linkedin.content.common.exception.BadRequestResponseException: Content is a duplicate of urn:li:share:7476680547868770304,"{""status"": 422, ""message"": ""com.linkedin.content.common.exception.BadRequestResponseException: Content is a duplicate of urn:li:share:7476680547868770304"", ""errorDetails"": {""inputErrors"": [{""code"": ""DUPLICATE_POST"", ""input"": {}, ""description"": ""Duplicate post is detected""}]}, ""errorDetailType"": ""com.linkedin.common.error.BadRequest""}",2026-06-27 16:59:12.792323,
d0180ce4-4b0a-4ccb-a98c-24eb672566e9,59c3867f-d80a-4a65-bca6-2df8604daecc,28e07d5b-fd3f-4ac7-b0d1-32aa0c3055c4,synozur.com,linkedin,retry_scheduled,,http_422,com.linkedin.content.common.exception.BadRequestResponseException: Content is a duplicate of urn:li:share:7476680549479354368,"{""status"": 422, ""message"": ""com.linkedin.content.common.exception.BadRequestResponseException: Content is a duplicate of urn:li:share:7476680549479354368"", ""errorDetails"": {""inputErrors"": [{""code"": ""DUPLICATE_POST"", ""input"": {}, ""description"": ""Duplicate post is detected""}]}, ""errorDetailType"": ""com.linkedin.common.error.BadRequest""}",2026-06-27 16:59:13.212486,
86e0f291-9dab-421f-b74b-8d67366def3c,37941777-f1be-4ee6-8ab7-a14159c2ad1b,28e07d5b-fd3f-4ac7-b0d1-32aa0c3055c4,synozur.com,linkedin,retry_scheduled,,http_422,com.linkedin.content.common.exception.BadRequestResponseException: Content is a duplicate of urn:li:share:7476680551429767168,"{""status"": 422, ""message"": ""com.linkedin.content.common.exception.BadRequestResponseException: Content is a duplicate of urn:li:share:7476680551429767168"", ""errorDetails"": {""inputErrors"": [{""code"": ""DUPLICATE_POST"", ""input"": {}, ""description"": ""Duplicate post is detected""}]}, ""errorDetailType"": ""com.linkedin.common.error.BadRequest""}",2026-06-27 16:59:13.901176,
2ccead82-9251-4c36-8dd6-12020b57a5b7,3e38f501-bb41-42b4-b458-9bb64687390e,28e07d5b-fd3f-4ac7-b0d1-32aa0c3055c4,synozur.com,linkedin,retry_scheduled,,http_422,com.linkedin.content.common.exception.BadRequestResponseException: Content is a duplicate of urn:li:share:7476680554386706432,"{""status"": 422, ""message"": ""com.linkedin.content.common.exception.BadRequestResponseException: Content is a duplicate of urn:li:share:7476680554386706432"", ""errorDetails"": {""inputErrors"": [{""code"": ""DUPLICATE_POST"", ""input"": {}, ""description"": ""Duplicate post is detected""}]}, ""errorDetailType"": ""com.linkedin.common.error.BadRequest""}",2026-06-27 16:59:14.364277,
626aa6d8-629e-4363-8015-a5b3c4d9bd93,67937e53-b916-46c1-8878-f59b398bfe3d,28e07d5b-fd3f-4ac7-b0d1-32aa0c3055c4,synozur.com,linkedin,retry_scheduled,,http_422,com.linkedin.content.common.exception.BadRequestResponseException: Content is a duplicate of urn:li:share:7476680556269682688,"{""status"": 422, ""message"": ""com.linkedin.content.common.exception.BadRequestResponseException: Content is a duplicate of urn:li:share:7476680556269682688"", ""errorDetails"": {""inputErrors"": [{""code"": ""DUPLICATE_POST"", ""input"": {}, ""description"": ""Duplicate post is detected""}]}, ""errorDetailType"": ""com.linkedin.common.error.BadRequest""}",2026-06-27 16:59:14.88759,
e4b41917-5112-4bc7-ab1b-d358f899670e,434a1a83-ab5f-4d70-8ea2-9f423318ef63,28e07d5b-fd3f-4ac7-b0d1-32aa0c3055c4,synozur.com,linkedin,retry_scheduled,,http_422,com.linkedin.content.common.exception.BadRequestResponseException: Content is a duplicate of urn:li:share:7476680558081777665,"{""status"": 422, ""message"": ""com.linkedin.content.common.exception.BadRequestResponseException: Content is a duplicate of urn:li:share:7476680558081777665"", ""errorDetails"": {""inputErrors"": [{""code"": ""DUPLICATE_POST"", ""input"": {}, ""description"": ""Duplicate post is detected""}]}, ""errorDetailType"": ""com.linkedin.common.error.BadRequest""}",2026-06-27 16:59:15.222629,
20e3b3a6-b3d1-4b7c-bbf9-5cb12c8f7043,2bc0112f-c3a7-4b67-8e29-b8dcea3d31d8,28e07d5b-fd3f-4ac7-b0d1-32aa0c3055c4,synozur.com,linkedin,retry_scheduled,,http_422,com.linkedin.content.common.exception.BadRequestResponseException: Content is a duplicate of urn:li:share:7476680559503519744,"{""status"": 422, ""message"": ""com.linkedin.content.common.exception.BadRequestResponseException: Content is a duplicate of urn:li:share:7476680559503519744"", ""errorDetails"": {""inputErrors"": [{""code"": ""DUPLICATE_POST"", ""input"": {}, ""description"": ""Duplicate post is detected""}]}, ""errorDetailType"": ""com.linkedin.common.error.BadRequest""}",2026-06-27 16:59:15.592215,
41748699-b20c-4dea-887b-f155e5cf762e,26736318-19b5-4e41-adfa-0a8bebac4e38,28e07d5b-fd3f-4ac7-b0d1-32aa0c3055c4,synozur.com,linkedin,retry_scheduled,,http_422,com.linkedin.content.common.exception.BadRequestResponseException: Content is a duplicate of urn:li:share:7476680573642567681,"{""status"": 422, ""message"": ""com.linkedin.content.common.exception.BadRequestResponseException: Content is a duplicate of urn:li:share:7476680573642567681"", ""errorDetails"": {""inputErrors"": [{""code"": ""DUPLICATE_POST"", ""input"": {}, ""description"": ""Duplicate post is detected""}]}, ""errorDetailType"": ""com.linkedin.common.error.BadRequest""}",2026-06-27 16:59:18.939236,
56b7f1e1-d8c0-4af9-a8dd-f96201a677d4,b7cef93a-6645-456b-bb34-4cac6fccf676,28e07d5b-fd3f-4ac7-b0d1-32aa0c3055c4,synozur.com,linkedin,retry_scheduled,,http_422,com.linkedin.content.common.exception.BadRequestResponseException: Content is a duplicate of urn:li:share:7476680575513423872,"{""status"": 422, ""message"": ""com.linkedin.content.common.exception.BadRequestResponseException: Content is a duplicate of urn:li:share:7476680575513423872"", ""errorDetails"": {""inputErrors"": [{""code"": ""DUPLICATE_POST"", ""input"": {}, ""description"": ""Duplicate post is detected""}]}, ""errorDetailType"": ""com.linkedin.common.error.BadRequest""}",2026-06-27 16:59:19.403456,
c23095b6-c844-4957-8d8d-d9921fbbd1a0,a39003e0-b85e-4724-98cd-d57e98be6063,28e07d5b-fd3f-4ac7-b0d1-32aa0c3055c4,synozur.com,linkedin,success,https://www.linkedin.com/feed/update/urn%3Ali%3Ashare%3A7476680577975279616/,,,"{""urn"": ""urn:li:share:7476680577975279616""}",2026-06-27 16:59:20.677122,
aa9ca7ac-439d-438b-b7ea-4f255178d71e,4b673507-a197-4a74-946b-7b79901f633a,28e07d5b-fd3f-4ac7-b0d1-32aa0c3055c4,synozur.com,linkedin,retry_scheduled,,http_422,com.linkedin.content.common.exception.BadRequestResponseException: Content is a duplicate of urn:li:share:7476680561131008000,"{""status"": 422, ""message"": ""com.linkedin.content.common.exception.BadRequestResponseException: Content is a duplicate of urn:li:share:7476680561131008000"", ""errorDetails"": {""inputErrors"": [{""code"": ""DUPLICATE_POST"", ""input"": {}, ""description"": ""Duplicate post is detected""}]}, ""errorDetailType"": ""com.linkedin.common.error.BadRequest""}",2026-06-27 16:59:16.259724,
a58d6fd7-d070-4982-8e8a-e6e5b7ceb00e,4dee8382-2907-4d64-909d-bfe0da18a807,28e07d5b-fd3f-4ac7-b0d1-32aa0c3055c4,synozur.com,linkedin,retry_scheduled,,http_422,com.linkedin.content.common.exception.BadRequestResponseException: Content is a duplicate of urn:li:share:7476680564281069569,"{""status"": 422, ""message"": ""com.linkedin.content.common.exception.BadRequestResponseException: Content is a duplicate of urn:li:share:7476680564281069569"", ""errorDetails"": {""inputErrors"": [{""code"": ""DUPLICATE_POST"", ""input"": {}, ""description"": ""Duplicate post is detected""}]}, ""errorDetailType"": ""com.linkedin.common.error.BadRequest""}",2026-06-27 16:59:16.723962,
187c70df-036c-41f7-871a-678856d48440,76848c43-b1de-4a0b-a412-38fa0cbdcff5,28e07d5b-fd3f-4ac7-b0d1-32aa0c3055c4,synozur.com,linkedin,retry_scheduled,,http_422,com.linkedin.content.common.exception.BadRequestResponseException: Content is a duplicate of urn:li:share:7476680566281633792,"{""status"": 422, ""message"": ""com.linkedin.content.common.exception.BadRequestResponseException: Content is a duplicate of urn:li:share:7476680566281633792"", ""errorDetails"": {""inputErrors"": [{""code"": ""DUPLICATE_POST"", ""input"": {}, ""description"": ""Duplicate post is detected""}]}, ""errorDetailType"": ""com.linkedin.common.error.BadRequest""}",2026-06-27 16:59:17.202082,
ce314557-137d-4fd1-b99c-6e7ad585001b,a41f3660-9875-4f3d-96f3-59179fc1ade8,28e07d5b-fd3f-4ac7-b0d1-32aa0c3055c4,synozur.com,linkedin,retry_scheduled,,http_422,com.linkedin.content.common.exception.BadRequestResponseException: Content is a duplicate of urn:li:share:7476680567887974400,"{""status"": 422, ""message"": ""com.linkedin.content.common.exception.BadRequestResponseException: Content is a duplicate of urn:li:share:7476680567887974400"", ""errorDetails"": {""inputErrors"": [{""code"": ""DUPLICATE_POST"", ""input"": {}, ""description"": ""Duplicate post is detected""}]}, ""errorDetailType"": ""com.linkedin.common.error.BadRequest""}",2026-06-27 16:59:18.061846,
cb2d603b-25cd-478b-853a-e09b60938a9b,94615872-a077-465b-ac9b-9346cc6720e9,28e07d5b-fd3f-4ac7-b0d1-32aa0c3055c4,synozur.com,linkedin,success,https://www.linkedin.com/feed/update/urn%3Ali%3Ashare%3A7476680571390205952/,,,"{""urn"": ""urn:li:share:7476680571390205952""}",2026-06-27 16:59:18.576601,
8c4d462e-3221-4aa1-8a69-69f86d1dd594,098370f0-2809-44c7-aa71-bb26ab18ed59,28e07d5b-fd3f-4ac7-b0d1-32aa0c3055c4,synozur.com,linkedin,retry_scheduled,,http_422,com.linkedin.content.common.exception.BadRequestResponseException: Content is a duplicate of urn:li:share:7476680582735781888,"{""status"": 422, ""message"": ""com.linkedin.content.common.exception.BadRequestResponseException: Content is a duplicate of urn:li:share:7476680582735781888"", ""errorDetails"": {""inputErrors"": [{""code"": ""DUPLICATE_POST"", ""input"": {}, ""description"": ""Duplicate post is detected""}]}, ""errorDetailType"": ""com.linkedin.common.error.BadRequest""}",2026-06-27 16:59:21.114464,
f0c6bdeb-7a23-46f1-91c7-f06ec7eded8b,bf9d5009-e083-4a01-98c3-5cc24f09f806,28e07d5b-fd3f-4ac7-b0d1-32aa0c3055c4,synozur.com,linkedin,retry_scheduled,,http_422,com.linkedin.content.common.exception.BadRequestResponseException: Content is a duplicate of urn:li:share:7476680585646694401,"{""status"": 422, ""message"": ""com.linkedin.content.common.exception.BadRequestResponseException: Content is a duplicate of urn:li:share:7476680585646694401"", ""errorDetails"": {""inputErrors"": [{""code"": ""DUPLICATE_POST"", ""input"": {}, ""description"": ""Duplicate post is detected""}]}, ""errorDetailType"": ""com.linkedin.common.error.BadRequest""}",2026-06-27 16:59:21.824551,
42f66c9c-34a5-4f2e-ab30-cfc7f6ed5e88,947d9df0-336a-4cea-a702-e9327c1eda30,28e07d5b-fd3f-4ac7-b0d1-32aa0c3055c4,synozur.com,linkedin,retry_scheduled,,http_422,com.linkedin.content.common.exception.BadRequestResponseException: Content is a duplicate of urn:li:share:7476680587185967104,"{""status"": 422, ""message"": ""com.linkedin.content.common.exception.BadRequestResponseException: Content is a duplicate of urn:li:share:7476680587185967104"", ""errorDetails"": {""inputErrors"": [{""code"": ""DUPLICATE_POST"", ""input"": {}, ""description"": ""Duplicate post is detected""}]}, ""errorDetailType"": ""com.linkedin.common.error.BadRequest""}",2026-06-27 16:59:22.18606,
eea482fa-7d6b-4e1a-ae50-94514bba17d5,524ac053-4de4-49f9-b656-9de1da74853f,28e07d5b-fd3f-4ac7-b0d1-32aa0c3055c4,synozur.com,linkedin,retry_scheduled,,http_422,com.linkedin.content.common.exception.BadRequestResponseException: Content is a duplicate of urn:li:share:7476680589287280640,"{""status"": 422, ""message"": ""com.linkedin.content.common.exception.BadRequestResponseException: Content is a duplicate of urn:li:share:7476680589287280640"", ""errorDetails"": {""inputErrors"": [{""code"": ""DUPLICATE_POST"", ""input"": {}, ""description"": ""Duplicate post is detected""}]}, ""errorDetailType"": ""com.linkedin.common.error.BadRequest""}",2026-06-27 16:59:22.675629,
d4762602-d06e-485d-a7d4-f61e06e4245f,2b237ddd-0f61-426e-8218-b49a7ca7c6cd,28e07d5b-fd3f-4ac7-b0d1-32aa0c3055c4,synozur.com,linkedin,success,https://www.linkedin.com/feed/update/urn%3Ali%3Ashare%3A7476680590780489728/,,,"{""urn"": ""urn:li:share:7476680590780489728""}",2026-06-27 16:59:23.618205,
0da3a52a-b4a2-4ab3-b498-7d365f826d64,c32c15c2-c6ba-4b8c-8a34-93098cabc7dc,f7e9fed0-4ed0-467e-ac02-bf140adae7ed,synozur.com,twitter,retry_scheduled,,about:blank,You are not allowed to create a Tweet with duplicate content.,"{""type"": ""about:blank"", ""title"": ""Forbidden"", ""detail"": ""You are not allowed to create a Tweet with duplicate content."", ""status"": 403}",2026-06-27 17:00:27.422952,
c9a95e4d-2cd5-4fec-9916-19122a49f3d9,93a8707c-ea23-4076-80f4-f1c0800d0441,f7e9fed0-4ed0-467e-ac02-bf140adae7ed,synozur.com,twitter,success,https://twitter.com/synozur/status/2070915203022094391,,,"{""data"": {""id"": ""2070915203022094391"", ""text"": ""Most organizations use only a fraction of the M365 value they already pay for. Our M365 Academy helps leaders find quick wins https://t.co/sBLKBltaw0\n\n#Microsoft365 #DigitalTransformation #BusinessITAlignment #Governance"", ""edit_history_tweet_ids"": [""2070915203022094391""]}}",2026-06-27 17:00:40.524755,
720f3388-9755-4f8c-b73a-ff9685f6c546,fe8e8e1a-be26-4170-bd3c-bbb60b94f6b3,f7e9fed0-4ed0-467e-ac02-bf140adae7ed,synozur.com,twitter,retry_scheduled,,about:blank,You are not allowed to create a Tweet with duplicate content.,"{""type"": ""about:blank"", ""title"": ""Forbidden"", ""detail"": ""You are not allowed to create a Tweet with duplicate content."", ""status"": 403}",2026-06-27 17:00:44.024164,
d9f423c3-0ab3-45e2-8c58-19c54341bae7,43eb892a-abb9-41ae-9490-7efc90f9f3a7,f7e9fed0-4ed0-467e-ac02-bf140adae7ed,synozur.com,twitter,retry_scheduled,,about:blank,You are not allowed to create a Tweet with duplicate content.,"{""type"": ""about:blank"", ""title"": ""Forbidden"", ""detail"": ""You are not allowed to create a Tweet with duplicate content."", ""status"": 403}",2026-06-27 17:01:49.32274,
797da29e-9a3a-4b90-bd9b-8efe9cafecd9,5b72aadb-0c21-4c14-8f27-a9a7039a6c3c,f7e9fed0-4ed0-467e-ac02-bf140adae7ed,synozur.com,twitter,success,https://twitter.com/synozur/status/2070915245451674023,,,"{""data"": {""id"": ""2070915245451674023"", ""text"": ""Too many overlapping tools. Uneven adoption. Unclear next steps. M365 Academy turns what you already own into a practical modernization https://t.co/sBLKBltaw0\n\n#Microsoft365 #ModernWork #AdoptionStrategy #Productivity"", ""edit_history_tweet_ids"": [""2070915245451674023""]}}",2026-06-27 17:00:47.824161,
2940ddd6-6f34-4650-9960-518749c48088,98bb93f5-304d-4483-9efd-ae88a1ffe772,f7e9fed0-4ed0-467e-ac02-bf140adae7ed,synozur.com,twitter,success,https://twitter.com/synozur/status/2070915262971306196,,,"{""data"": {""id"": ""2070915262971306196"", ""text"": ""You don’t need more software to modernize work. You may need a clearer plan for the M365 tools you already have. See how our 1-day https://t.co/sBLKBltaw0\n\n#Microsoft365 #WorkplaceTransformation #ChangeManagement #ITStrategy"", ""edit_history_tweet_ids"": [""2070915262971306196""]}}",2026-06-27 17:00:50.123388,
7980b92e-be54-4ace-928e-52174cadf4d7,1ce5dd40-948d-4371-83d2-ddcc34c8cdfa,f7e9fed0-4ed0-467e-ac02-bf140adae7ed,synozur.com,twitter,retry_scheduled,,about:blank,You are not allowed to create a Tweet with duplicate content.,"{""type"": ""about:blank"", ""title"": ""Forbidden"", ""detail"": ""You are not allowed to create a Tweet with duplicate content."", ""status"": 403}",2026-06-27 17:00:54.423716,
7dc8ad26-c0d8-4771-bac2-045bdb720a7f,1e4d2f59-d5d4-4efc-b1be-336404fabe52,f7e9fed0-4ed0-467e-ac02-bf140adae7ed,synozur.com,twitter,retry_scheduled,,about:blank,You are not allowed to create a Tweet with duplicate content.,"{""type"": ""about:blank"", ""title"": ""Forbidden"", ""detail"": ""You are not allowed to create a Tweet with duplicate content."", ""status"": 403}",2026-06-27 17:01:00.927071,
24d64def-f98d-4b15-bfc7-27f7f8f3b8a8,f24510e9-f38e-4c44-b1f3-fe02a13355c5,f7e9fed0-4ed0-467e-ac02-bf140adae7ed,synozur.com,twitter,retry_scheduled,,about:blank,You are not allowed to create a Tweet with duplicate content.,"{""type"": ""about:blank"", ""title"": ""Forbidden"", ""detail"": ""You are not allowed to create a Tweet with duplicate content."", ""status"": 403}",2026-06-27 17:01:37.112978,
c88cfeb1-fd14-47f0-9154-16d0b6e14466,f09c544c-b3ad-42f6-bc8c-c22af736dc9b,f7e9fed0-4ed0-467e-ac02-bf140adae7ed,synozur.com,twitter,retry_scheduled,,about:blank,You are not allowed to create a Tweet with duplicate content.,"{""type"": ""about:blank"", ""title"": ""Forbidden"", ""detail"": ""You are not allowed to create a Tweet with duplicate content."", ""status"": 403}",2026-06-27 17:01:38.609527,
d067330e-1dc7-4a82-9f88-65565a6aaa86,a2285446-07e2-42bf-a3c0-dc15d3ab3af3,f7e9fed0-4ed0-467e-ac02-bf140adae7ed,synozur.com,twitter,success,https://twitter.com/synozur/status/2070915471235293413,,,"{""data"": {""id"": ""2070915471235293413"", ""text"": ""Most teams use only a fraction of the M365 value they already pay for. Our 1-day M365 Academy helps leaders find quick wins https://t.co/sBLKBltaw0\n\n#Microsoft365 #DigitalTransformation #ITStrategy #WorkplaceModernization"", ""edit_history_tweet_ids"": [""2070915471235293413""]}}",2026-06-27 17:01:40.202722,
2f22ce27-bb21-442b-b2f2-feda051b56c0,0ee2242f-c8c6-48c4-ba7a-0a781a2b8d36,f7e9fed0-4ed0-467e-ac02-bf140adae7ed,synozur.com,twitter,retry_scheduled,,about:blank,You are not allowed to create a Tweet with duplicate content.,"{""type"": ""about:blank"", ""title"": ""Forbidden"", ""detail"": ""You are not allowed to create a Tweet with duplicate content."", ""status"": 403}",2026-06-27 17:01:41.847468,
54ad98b3-7415-4104-9da5-585d995165bf,8dd664d1-5e24-493a-b054-181e2ad3f540,f7e9fed0-4ed0-467e-ac02-bf140adae7ed,synozur.com,twitter,retry_scheduled,,about:blank,You are not allowed to create a Tweet with duplicate content.,"{""type"": ""about:blank"", ""title"": ""Forbidden"", ""detail"": ""You are not allowed to create a Tweet with duplicate content."", ""status"": 403}",2026-06-27 17:01:42.099338,
1c1ff6e2-03ef-41d9-9617-f55bd94fa20e,75612a29-d6ce-4bae-8b8f-55421526e576,f7e9fed0-4ed0-467e-ac02-bf140adae7ed,synozur.com,twitter,retry_scheduled,,about:blank,You are not allowed to create a Tweet with duplicate content.,"{""type"": ""about:blank"", ""title"": ""Forbidden"", ""detail"": ""You are not allowed to create a Tweet with duplicate content."", ""status"": 403}",2026-06-27 17:01:42.413831,
9059d569-3d43-4baa-a9dd-4ec6b75bb2f0,f3565a5c-afda-4d70-b3b1-1b2b0410be3a,f7e9fed0-4ed0-467e-ac02-bf140adae7ed,synozur.com,twitter,success,https://twitter.com/synozur/status/2070915487177797745,,,"{""data"": {""id"": ""2070915487177797745"", ""text"": ""If M365 adoption is uneven and extra tools keep piling up, start with a practical roadmap. Our M365 Academy turns hidden capability into https://t.co/sBLKBltaw0\n\n#Microsoft365 #AdoptionStrategy #Governance #BusinessAlignment"", ""edit_history_tweet_ids"": [""2070915487177797745""]}}",2026-06-27 17:01:42.779739,
a47d11b4-5c75-4a6e-adde-1ed764cbe1a3,dbe10679-a394-4eeb-8a8a-c469c75b85e5,f7e9fed0-4ed0-467e-ac02-bf140adae7ed,synozur.com,twitter,retry_scheduled,,about:blank,You are not allowed to create a Tweet with duplicate content.,"{""type"": ""about:blank"", ""title"": ""Forbidden"", ""detail"": ""You are not allowed to create a Tweet with duplicate content."", ""status"": 403}",2026-06-27 17:01:43.032238,
b744c186-97f9-48c5-882f-3385711dfff9,193a3dfc-8432-439e-8d19-ab16b2bbb558,f7e9fed0-4ed0-467e-ac02-bf140adae7ed,synozur.com,twitter,retry_scheduled,,about:blank,You are not allowed to create a Tweet with duplicate content.,"{""type"": ""about:blank"", ""title"": ""Forbidden"", ""detail"": ""You are not allowed to create a Tweet with duplicate content."", ""status"": 403}",2026-06-27 17:01:43.463911,
71d9dfd8-af65-4f54-9590-fc68d7a596fd,c0f93ecc-d46f-4b60-8e4e-15e854124f53,f7e9fed0-4ed0-467e-ac02-bf140adae7ed,synozur.com,twitter,retry_scheduled,,about:blank,You are not allowed to create a Tweet with duplicate content.,"{""type"": ""about:blank"", ""title"": ""Forbidden"", ""detail"": ""You are not allowed to create a Tweet with duplicate content."", ""status"": 403}",2026-06-27 17:01:43.880212,
ef3d47f6-f93e-43d6-81a5-8002e73b3894,b381a9ef-124c-488e-89fb-7a893faeb006,f7e9fed0-4ed0-467e-ac02-bf140adae7ed,synozur.com,twitter,retry_scheduled,,about:blank,You are not allowed to create a Tweet with duplicate content.,"{""type"": ""about:blank"", ""title"": ""Forbidden"", ""detail"": ""You are not allowed to create a Tweet with duplicate content."", ""status"": 403}",2026-06-27 17:01:45.923455,
ec4f442a-d5ef-4693-b397-e6bfa6dd5883,9952ddfd-4e65-4ad5-bcf7-d71cb6055943,f7e9fed0-4ed0-467e-ac02-bf140adae7ed,synozur.com,twitter,retry_scheduled,,about:blank,You are not allowed to create a Tweet with duplicate content.,"{""type"": ""about:blank"", ""title"": ""Forbidden"", ""detail"": ""You are not allowed to create a Tweet with duplicate content."", ""status"": 403}",2026-06-27 17:01:47.50988,
89419d3b-dfba-49f7-8acd-867509ee1f86,b86246e5-9b1e-45e5-8a7f-de42d15ce64b,f7e9fed0-4ed0-467e-ac02-bf140adae7ed,synozur.com,twitter,retry_scheduled,,about:blank,You are not allowed to create a Tweet with duplicate content.,"{""type"": ""about:blank"", ""title"": ""Forbidden"", ""detail"": ""You are not allowed to create a Tweet with duplicate content."", ""status"": 403}",2026-06-27 17:01:47.78997,
b6c2abc6-8c87-4be1-bf70-1225a1d56cb6,c6746a5e-6f7c-456c-8544-aa7d43ec2f23,28e07d5b-fd3f-4ac7-b0d1-32aa0c3055c4,synozur.com,linkedin,success,https://www.linkedin.com/feed/update/urn%3Ali%3Ashare%3A7476684599419666432/,,,"{""urn"": ""urn:li:share:7476684599419666432""}",2026-06-27 17:15:22.036914,
1abb46d7-bfb9-4fca-985e-506c8aeb8f0a,5f8a3b3a-1c53-48e8-952a-ec904ac5f9aa,f7e9fed0-4ed0-467e-ac02-bf140adae7ed,synozur.com,twitter,retry_scheduled,,about:blank,You are not allowed to create a Tweet with duplicate content.,"{""type"": ""about:blank"", ""title"": ""Forbidden"", ""detail"": ""You are not allowed to create a Tweet with duplicate content."", ""status"": 403}",2026-06-27 17:01:51.177094,
3a682a8f-671c-4956-82d2-257dd489e85a,e29e6246-d440-4fa0-b288-10359e10d28a,f7e9fed0-4ed0-467e-ac02-bf140adae7ed,synozur.com,twitter,retry_scheduled,,about:blank,You are not allowed to create a Tweet with duplicate content.,"{""type"": ""about:blank"", ""title"": ""Forbidden"", ""detail"": ""You are not allowed to create a Tweet with duplicate content."", ""status"": 403}",2026-06-27 17:01:53.724592,
874b5805-ad7c-44ae-b1ae-2daee8a5526e,066e322a-12f0-4eb5-ad05-97306e1aca14,f7e9fed0-4ed0-467e-ac02-bf140adae7ed,synozur.com,twitter,retry_scheduled,,about:blank,You are not allowed to create a Tweet with duplicate content.,"{""type"": ""about:blank"", ""title"": ""Forbidden"", ""detail"": ""You are not allowed to create a Tweet with duplicate content."", ""status"": 403}",2026-06-27 17:01:57.425381,
4840dc5e-3e6d-4eca-85f3-e4804c967387,69bfd757-fb27-4971-b253-3bf33d3da413,f7e9fed0-4ed0-467e-ac02-bf140adae7ed,synozur.com,twitter,retry_scheduled,,about:blank,You are not allowed to create a Tweet with duplicate content.,"{""type"": ""about:blank"", ""title"": ""Forbidden"", ""detail"": ""You are not allowed to create a Tweet with duplicate content."", ""status"": 403}",2026-06-27 17:02:00.524686,
d267cb27-2fcd-4041-a8d5-53d8d64bd4d7,de6bda90-622e-421b-abef-2f79a726c35a,f7e9fed0-4ed0-467e-ac02-bf140adae7ed,synozur.com,twitter,retry_scheduled,,about:blank,You are not allowed to create a Tweet with duplicate content.,"{""type"": ""about:blank"", ""title"": ""Forbidden"", ""detail"": ""You are not allowed to create a Tweet with duplicate content."", ""status"": 403}",2026-06-27 17:02:35.023193,
201b7d16-5f3c-46a3-8156-943686ff7b62,c931352b-199a-4e0c-ab95-60bfb3a8b8a6,f7e9fed0-4ed0-467e-ac02-bf140adae7ed,synozur.com,twitter,retry_scheduled,,about:blank,You are not allowed to create a Tweet with duplicate content.,"{""type"": ""about:blank"", ""title"": ""Forbidden"", ""detail"": ""You are not allowed to create a Tweet with duplicate content."", ""status"": 403}",2026-06-27 17:02:38.723776,
71612814-ed3e-482d-8581-f1a5658ebf07,fc2cbe43-d546-47ad-a956-f195ea7b6fe8,f7e9fed0-4ed0-467e-ac02-bf140adae7ed,synozur.com,twitter,retry_scheduled,,about:blank,You are not allowed to create a Tweet with duplicate content.,"{""type"": ""about:blank"", ""title"": ""Forbidden"", ""detail"": ""You are not allowed to create a Tweet with duplicate content."", ""status"": 403}",2026-06-27 17:02:44.424744,
34357a04-bc14-419a-b264-875cbb5b8ecb,a6d02c57-1ebc-479a-bb34-1b4ef8e6d38a,f7e9fed0-4ed0-467e-ac02-bf140adae7ed,synozur.com,twitter,retry_scheduled,,about:blank,You are not allowed to create a Tweet with duplicate content.,"{""type"": ""about:blank"", ""title"": ""Forbidden"", ""detail"": ""You are not allowed to create a Tweet with duplicate content."", ""status"": 403}",2026-06-27 17:02:47.309526,
f0d399ba-2aca-48cc-8a3e-40e625f6a89c,12405bb2-468c-4c1a-97c3-ad96931f7e89,f7e9fed0-4ed0-467e-ac02-bf140adae7ed,synozur.com,twitter,retry_scheduled,,about:blank,You are not allowed to create a Tweet with duplicate content.,"{""type"": ""about:blank"", ""title"": ""Forbidden"", ""detail"": ""You are not allowed to create a Tweet with duplicate content."", ""status"": 403}",2026-06-27 17:02:48.826262,
b333d240-006f-4034-a797-bbeac6394f24,ed8b4b85-5fc7-412d-800d-77ba38e7acd2,f7e9fed0-4ed0-467e-ac02-bf140adae7ed,synozur.com,twitter,retry_scheduled,,about:blank,You are not allowed to create a Tweet with duplicate content.,"{""type"": ""about:blank"", ""title"": ""Forbidden"", ""detail"": ""You are not allowed to create a Tweet with duplicate content."", ""status"": 403}",2026-06-27 17:02:49.527017,
8b26ca08-219b-48ee-9f42-44f2c5c9723a,5ff68947-2b29-4a45-860b-bc286e3ed4c0,f7e9fed0-4ed0-467e-ac02-bf140adae7ed,synozur.com,twitter,retry_scheduled,,about:blank,You are not allowed to create a Tweet with duplicate content.,"{""type"": ""about:blank"", ""title"": ""Forbidden"", ""detail"": ""You are not allowed to create a Tweet with duplicate content."", ""status"": 403}",2026-06-27 17:02:52.324466,
d533d467-ae83-46d7-b849-cdcaa5e31801,dbd2dbbf-5a18-45d8-ba2c-d88aa1caa849,f7e9fed0-4ed0-467e-ac02-bf140adae7ed,synozur.com,twitter,retry_scheduled,,about:blank,You are not allowed to create a Tweet with duplicate content.,"{""type"": ""about:blank"", ""title"": ""Forbidden"", ""detail"": ""You are not allowed to create a Tweet with duplicate content."", ""status"": 403}",2026-06-27 17:02:57.523644,
fb9da283-29f7-4bd9-8485-125b34faf019,df6af900-ad00-48c5-90cd-34fb813574f0,f7e9fed0-4ed0-467e-ac02-bf140adae7ed,synozur.com,twitter,retry_scheduled,,about:blank,You are not allowed to create a Tweet with duplicate content.,"{""type"": ""about:blank"", ""title"": ""Forbidden"", ""detail"": ""You are not allowed to create a Tweet with duplicate content."", ""status"": 403}",2026-06-27 17:03:06.863401,
bb1f4309-e82b-4f2c-bdde-aea2cb2c1181,1e23d387-6a8e-4907-859b-3d8d3b1b1fb9,f7e9fed0-4ed0-467e-ac02-bf140adae7ed,synozur.com,twitter,retry_scheduled,,about:blank,You are not allowed to create a Tweet with duplicate content.,"{""type"": ""about:blank"", ""title"": ""Forbidden"", ""detail"": ""You are not allowed to create a Tweet with duplicate content."", ""status"": 403}",2026-06-27 17:03:09.424519,
9b1c1752-fc17-465c-af49-a089761ba0d4,9e9c017c-df0f-4b5f-8aa9-56cc50849fed,f7e9fed0-4ed0-467e-ac02-bf140adae7ed,synozur.com,twitter,retry_scheduled,,about:blank,You are not allowed to create a Tweet with duplicate content.,"{""type"": ""about:blank"", ""title"": ""Forbidden"", ""detail"": ""You are not allowed to create a Tweet with duplicate content."", ""status"": 403}",2026-06-27 17:03:14.924983,
d835e140-f505-4ea8-8206-93504658ffa1,723ce7fd-c471-4ba6-80e8-56464f5eda75,28e07d5b-fd3f-4ac7-b0d1-32aa0c3055c4,synozur.com,linkedin,retry_scheduled,,http_422,com.linkedin.content.common.exception.BadRequestResponseException: Content is a duplicate of urn:li:share:7476681588089483264,"{""status"": 422, ""message"": ""com.linkedin.content.common.exception.BadRequestResponseException: Content is a duplicate of urn:li:share:7476681588089483264"", ""errorDetails"": {""inputErrors"": [{""code"": ""DUPLICATE_POST"", ""input"": {}, ""description"": ""Duplicate post is detected""}]}, ""errorDetailType"": ""com.linkedin.common.error.BadRequest""}",2026-06-27 17:03:23.724461,
86189250-f46e-4f8e-8222-dda27ac85736,f5588d00-b700-446b-a4b0-10276c5864ed,28e07d5b-fd3f-4ac7-b0d1-32aa0c3055c4,synozur.com,linkedin,retry_scheduled,,http_422,com.linkedin.content.common.exception.BadRequestResponseException: Content is a duplicate of urn:li:share:7476681605776973824,"{""status"": 422, ""message"": ""com.linkedin.content.common.exception.BadRequestResponseException: Content is a duplicate of urn:li:share:7476681605776973824"", ""errorDetails"": {""inputErrors"": [{""code"": ""DUPLICATE_POST"", ""input"": {}, ""description"": ""Duplicate post is detected""}]}, ""errorDetailType"": ""com.linkedin.common.error.BadRequest""}",2026-06-27 17:03:28.325742,
85d759f9-dc06-4f6c-992c-c8ec4bcdbb0e,052f0995-019f-4d5e-8399-9123c1bf0ff5,f7e9fed0-4ed0-467e-ac02-bf140adae7ed,synozur.com,twitter,retry_scheduled,,about:blank,You are not allowed to create a Tweet with duplicate content.,"{""type"": ""about:blank"", ""title"": ""Forbidden"", ""detail"": ""You are not allowed to create a Tweet with duplicate content."", ""status"": 403}",2026-06-27 17:03:37.124683,
7a15453c-78f6-4263-9eb0-ba59893f7c61,c51b3693-a84c-49d7-a6e6-ef95a2162021,28e07d5b-fd3f-4ac7-b0d1-32aa0c3055c4,synozur.com,linkedin,success,https://www.linkedin.com/feed/update/urn%3Ali%3Ashare%3A7476684421258170369/,,,"{""urn"": ""urn:li:share:7476684421258170369""}",2026-06-27 17:14:38.281114,
ea77c417-7574-4ca3-b0f1-a2735b1a6145,c737609a-f7f1-4109-b5f5-368a49bcac94,28e07d5b-fd3f-4ac7-b0d1-32aa0c3055c4,synozur.com,linkedin,success,https://www.linkedin.com/feed/update/urn%3Ali%3Ashare%3A7476684524580392960/,,,"{""urn"": ""urn:li:share:7476684524580392960""}",2026-06-27 17:15:06.109737,
640daf69-7711-4e52-be4d-08cac3ba0cfd,564c0fc9-17fb-4e5c-9282-e74c090fee84,28e07d5b-fd3f-4ac7-b0d1-32aa0c3055c4,synozur.com,linkedin,success,https://www.linkedin.com/feed/update/urn%3Ali%3Ashare%3A7476686491125972992/,,,"{""urn"": ""urn:li:share:7476686491125972992""}",2026-06-27 17:22:52.750333,
0d056207-ddd6-4f2f-867e-17045afeb86b,fc0dc8e2-0d80-441a-a955-24fc0fff9163,28e07d5b-fd3f-4ac7-b0d1-32aa0c3055c4,synozur.com,linkedin,success,https://www.linkedin.com/feed/update/urn%3Ali%3AugcPost%3A7476692000428175360/,,,"{""urn"": ""urn:li:ugcPost:7476692000428175360""}",2026-06-27 17:44:43.409059,116500d0-357e-4ace-a7af-7264ed58e22a
924214ff-6884-4209-8df5-32607f4abd0f,ad41e683-199a-48f9-86f7-1b81368a3477,28e07d5b-fd3f-4ac7-b0d1-32aa0c3055c4,synozur.com,linkedin,success,https://www.linkedin.com/feed/update/urn%3Ali%3Ashare%3A7476998559150788608/,,,"{""urn"": ""urn:li:share:7476998559150788608""}",2026-06-28 14:03:04.931062,
44cf2320-1861-4689-9eab-10de76495015,bea9892f-f5eb-4505-b3b4-f91a108f071e,28e07d5b-fd3f-4ac7-b0d1-32aa0c3055c4,synozur.com,linkedin,success,https://www.linkedin.com/feed/update/urn%3Ali%3Ashare%3A7477028461669179392/,,,"{""urn"": ""urn:li:share:7477028461669179392""}",2026-06-28 16:01:45.130832,
2eb5cbc6-fd69-4d71-802b-bbfd24335565,d8475b22-070d-47c1-8938-5b4339772a91,28e07d5b-fd3f-4ac7-b0d1-32aa0c3055c4,synozur.com,linkedin,success,https://www.linkedin.com/feed/update/urn%3Ali%3Ashare%3A7477148642806517761/,,,"{""urn"": ""urn:li:share:7477148642806517761""}",2026-06-28 23:59:16.383261,
c4e98c0e-3d5b-4033-b687-97dd782555a4,9f5f29ef-9ead-46a0-a028-208336a7b127,f7e9fed0-4ed0-467e-ac02-bf140adae7ed,synozur.com,twitter,success,https://twitter.com/synozur/status/2071383843362197952,,,"{""data"": {""id"": ""2071383843362197952"", ""text"": ""Microsoft just shifted from AI reseller to multi-engine provider. MAI models give you optionality—match the engine to the task, not the hype. Full post: https://t.co/KZlk8u9tjE\n\n#MAIModels #AITransformation #EnterpriseAI #SummerOfCopilot"", ""edit_history_tweet_ids"": [""2071383843362197952""]}}",2026-06-29 00:02:47.656644,
52763adf-9afd-498a-8b6d-b7d59a9a0e00,a611b762-3582-4c65-b5e7-2b392139e6d4,28e07d5b-fd3f-4ac7-b0d1-32aa0c3055c4,synozur.com,linkedin,success,https://www.linkedin.com/feed/update/urn%3Ali%3Ashare%3A7477150030794055680/,,,"{""urn"": ""urn:li:share:7477150030794055680""}",2026-06-29 00:04:47.054095,
f6364464-3607-4c01-9723-4251bd73e276,fa535ab9-970a-43c1-af06-847c8852c48e,f7e9fed0-4ed0-467e-ac02-bf140adae7ed,synozur.com,twitter,success,https://twitter.com/synozur/status/2071400328189116662,,,"{""data"": {""id"": ""2071400328189116662"", ""text"": ""What would you pay a capable analyst to review a year of reports in an hour? That's the real AI pricing conversation. Read more: https://t.co/58WGp2MYRy\n\n#AIStrategy #AIValue #BusinessIntelligence #SummerOfCopilot"", ""edit_history_tweet_ids"": [""2071400328189116662""]}}",2026-06-29 01:08:19.43706,
d49917a0-784b-4dc1-81d0-4bec8fccfbb1,6e46e50f-45af-4e6a-838e-2e1764229ed3,28e07d5b-fd3f-4ac7-b0d1-32aa0c3055c4,synozur.com,linkedin,success,https://www.linkedin.com/feed/update/urn%3Ali%3Ashare%3A7477339835767095296/,,,"{""urn"": ""urn:li:share:7477339835767095296""}",2026-06-29 12:39:15.05917,
8415ab86-5238-408d-a46b-ba25f82846dc,67fa980d-95be-4a98-a138-89705ff1e49a,f7e9fed0-4ed0-467e-ac02-bf140adae7ed,synozur.com,twitter,success,https://twitter.com/synozur/status/2071579938763821201,,,"{""data"": {""id"": ""2071579938763821201"", ""text"": ""Kill 75% of your AI pilots. Stop treating AI like software—start building it like a business capability. The shift from experimentation to value https://t.co/ta5TZEgzsv\n\n#AILeadership #DigitalTransformation #BusinessValue #SummerOfCopilot"", ""edit_history_tweet_ids"": [""2071579938763821201""]}}",2026-06-29 13:02:00.519174,
888c4882-ff07-4018-971f-6c6fbfd5fd9d,969b21c2-3b56-49a5-bd50-491695822887,28e07d5b-fd3f-4ac7-b0d1-32aa0c3055c4,synozur.com,linkedin,success,https://www.linkedin.com/feed/update/urn%3Ali%3Ashare%3A7477360838668865536/,,,"{""urn"": ""urn:li:share:7477360838668865536""}",2026-06-29 14:02:32.758119,
7ce494fb-7f63-4fd9-b26b-6ce4ff9c0492,7bdd8460-2933-42f0-83a7-bde036eb22b2,28e07d5b-fd3f-4ac7-b0d1-32aa0c3055c4,synozur.com,linkedin,retry_scheduled,,exception,Authentication timed out,,2026-06-29 16:01:56.857963,
623391d2-3fcc-4c47-ab4c-031ad0121f98,7bdd8460-2933-42f0-83a7-bde036eb22b2,28e07d5b-fd3f-4ac7-b0d1-32aa0c3055c4,synozur.com,linkedin,retry_scheduled,,exception,Connection terminated due to connection timeout,,2026-06-29 16:10:06.059285,
4bcbca1d-a933-4eb7-80d7-5c7170d1ee6d,7bdd8460-2933-42f0-83a7-bde036eb22b2,28e07d5b-fd3f-4ac7-b0d1-32aa0c3055c4,synozur.com,linkedin,success,https://www.linkedin.com/feed/update/urn%3Ali%3Ashare%3A7477397038054264832/,,,"{""urn"": ""urn:li:share:7477397038054264832""}",2026-06-29 16:26:39.458164,
ca4cefeb-1e32-4a5a-a405-55389c573089,998fee5a-7ffd-42c6-a1d7-16a5893bc523,28e07d5b-fd3f-4ac7-b0d1-32aa0c3055c4,synozur.com,linkedin,retry_scheduled,,exception,Authentication timed out,,2026-06-29 17:04:42.841641,
88631e47-1a5c-417b-b15e-8b6c9b824ad3,998fee5a-7ffd-42c6-a1d7-16a5893bc523,28e07d5b-fd3f-4ac7-b0d1-32aa0c3055c4,synozur.com,linkedin,success,https://www.linkedin.com/feed/update/urn%3Ali%3Ashare%3A7477411301997170688/,,,"{""urn"": ""urn:li:share:7477411301997170688""}",2026-06-29 17:23:20.558364,
68af1670-a58e-4d8d-8dd6-a3a068035bf3,8ad9246c-5cb9-4919-9074-e0f1d9334cfc,f7e9fed0-4ed0-467e-ac02-bf140adae7ed,synozur.com,twitter,success,https://twitter.com/synozur/status/2071942979988664457,,,"{""data"": {""id"": ""2071942979988664457"", ""text"": ""Build 2026 wasn't about agents. It was about independence. Frontier Tuning lets you train MAI models on your data and keep ownership—at lower cost https://t.co/3kEzAszCgQ\n\n#FrontierTuning #AIOwnership #EnterpriseStrategy #SummerOfCopilot"", ""edit_history_tweet_ids"": [""2071942979988664457""]}}",2026-06-30 13:04:50.450519,
65fc1842-3ee6-4449-967d-f4b1da7e1fc4,ec12ce2a-0b32-4b1a-a51d-38b3c3e67e34,28e07d5b-fd3f-4ac7-b0d1-32aa0c3055c4,synozur.com,linkedin,success,https://www.linkedin.com/feed/update/urn%3Ali%3Ashare%3A7477709635026817024/,,,"{""urn"": ""urn:li:share:7477709635026817024""}",2026-06-30 13:08:42.455649,
0d7ca4b7-71d6-463a-a14c-ce50e5fb80b2,ec12ce2a-0b32-4b1a-a51d-38b3c3e67e34,28e07d5b-fd3f-4ac7-b0d1-32aa0c3055c4,synozur.com,linkedin,success,https://www.linkedin.com/feed/update/urn%3Ali%3Ashare%3A7477709927478829056/,,,"{""urn"": ""urn:li:share:7477709927478829056""}",2026-06-30 13:10:03.708407,
ceceb567-5ed3-4352-9f4e-af8e04fb17d9,20c35fda-7949-4fa0-96ee-24edefbc5c76,28e07d5b-fd3f-4ac7-b0d1-32aa0c3055c4,synozur.com,linkedin,success,https://www.linkedin.com/feed/update/urn%3Ali%3Ashare%3A7477722823432708096/,,,"{""urn"": ""urn:li:share:7477722823432708096""}",2026-06-30 14:00:51.806637,
6f3edd64-fb48-4cbb-8f22-a367eaed60df,9fc79338-8f91-4478-b361-bba69606ae5f,28e07d5b-fd3f-4ac7-b0d1-32aa0c3055c4,synozur.com,linkedin,success,https://www.linkedin.com/feed/update/urn%3Ali%3AugcPost%3A7478070610800177152/,,,"{""urn"": ""urn:li:ugcPost:7478070610800177152""}",2026-07-01 13:02:51.211885,
5ffb566c-8586-47b8-af58-4c008553ff5e,1df71287-864d-42e1-9c58-f4cdf7816aa9,28e07d5b-fd3f-4ac7-b0d1-32aa0c3055c4,synozur.com,linkedin,success,https://www.linkedin.com/feed/update/urn%3Ali%3Ashare%3A7478071937609670656/,,,"{""urn"": ""urn:li:share:7478071937609670656""}",2026-07-01 13:08:07.519503,
35c4e571-b744-42a5-a266-548c61db9209,39202b1f-52c8-428a-b7f2-3edfc7c1633b,f7e9fed0-4ed0-467e-ac02-bf140adae7ed,synozur.com,twitter,success,https://twitter.com/synozur/status/2072307633978052886,,,"{""data"": {""id"": ""2072307633978052886"", ""text"": ""Before Build 2026, Microsoft was reselling AI. Now they're building it—MAI models give you multi-engine choice, not vendor lock-in. Read https://t.co/QquQlu9oyp\n\n#AIStrategy #Microsoft #EnterpriseAI #DigitalTransformation #SummerOfCopilot"", ""edit_history_tweet_ids"": [""2072307633978052886""]}}",2026-07-01 13:13:36.701104,
76cc9939-8570-44ed-8fb3-8e25be574c65,c9fd2a46-ed23-4b4c-9eba-7b99b848856c,28e07d5b-fd3f-4ac7-b0d1-32aa0c3055c4,synozur.com,linkedin,success,https://www.linkedin.com/feed/update/urn%3Ali%3Ashare%3A7478795082008207360/,,,"{""urn"": ""urn:li:share:7478795082008207360""}",2026-07-03 13:01:38.427407,
c5254b56-edb3-44a2-a6ed-887b6b0f86e5,839eb1ca-006b-40fc-a5d4-778b6941203b,28e07d5b-fd3f-4ac7-b0d1-32aa0c3055c4,synozur.com,linkedin,success,https://www.linkedin.com/feed/update/urn%3Ali%3Ashare%3A7478870066336256000/,,,"{""urn"": ""urn:li:share:7478870066336256000""}",2026-07-03 17:59:36.028058,
3d71ad7f-a97d-4028-ae0b-4c26096d76fe,f62401bb-3967-4bb1-a554-8e636843a217,f7e9fed0-4ed0-467e-ac02-bf140adae7ed,synozur.com,twitter,success,https://twitter.com/synozur/status/2073104873621536998,,,"{""data"": {""id"": ""2073104873621536998"", ""text"": ""Hot take: buying more AI agents won’t fix a broken GTM motion. A connected, on-brand system inside the tools you already use https://t.co/LDAAG2djWk\n\n#AgenticGTM #RevOps #MicrosoftEcosystem #Orbit"", ""edit_history_tweet_ids"": [""2073104873621536998""]}}",2026-07-03 18:01:33.185562,
f7dc24f0-8d3c-4340-8844-ee5a76da86bb,e1e67ef0-a231-49e4-a488-5a80c1d9c1d0,f7e9fed0-4ed0-467e-ac02-bf140adae7ed,synozur.com,twitter,retry_scheduled,,image_upload_failed,Image could not be uploaded to X — the image URL may be broken or unreachable. Fix the image on this post and retry. URL: /objects/uploads/b492bc0a-9083-454c-89de-ee6b6c538443,,2026-07-03 18:31:36.352778,
7bd024eb-f821-4875-8118-8503da0d06d6,3afa3ad3-2569-4548-8d11-6e80c4ad19db,28e07d5b-fd3f-4ac7-b0d1-32aa0c3055c4,synozur.com,linkedin,retry_scheduled,,image_upload_failed,Image could not be uploaded to LinkedIn — the image URL may be broken or unreachable. Fix the image on this post and retry. URL: /objects/uploads/b492bc0a-9083-454c-89de-ee6b6c538443,,2026-07-03 18:33:37.268508,
61f85743-ccf4-4d23-8933-c57b259b6d8d,e1e67ef0-a231-49e4-a488-5a80c1d9c1d0,f7e9fed0-4ed0-467e-ac02-bf140adae7ed,synozur.com,twitter,retry_scheduled,,image_upload_failed,Image could not be uploaded to X — the image URL may be broken or unreachable. Fix the image on this post and retry. URL: /objects/uploads/b492bc0a-9083-454c-89de-ee6b6c538443,,2026-07-03 18:33:38.037772,
a1870c5b-ab68-4c8e-836e-02b5dfe2676f,3afa3ad3-2569-4548-8d11-6e80c4ad19db,28e07d5b-fd3f-4ac7-b0d1-32aa0c3055c4,synozur.com,linkedin,retry_scheduled,,image_upload_failed,Image could not be uploaded to LinkedIn — the image URL may be broken or unreachable. Fix the image on this post and retry. URL: /objects/uploads/b492bc0a-9083-454c-89de-ee6b6c538443,,2026-07-03 18:39:42.698348,
fd146d4c-1a86-4003-950b-773329676d27,e1e67ef0-a231-49e4-a488-5a80c1d9c1d0,f7e9fed0-4ed0-467e-ac02-bf140adae7ed,synozur.com,twitter,retry_scheduled,,image_upload_failed,Image could not be uploaded to X — the image URL may be broken or unreachable. Fix the image on this post and retry. URL: /objects/uploads/b492bc0a-9083-454c-89de-ee6b6c538443,,2026-07-03 18:49:37.497141,
45da0f69-55de-4fd9-81ff-bc8e28f33ca8,3afa3ad3-2569-4548-8d11-6e80c4ad19db,28e07d5b-fd3f-4ac7-b0d1-32aa0c3055c4,synozur.com,linkedin,retry_scheduled,,image_upload_failed,Image could not be uploaded to LinkedIn — the image URL may be broken or unreachable. Fix the image on this post and retry. URL: /objects/uploads/b492bc0a-9083-454c-89de-ee6b6c538443,,2026-07-03 18:55:35.779674,
846c2ea9-534a-494d-87a2-ea6e902d0759,e1e67ef0-a231-49e4-a488-5a80c1d9c1d0,f7e9fed0-4ed0-467e-ac02-bf140adae7ed,synozur.com,twitter,retry_scheduled,,image_upload_failed,Image could not be uploaded to X — the image URL may be broken or unreachable. Fix the image on this post and retry. URL: /objects/uploads/b492bc0a-9083-454c-89de-ee6b6c538443,,2026-07-03 19:56:29.030313,
253f6d94-a27d-414a-8911-badb5d42ce51,3afa3ad3-2569-4548-8d11-6e80c4ad19db,28e07d5b-fd3f-4ac7-b0d1-32aa0c3055c4,synozur.com,linkedin,retry_scheduled,,image_upload_failed,Image could not be uploaded to LinkedIn — the image URL may be broken or unreachable. Fix the image on this post and retry. URL: /objects/uploads/b492bc0a-9083-454c-89de-ee6b6c538443,,2026-07-03 20:02:27.492941,
05eb619c-d701-4a89-8452-12a610d809d1,e1e67ef0-a231-49e4-a488-5a80c1d9c1d0,f7e9fed0-4ed0-467e-ac02-bf140adae7ed,synozur.com,twitter,error,,image_upload_failed,Image could not be uploaded to X — the image URL may be broken or unreachable. Fix the image on this post and retry. URL: https://orbit.synozur.com/public-objects/media-uploads/f97de891-e774-477e-9c1c-e85edbb6f541.png,,2026-07-03 23:57:44.785123,
1d988dac-13de-437e-8d52-3dfc7dc1e45a,3afa3ad3-2569-4548-8d11-6e80c4ad19db,28e07d5b-fd3f-4ac7-b0d1-32aa0c3055c4,synozur.com,linkedin,success,https://www.linkedin.com/feed/update/urn%3Ali%3Ashare%3A7478961737216442368/,,,"{""urn"": ""urn:li:share:7478961737216442368""}",2026-07-04 00:03:52.785962,
ffc3ecee-ae2e-4f59-9ce4-4a5575da4658,304f7db8-2fec-47ea-9abe-0e149e3afc72,28e07d5b-fd3f-4ac7-b0d1-32aa0c3055c4,synozur.com,linkedin,retry_scheduled,,image_upload_failed,Image could not be uploaded to LinkedIn — the image URL may be broken or unreachable. Fix the image on this post and retry. URL: https://orbit.synozur.com/public-objects/media-uploads/f97de891-e774-477e-9c1c-e85edbb6f541.png,,2026-07-04 13:06:01.286857,
a5f67fba-72be-4838-b28e-026efc43f7d5,97a5ae8b-bba3-424a-8ffe-f06bb94c0f2c,f7e9fed0-4ed0-467e-ac02-bf140adae7ed,synozur.com,twitter,retry_scheduled,,token_refresh_failed,"Twitter token refresh failed: Twitter token refresh failed: 400 {""error"":""invalid_request"",""error_description"":""Value passed for the token was invalid.""}",,2026-07-04 13:09:52.785522,
e6c79b91-bff3-4e47-af00-e75c3588b49f,304f7db8-2fec-47ea-9abe-0e149e3afc72,28e07d5b-fd3f-4ac7-b0d1-32aa0c3055c4,synozur.com,linkedin,success,https://www.linkedin.com/feed/update/urn%3Ali%3Ashare%3A7479160065837408256/,,,"{""urn"": ""urn:li:share:7479160065837408256""}",2026-07-04 13:12:00.68622,
0bdc5421-6001-4801-af2c-2ba3d9227cd1,97a5ae8b-bba3-424a-8ffe-f06bb94c0f2c,f7e9fed0-4ed0-467e-ac02-bf140adae7ed,synozur.com,twitter,retry_scheduled,,token_refresh_failed,"Twitter token refresh failed: Twitter token refresh failed: 400 {""error"":""invalid_request"",""error_description"":""Value passed for the token was invalid.""}",,2026-07-04 13:15:54.885298,
903ddab8-e991-4228-846e-1dabf0c1702f,97a5ae8b-bba3-424a-8ffe-f06bb94c0f2c,f7e9fed0-4ed0-467e-ac02-bf140adae7ed,synozur.com,twitter,retry_scheduled,,token_refresh_failed,"Twitter token refresh failed: Twitter token refresh failed: 400 {""error"":""invalid_request"",""error_description"":""Value passed for the token was invalid.""}",,2026-07-04 13:31:54.686293,
07943e4b-9225-4dc5-ab99-353200ccd0ab,97a5ae8b-bba3-424a-8ffe-f06bb94c0f2c,f7e9fed0-4ed0-467e-ac02-bf140adae7ed,synozur.com,twitter,retry_scheduled,,token_refresh_failed,"Twitter token refresh failed: Twitter token refresh failed: 400 {""error"":""invalid_request"",""error_description"":""Value passed for the token was invalid.""}",,2026-07-04 14:32:02.585111,
e84a047b-25f5-4690-a356-f2ce639a261e,97a5ae8b-bba3-424a-8ffe-f06bb94c0f2c,f7e9fed0-4ed0-467e-ac02-bf140adae7ed,synozur.com,twitter,error,,token_refresh_failed,"Twitter token refresh failed: Twitter token refresh failed: 400 {""error"":""invalid_request"",""error_description"":""Value passed for the token was invalid.""}",,2026-07-04 18:33:10.428262,
6534a639-f46a-4e84-a81b-c3c557bf0f32,8906e5fa-1bbb-4f1a-b7a0-384bbcbe5921,f7e9fed0-4ed0-467e-ac02-bf140adae7ed,synozur.com,twitter,retry_scheduled,,token_refresh_failed,"Twitter token refresh failed: Twitter token refresh failed: 400 {""error"":""invalid_request"",""error_description"":""Value passed for the token was invalid.""}",,2026-07-06 13:07:31.054044,
97d1eb80-ffcb-46e5-8ca7-a7f95bd0ed45,432dd6e4-4e42-46d2-9fe5-525d13e3e41d,28e07d5b-fd3f-4ac7-b0d1-32aa0c3055c4,synozur.com,linkedin,success,https://www.linkedin.com/feed/update/urn%3Ali%3Ashare%3A7479884359609524224/,,,"{""urn"": ""urn:li:share:7479884359609524224""}",2026-07-06 13:10:09.529782,
db602b62-e6ad-4239-9f33-a6ce8d78f81e,8906e5fa-1bbb-4f1a-b7a0-384bbcbe5921,f7e9fed0-4ed0-467e-ac02-bf140adae7ed,synozur.com,twitter,retry_scheduled,,token_refresh_failed,"Twitter token refresh failed: Twitter token refresh failed: 400 {""error"":""invalid_request"",""error_description"":""Value passed for the token was invalid.""}",,2026-07-06 13:14:09.629188,
3ce01973-0143-4786-8e5c-c5087d20a28a,8906e5fa-1bbb-4f1a-b7a0-384bbcbe5921,f7e9fed0-4ed0-467e-ac02-bf140adae7ed,synozur.com,twitter,retry_scheduled,,token_refresh_failed,"Twitter token refresh failed: Twitter token refresh failed: 400 {""error"":""invalid_request"",""error_description"":""Value passed for the token was invalid.""}",,2026-07-06 13:29:32.82875,
0c94ac36-4c95-4603-84d4-56a2ce122d9b,8906e5fa-1bbb-4f1a-b7a0-384bbcbe5921,f7e9fed0-4ed0-467e-ac02-bf140adae7ed,synozur.com,twitter,retry_scheduled,,token_refresh_failed,"Twitter token refresh failed: Twitter token refresh failed: 400 {""error"":""invalid_request"",""error_description"":""Value passed for the token was invalid.""}",,2026-07-06 14:31:32.32941,
70b8f620-724f-46e2-ac72-edd938bf3b8b,8906e5fa-1bbb-4f1a-b7a0-384bbcbe5921,f7e9fed0-4ed0-467e-ac02-bf140adae7ed,synozur.com,twitter,error,,token_refresh_failed,"Twitter token refresh failed: Twitter token refresh failed: 400 {""error"":""invalid_request"",""error_description"":""Value passed for the token was invalid.""}",,2026-07-06 18:31:41.3292,
678fdeb8-4d71-4ca8-a844-2bb0a6c8cee0,8906e5fa-1bbb-4f1a-b7a0-384bbcbe5921,f7e9fed0-4ed0-467e-ac02-bf140adae7ed,synozur.com,twitter,error,,token_refresh_failed,"Twitter token refresh failed: Twitter token refresh failed: 400 {""error"":""invalid_request"",""error_description"":""Value passed for the token was invalid.""}",,2026-07-07 05:08:15.651772,
afdcd914-199c-4af3-aa10-f9be63a3b889,3afa4dd7-f998-48ba-a922-567224b9e0c2,f7e9fed0-4ed0-467e-ac02-bf140adae7ed,synozur.com,twitter,error,,token_refresh_failed,"Twitter token refresh failed: Twitter token refresh failed: 400 {""error"":""invalid_request"",""error_description"":""Value passed for the token was invalid.""}",,2026-07-07 13:07:49.016022,
8e9c98d2-4ea8-408e-b7ed-4bb0ea38b831,0cc888df-224b-4251-a4df-f4bb6615cb1a,28e07d5b-fd3f-4ac7-b0d1-32aa0c3055c4,synozur.com,linkedin,success,https://www.linkedin.com/feed/update/urn%3Ali%3Ashare%3A7480246401864491008/,,,"{""urn"": ""urn:li:share:7480246401864491008""}",2026-07-07 13:08:44.61525,
fdebfb3d-7017-4f20-b8a0-2373def36414,5b8cb250-46be-4710-9c6c-68d2e021bfae,28e07d5b-fd3f-4ac7-b0d1-32aa0c3055c4,synozur.com,linkedin,success,https://www.linkedin.com/feed/update/urn%3Ali%3Ashare%3A7480609142701858817/,,,"{""urn"": ""urn:li:share:7480609142701858817""}",2026-07-08 13:10:03.939652,
4eeeb18a-2ad1-479d-bc30-af36ce04b6a3,7a271248-cc86-4f9e-bfc9-e8eec7ed6ac4,28e07d5b-fd3f-4ac7-b0d1-32aa0c3055c4,synozur.com,linkedin,success,https://www.linkedin.com/feed/update/urn%3Ali%3Ashare%3A7480970761260752896/,,,"{""urn"": ""urn:li:share:7480970761260752896""}",2026-07-09 13:07:03.326641,
c264bc11-2b15-4f72-b94b-83fdf7c59bd4,8c763994-9264-4e4d-93f3-196e22c59cee,28e07d5b-fd3f-4ac7-b0d1-32aa0c3055c4,synozur.com,linkedin,success,https://www.linkedin.com/feed/update/urn%3Ali%3Ashare%3A7481334016110133248/,,,"{""urn"": ""urn:li:share:7481334016110133248""}",2026-07-10 13:10:31.827298,
1ce2fd4e-6fd2-4b9c-a88e-9671746b7cee,d2cb835e-025a-458c-88f4-1067ce792329,28e07d5b-fd3f-4ac7-b0d1-32aa0c3055c4,synozur.com,linkedin,success,https://www.linkedin.com/feed/update/urn%3Ali%3Ashare%3A7481695748829491200/,,,"{""urn"": ""urn:li:share:7481695748829491200""}",2026-07-11 13:07:51.069633,
38d5cbe5-9feb-46e3-952c-d5f31237ad1a,fd110bc7-be84-4a42-9cbd-73c5e9510114,28e07d5b-fd3f-4ac7-b0d1-32aa0c3055c4,synozur.com,linkedin,success,https://www.linkedin.com/feed/update/urn%3Ali%3Ashare%3A7482420253789011968/,,,"{""urn"": ""urn:li:share:7482420253789011968""}",2026-07-13 13:07:04.410383,
