id,competitor_id,tenant_domain,platform,period,followers,followers_delta,posts,posts_delta,engagement,engagement_delta,mentions,mentions_delta,raw_data,captured_at,created_at,market_id
4df6e02f-06aa-49e0-8888-35beecf64712,43e55426-39b1-4203-9394-fa02a08d21a9,synozur.com,linkedin,2026-01-24,16535,0,5,0,52,0,0,0,,2026-01-24 14:38:38.859872,2026-01-24 14:38:38.859872,137db123-4906-4e61-af99-f0d23d86a622
9b4423d8-60f2-4746-a6dc-70938ac3c93d,c51d0c96-92cd-4122-8f43-f87cff91b83e,synozur.com,linkedin,2026-01-24,8511,0,5,0,20,0,0,0,,2026-01-24 15:14:21.067434,2026-01-24 15:14:21.067434,5428db01-79b3-4487-a2b2-0e63327f2510
21961c6b-3871-4484-9fd7-78a4226b20ac,58fba9b0-6167-4cbf-83bf-dd315a8c9351,synozur.com,linkedin,2026-01-24,10691,0,5,0,55,0,0,0,,2026-01-24 15:48:47.040846,2026-01-24 15:48:47.040846,5428db01-79b3-4487-a2b2-0e63327f2510
61d416e2-bb1a-4c7b-9ed2-d0f50ed9529c,115d22b8-c03c-4c3e-8093-e53399240505,synozur.com,linkedin,2026-01-24,11697,0,5,0,53,0,0,0,,2026-01-24 17:33:59.126165,2026-01-24 17:33:59.126165,137db123-4906-4e61-af99-f0d23d86a622
4afb91e2-1197-4f33-855d-17ddd2f45db5,f6c55d87-9047-49ba-b332-7fe2c727c47d,synozur.com,linkedin,2026-01-24,22281,0,5,0,79,0,0,0,,2026-01-24 17:34:48.683802,2026-01-24 17:34:48.683802,137db123-4906-4e61-af99-f0d23d86a622
9eef2e51-cd9c-46a2-a136-8eefc5a64256,5d97db8e-ead9-4adf-9900-3f9ad1f4d75f,synozur.com,linkedin,2026-01-24,524286,0,5,0,407,0,0,0,,2026-01-24 21:56:56.680843,2026-01-24 21:56:56.680843,17daaca7-2a15-4f92-bbf3-c9a401ef36ac
be323c46-fe1e-4e0c-8c71-b7d0d847a708,c83f84b7-7663-4135-a40f-a41f3739b943,synozur.com,linkedin,2026-01-24,126023,0,5,0,283,0,0,0,,2026-01-24 21:57:04.383615,2026-01-24 21:57:04.383615,17daaca7-2a15-4f92-bbf3-c9a401ef36ac
36835c82-40b7-45a5-8133-05791bb902eb,77dacf19-2b7f-4c52-9005-ad03b0703f19,synozur.com,linkedin,2026-01-26,643429,0,5,0,1046,0,0,0,,2026-01-26 10:28:24.595416,2026-01-26 10:28:24.595416,5d149a37-4d48-4ada-994a-eff6cc41c995
8d3d70d6-9e0a-458a-854c-3fbe7ab8ecaa,77dacf19-2b7f-4c52-9005-ad03b0703f19,synozur.com,linkedin,2026-01-26,643429,0,5,0,1046,0,0,0,,2026-01-26 10:29:23.833371,2026-01-26 10:29:23.833371,5d149a37-4d48-4ada-994a-eff6cc41c995
52b7898a-83e0-481d-bed1-13fd1f1dee18,b78cc944-49b8-4da8-8ad4-8c456fc9376e,synozur.com,linkedin,2026-01-26,1615225,0,5,0,2422,0,0,0,,2026-01-26 10:36:53.60213,2026-01-26 10:36:53.60213,5d149a37-4d48-4ada-994a-eff6cc41c995
9fcdcb6c-0c19-453f-a206-401c069342f3,7a54fe13-a27c-48e9-9d4f-70dd6aa3f31b,synozur.com,linkedin,2026-01-26,2710,0,5,0,40,0,0,0,,2026-01-26 18:07:03.460502,2026-01-26 18:07:03.460502,5428db01-79b3-4487-a2b2-0e63327f2510
7391d505-e7ff-4b70-9c8e-33a70382f133,7bb038a9-f9b1-46fb-b8b5-6d509c219457,synozur.com,linkedin,2026-01-30,13478,0,5,0,79,0,0,0,,2026-01-30 20:52:16.772753,2026-01-30 20:52:16.772753,0ac8db60-16c4-4665-a8f3-e4655a5a29b5
aa2a4bb6-e55d-44e7-97fd-eae1735ea452,25d12394-a2e1-414c-a149-65c7e8498d71,synozur.com,linkedin,2026-01-31,71486,0,5,0,86,0,0,0,,2026-01-31 20:58:25.039758,2026-01-31 20:58:25.039758,f78f8c44-7b05-43c5-9add-a08bf46af886
af2d1a93-6d82-4272-8e90-7279250a3162,528fdbd1-f178-4d62-bfe4-c88d6d2ce895,synozur.com,linkedin,2026-01-31,21362,0,5,0,69,0,0,0,,2026-01-31 20:58:34.926107,2026-01-31 20:58:34.926107,f78f8c44-7b05-43c5-9add-a08bf46af886
5a6d0e0f-c0f0-4aa1-a8f7-f6cc6c92b36d,43e55426-39b1-4203-9394-fa02a08d21a9,synozur.com,linkedin,2026-02-01,16569,0,5,0,41,0,0,0,,2026-02-01 12:51:07.930571,2026-02-01 12:51:07.930571,137db123-4906-4e61-af99-f0d23d86a622
2600d492-47b4-41f0-96f9-e59e67dceb1c,b78cc944-49b8-4da8-8ad4-8c456fc9376e,synozur.com,linkedin,2026-02-01,1619051,0,5,0,1672,0,0,0,,2026-02-01 23:56:13.527619,2026-02-01 23:56:13.527619,5d149a37-4d48-4ada-994a-eff6cc41c995
c59a56ef-f88c-4638-a8c6-cd10fb047533,ce2dbe38-a357-476f-a3ed-b59c4a3a88c3,synozur.com,linkedin,2026-02-01,9890898,0,5,0,5066,0,0,0,,2026-02-01 23:56:27.116079,2026-02-01 23:56:27.116079,5d149a37-4d48-4ada-994a-eff6cc41c995
36808254-988b-494f-9118-2fdf9fae48f8,77dacf19-2b7f-4c52-9005-ad03b0703f19,synozur.com,linkedin,2026-02-01,644859,0,5,0,477,0,0,0,,2026-02-01 23:56:39.105022,2026-02-01 23:56:39.105022,5d149a37-4d48-4ada-994a-eff6cc41c995
a416b066-6312-4882-b375-290471dd07fb,ace01f20-608a-400b-9636-f42b6ab003da,synozur.com,linkedin,2026-02-01,10642646,0,5,0,4002,0,0,0,,2026-02-01 23:57:03.908034,2026-02-01 23:57:03.908034,5d149a37-4d48-4ada-994a-eff6cc41c995
7879c41b-f82e-42b5-8990-f6c0ce63045c,b09f3c99-c4dc-4bfb-aedf-fa79f747b3ee,synozur.com,linkedin,2026-02-02,38536,0,,0,,0,0,0,,2026-02-02 19:18:06.305064,2026-02-02 19:18:06.305064,e36f9f62-612b-40dd-b2af-39a6cab20c7a
605d8a93-bc0a-42dd-8165-a7a6126a402f,c37c4fd7-fa11-4147-95b6-2e401489de19,synozur.com,linkedin,2026-02-03,317592,0,5,0,192,0,0,0,,2026-02-03 03:48:54.557367,2026-02-03 03:48:54.557367,137db123-4906-4e61-af99-f0d23d86a622
fd780db2-e529-484f-9522-3eb615ad4750,f0b3ce95-2556-45b3-8be7-a93ddda37531,synozur.com,linkedin,2026-02-13,374046,0,5,0,214,0,0,0,,2026-02-13 03:15:22.149541,2026-02-13 03:15:22.149541,a8e7cd06-ed45-41ec-b4a1-1c8a55a17a97
9c95d78f-dae3-4c73-9523-118e4e011559,3bb9e742-8d5e-4420-8ba9-9f3aa358f59a,synozur.com,linkedin,2026-03-06,8816300,0,5,0,476,0,0,0,,2026-03-06 18:48:17.640559,2026-03-06 18:48:17.640559,a8e7cd06-ed45-41ec-b4a1-1c8a55a17a97
2a4a6123-a136-4375-b1d1-565b501149ca,f5e08281-7baf-48f0-b8ac-396500ac5ffa,synozur.com,linkedin,2026-03-06,598,0,5,0,5,0,0,0,,2026-03-06 22:23:21.046733,2026-03-06 22:23:21.046733,9f8f5946-4dd7-418b-b200-ff258a569bf2
b6194e83-a324-4131-83af-99620da7f81c,98ef7a34-26dc-41b0-8505-f940db4d2b3b,protiviti.com,linkedin,2026-03-07,322347,0,5,0,219,0,0,0,,2026-03-07 21:12:42.012966,2026-03-07 21:12:42.012966,df5aac98-bc6d-41ae-a00b-a61d3e1505a9
3d9abdfc-1745-444d-9782-adf9d0babb33,1207e007-52fe-40ba-81cc-89ac1166a6ef,protiviti.com,linkedin,2026-03-07,21383,0,5,0,18,0,0,0,,2026-03-07 21:13:00.306436,2026-03-07 21:13:00.306436,df5aac98-bc6d-41ae-a00b-a61d3e1505a9
41306612-809c-4918-bd91-50bd0f1f73c7,43e55426-39b1-4203-9394-fa02a08d21a9,synozur.com,linkedin,2026-03-07,16817,0,5,0,101,0,0,0,,2026-03-07 21:31:01.322963,2026-03-07 21:31:01.322963,137db123-4906-4e61-af99-f0d23d86a622
ac51da26-b84a-4c1b-acf8-ac5d69b88141,083e0f08-61d1-415a-a97e-839f30139987,synozur.com,linkedin,2026-03-07,40596,0,5,0,49,0,0,0,,2026-03-07 21:31:55.338215,2026-03-07 21:31:55.338215,137db123-4906-4e61-af99-f0d23d86a622
456b472b-feb5-45fe-a30a-22d55b3a48a5,53982d30-0759-4bdb-b737-1558e0e1ef2c,synozur.com,linkedin,2026-03-07,27728188,0,,0,,0,0,0,,2026-03-07 22:35:15.340739,2026-03-07 22:35:15.340739,e36f9f62-612b-40dd-b2af-39a6cab20c7a
1b797b35-f430-450a-b507-b9fbe6d0e5f9,952483ff-29e6-40d5-8be5-c84e5dbefb0b,synozur.com,linkedin,2026-03-07,36490,0,5,0,31,0,0,0,,2026-03-07 22:35:21.433666,2026-03-07 22:35:21.433666,e36f9f62-612b-40dd-b2af-39a6cab20c7a
035adc23-4b40-476b-a506-6e702fde8ec3,0217d71b-ed30-4a62-b6f8-b943654c84cd,synozur.com,linkedin,2026-03-07,34058,0,5,0,136,0,0,0,,2026-03-07 22:35:21.931357,2026-03-07 22:35:21.931357,e36f9f62-612b-40dd-b2af-39a6cab20c7a
f51add1a-ec95-4e9b-ba58-2f6be97b5879,04e5880c-d39d-4642-87eb-ccd50f9e2607,synozur.com,linkedin,2026-03-07,10941,0,5,0,55,0,0,0,,2026-03-07 22:35:22.29032,2026-03-07 22:35:22.29032,e36f9f62-612b-40dd-b2af-39a6cab20c7a
66c9c31b-502c-4e9c-8907-cd76e85716fb,d839de5b-0b3f-4e3d-b620-03d5f2ab2381,synozur.com,linkedin,2026-03-07,24137,0,,0,,0,0,0,,2026-03-07 22:35:27.674356,2026-03-07 22:35:27.674356,e36f9f62-612b-40dd-b2af-39a6cab20c7a
dfc3fac9-3391-4f84-a83d-b3f8ed6d3b3d,15260f97-ef1f-4eee-9033-012b086c1071,synozur.com,linkedin,2026-03-07,21013,0,5,0,92,0,0,0,,2026-03-07 22:35:25.761717,2026-03-07 22:35:25.761717,e36f9f62-612b-40dd-b2af-39a6cab20c7a
b56276d5-05f9-4908-abae-addedd16a702,e0423f58-ae60-4ed5-8f8b-3f9c8e13585a,synozur.com,linkedin,2026-03-07,28610,0,5,0,81,0,0,0,,2026-03-07 22:35:34.595575,2026-03-07 22:35:34.595575,e36f9f62-612b-40dd-b2af-39a6cab20c7a
49e15bcc-fba1-40cc-b5e3-9d00af0640e3,b09f3c99-c4dc-4bfb-aedf-fa79f747b3ee,synozur.com,linkedin,2026-03-07,39359,0,,0,,0,0,0,,2026-03-07 22:35:51.444601,2026-03-07 22:35:51.444601,e36f9f62-612b-40dd-b2af-39a6cab20c7a
0dee29aa-79a8-472e-81aa-cd7d5fe17d0d,d19ae81e-df49-4801-9408-9e4b25f9877c,synozur.com,linkedin,2026-03-07,6225,0,5,0,79,0,0,0,,2026-03-07 22:38:52.045936,2026-03-07 22:38:52.045936,e36f9f62-612b-40dd-b2af-39a6cab20c7a
090ff790-6f31-4f47-be06-31b85d049741,d19ae81e-df49-4801-9408-9e4b25f9877c,synozur.com,linkedin,2026-03-07,6225,0,5,0,79,0,0,0,,2026-03-07 22:46:11.616475,2026-03-07 22:46:11.616475,e36f9f62-612b-40dd-b2af-39a6cab20c7a
68bd2f28-914f-4db7-b92d-17660a39819f,b09f3c99-c4dc-4bfb-aedf-fa79f747b3ee,synozur.com,linkedin,2026-03-07,39360,0,5,0,211,0,0,0,,2026-03-07 22:46:13.944224,2026-03-07 22:46:13.944224,e36f9f62-612b-40dd-b2af-39a6cab20c7a
f101f590-b764-455d-85f8-5a1400cca434,7516b10b-3bf5-4de4-af1a-b6bc7d30eed5,synozur.com,linkedin,2026-03-07,3183,0,5,0,64,0,0,0,,2026-03-07 23:33:49.965456,2026-03-07 23:33:49.965456,b085c33e-6301-4882-a3fd-5010c4e45238
1686bd76-04c8-4f57-8421-475049ba2a08,49c49d6d-f2fa-4af9-bfd9-169fed3a53d9,synozur.com,linkedin,2026-03-07,1744,0,5,0,61,0,0,0,,2026-03-07 23:33:57.87421,2026-03-07 23:33:57.87421,b085c33e-6301-4882-a3fd-5010c4e45238
0100f213-c19f-4859-a608-f3babfc01b5d,02ec6d2d-335d-4e75-8145-966c3d8096ea,synozur.com,linkedin,2026-03-07,22999,0,5,0,119,0,0,0,,2026-03-07 23:34:03.608876,2026-03-07 23:34:03.608876,b085c33e-6301-4882-a3fd-5010c4e45238
6648075b-8d04-46ed-b5b7-88590b170014,a166f360-1a00-4645-a802-2fb6825452fa,synozur.com,linkedin,2026-03-07,16413,0,5,0,116,0,0,0,,2026-03-07 23:34:29.747411,2026-03-07 23:34:29.747411,b085c33e-6301-4882-a3fd-5010c4e45238
2547405f-2337-42f1-9c26-63a706f9e7dd,14f114a8-229e-43d2-8db2-3bf6be22ff7a,synozur.com,linkedin,2026-03-07,21743,0,5,0,390,0,0,0,,2026-03-07 23:34:34.458408,2026-03-07 23:34:34.458408,b085c33e-6301-4882-a3fd-5010c4e45238
ca39df10-48b7-4641-b0f5-51f02296eede,02ec6d2d-335d-4e75-8145-966c3d8096ea,synozur.com,linkedin,2026-03-07,22999,0,5,0,119,0,0,0,,2026-03-07 23:34:36.623464,2026-03-07 23:34:36.623464,b085c33e-6301-4882-a3fd-5010c4e45238
5bc708f2-785d-4e58-82bf-b76b6abee12c,49c49d6d-f2fa-4af9-bfd9-169fed3a53d9,synozur.com,linkedin,2026-03-07,1744,0,5,0,61,0,0,0,,2026-03-07 23:34:41.22474,2026-03-07 23:34:41.22474,b085c33e-6301-4882-a3fd-5010c4e45238
b0ab236b-142b-4363-b5f1-c5dfea5ba073,f4d327d6-053b-471f-a390-7e096761634e,synozur.com,linkedin,2026-03-07,19508,0,5,0,158,0,0,0,,2026-03-07 23:34:57.865965,2026-03-07 23:34:57.865965,b085c33e-6301-4882-a3fd-5010c4e45238
3e0288fb-ac86-4f5c-b23f-435b39436559,78f6a80e-d53c-415e-bc74-537e7a40d81d,synozur.com,linkedin,2026-03-16,7021,0,5,0,45,0,0,0,,2026-03-16 15:03:24.8229,2026-03-16 15:03:24.8229,e36f9f62-612b-40dd-b2af-39a6cab20c7a
b247f3c1-ad96-4964-b87f-83970f6595d6,f6baf855-3a89-42c5-963d-d7a8c8f7c118,synozur.com,linkedin,2026-03-16,1354949,0,5,0,734,0,0,0,,2026-03-16 15:03:40.504512,2026-03-16 15:03:40.504512,e36f9f62-612b-40dd-b2af-39a6cab20c7a
752b9cdf-7b31-45c0-90d5-31017318beb1,53881696-8d69-492a-8842-d8257c7b25cc,synozur.com,linkedin,2026-03-16,1473088,0,5,0,937,0,0,0,,2026-03-16 15:03:53.891262,2026-03-16 15:03:53.891262,e36f9f62-612b-40dd-b2af-39a6cab20c7a
40d0649f-d071-429e-9642-30d67cd72b84,53982d30-0759-4bdb-b737-1558e0e1ef2c,synozur.com,linkedin,2026-03-16,27764131,0,,0,,0,0,0,,2026-03-16 15:04:35.211148,2026-03-16 15:04:35.211148,e36f9f62-612b-40dd-b2af-39a6cab20c7a
dd3b74dc-49c7-4426-afd5-7872fb0cc0b3,952483ff-29e6-40d5-8be5-c84e5dbefb0b,synozur.com,linkedin,2026-03-16,36488,0,5,0,51,0,0,0,,2026-03-16 15:04:51.544544,2026-03-16 15:04:51.544544,e36f9f62-612b-40dd-b2af-39a6cab20c7a
0913b81c-412f-4a0f-84e4-4c8eb3c36dec,0217d71b-ed30-4a62-b6f8-b943654c84cd,synozur.com,linkedin,2026-03-16,34108,0,5,0,77,0,0,0,,2026-03-16 15:05:06.27498,2026-03-16 15:05:06.27498,e36f9f62-612b-40dd-b2af-39a6cab20c7a
12f896c2-9ebb-4a59-8e55-c20852976d79,04e5880c-d39d-4642-87eb-ccd50f9e2607,synozur.com,linkedin,2026-03-16,10941,0,5,0,54,0,0,0,,2026-03-16 15:05:15.56188,2026-03-16 15:05:15.56188,e36f9f62-612b-40dd-b2af-39a6cab20c7a
19ca1c71-803b-4f9d-9238-275ad0b27eaa,d839de5b-0b3f-4e3d-b620-03d5f2ab2381,synozur.com,linkedin,2026-03-16,24162,0,,0,,0,0,0,,2026-03-16 15:05:31.324566,2026-03-16 15:05:31.324566,e36f9f62-612b-40dd-b2af-39a6cab20c7a
be53e96d-6829-4d1d-954e-fba4e86c9dad,15260f97-ef1f-4eee-9033-012b086c1071,synozur.com,linkedin,2026-03-16,21086,0,5,0,62,0,0,0,,2026-03-16 15:05:44.68742,2026-03-16 15:05:44.68742,e36f9f62-612b-40dd-b2af-39a6cab20c7a
a70d4333-af14-45ee-bb3b-b6e3503d917e,e0423f58-ae60-4ed5-8f8b-3f9c8e13585a,synozur.com,linkedin,2026-03-16,28636,0,5,0,81,0,0,0,,2026-03-16 15:05:59.001798,2026-03-16 15:05:59.001798,e36f9f62-612b-40dd-b2af-39a6cab20c7a
f9f6c654-313f-4ea8-8488-ee205e2e5535,d19ae81e-df49-4801-9408-9e4b25f9877c,synozur.com,linkedin,2026-03-16,6232,0,5,0,40,0,0,0,,2026-03-16 15:06:08.726467,2026-03-16 15:06:08.726467,e36f9f62-612b-40dd-b2af-39a6cab20c7a
7a24d4f1-2f15-4639-a0e8-b024d01d8dc9,b09f3c99-c4dc-4bfb-aedf-fa79f747b3ee,synozur.com,linkedin,2026-03-16,39536,0,5,0,211,0,0,0,,2026-03-16 15:06:18.429784,2026-03-16 15:06:18.429784,e36f9f62-612b-40dd-b2af-39a6cab20c7a
10527c3e-0b6d-4307-9c47-81ea43b18248,5a0b59fa-6ab6-42db-a935-350a4ca2a9c6,synozur.com,linkedin,2026-03-21,20010,0,5,0,48,0,0,0,,2026-03-21 01:02:52.671562,2026-03-21 01:02:52.671562,f78f8c44-7b05-43c5-9add-a08bf46af886
f658fcea-eb7b-4f0e-8a95-3fb32d4f2915,25d12394-a2e1-414c-a149-65c7e8498d71,synozur.com,linkedin,2026-03-21,71368,0,5,0,88,0,0,0,,2026-03-21 01:03:02.76394,2026-03-21 01:03:02.76394,f78f8c44-7b05-43c5-9add-a08bf46af886
e4ea6474-2aba-470f-be4a-7eb52594402a,528fdbd1-f178-4d62-bfe4-c88d6d2ce895,synozur.com,linkedin,2026-03-21,21494,0,5,0,118,0,0,0,,2026-03-21 01:03:15.631732,2026-03-21 01:03:15.631732,f78f8c44-7b05-43c5-9add-a08bf46af886
b71bfe6d-996a-45c6-b412-de8adf94676c,c37c4fd7-fa11-4147-95b6-2e401489de19,synozur.com,linkedin,2026-03-25,324652,0,5,0,290,0,0,0,,2026-03-25 15:34:01.64694,2026-03-25 15:34:01.64694,137db123-4906-4e61-af99-f0d23d86a622
f06acf02-aaf3-4ac6-bf2a-009c04e0e072,43e55426-39b1-4203-9394-fa02a08d21a9,synozur.com,linkedin,2026-03-25,16917,0,5,0,42,0,0,0,,2026-03-25 15:34:11.194655,2026-03-25 15:34:11.194655,137db123-4906-4e61-af99-f0d23d86a622
7fb0098c-e974-4f67-af01-ad6e5bb44018,083e0f08-61d1-415a-a97e-839f30139987,synozur.com,linkedin,2026-03-25,40679,0,5,0,46,0,0,0,,2026-03-25 15:34:33.917999,2026-03-25 15:34:33.917999,137db123-4906-4e61-af99-f0d23d86a622
c3a7d81c-a6aa-481d-a518-01747da297cc,4a7d1f2b-28a6-4196-b23f-0b6d273d1507,synozur.com,linkedin,2026-03-25,84017,0,5,0,361,0,0,0,,2026-03-25 15:34:45.042331,2026-03-25 15:34:45.042331,137db123-4906-4e61-af99-f0d23d86a622
8cafb6ae-a941-4e3e-a2a4-c3552da03e12,1dff90fa-d938-48b9-ac07-5d059fa04832,synozur.com,linkedin,2026-03-25,43376,0,5,0,269,0,0,0,,2026-03-25 15:35:03.516298,2026-03-25 15:35:03.516298,137db123-4906-4e61-af99-f0d23d86a622
c09a7dc9-c86e-495c-9957-7073ba44b61f,43e55426-39b1-4203-9394-fa02a08d21a9,synozur.com,linkedin,2026-03-25,16917,0,5,0,42,0,0,0,,2026-03-25 15:35:50.424402,2026-03-25 15:35:50.424402,137db123-4906-4e61-af99-f0d23d86a622
b1e7b71f-3c65-42b2-ab0e-c86948f73422,c37c4fd7-fa11-4147-95b6-2e401489de19,synozur.com,linkedin,2026-03-25,324652,0,5,0,290,0,0,0,,2026-03-25 15:35:51.166965,2026-03-25 15:35:51.166965,137db123-4906-4e61-af99-f0d23d86a622
8127a6a1-6117-4d86-8f9a-9f9b239f9434,4a7d1f2b-28a6-4196-b23f-0b6d273d1507,synozur.com,linkedin,2026-03-25,84017,0,5,0,361,0,0,0,,2026-03-25 15:35:58.983269,2026-03-25 15:35:58.983269,137db123-4906-4e61-af99-f0d23d86a622
7822ffaa-3cf2-4d23-8bbd-1414b4d83308,083e0f08-61d1-415a-a97e-839f30139987,synozur.com,linkedin,2026-03-25,40679,0,5,0,46,0,0,0,,2026-03-25 15:36:05.176128,2026-03-25 15:36:05.176128,137db123-4906-4e61-af99-f0d23d86a622
d4032f04-dae6-49ec-98b7-a2a03b63090e,70119ffb-1157-4dba-b98b-ad7a3c78d74b,synozur.com,linkedin,2026-03-25,19139,0,5,0,64,0,0,0,,2026-03-25 15:36:08.621268,2026-03-25 15:36:08.621268,137db123-4906-4e61-af99-f0d23d86a622
2ab55ef0-ea76-4ab3-85b5-d3d179158b18,1dff90fa-d938-48b9-ac07-5d059fa04832,synozur.com,linkedin,2026-03-25,43376,0,5,0,269,0,0,0,,2026-03-25 15:36:09.05107,2026-03-25 15:36:09.05107,137db123-4906-4e61-af99-f0d23d86a622
d7b78c88-1fb7-4aeb-aeb9-36f5fe15525a,115d22b8-c03c-4c3e-8093-e53399240505,synozur.com,linkedin,2026-03-25,11853,0,5,0,46,0,0,0,,2026-03-25 15:36:09.717798,2026-03-25 15:36:09.717798,137db123-4906-4e61-af99-f0d23d86a622
be77f9bd-038d-4a3d-85da-f13685d36319,f6c55d87-9047-49ba-b332-7fe2c727c47d,synozur.com,linkedin,2026-03-25,23094,0,5,0,17,0,0,0,,2026-03-25 15:36:10.016461,2026-03-25 15:36:10.016461,137db123-4906-4e61-af99-f0d23d86a622
2f390269-b4df-40b1-a3b9-ef189c674f02,c8daa9f8-7eb3-45ae-9fa8-2ac0e5773f50,reveillesoftware.com,linkedin,2026-03-26,179932,0,5,0,237,0,0,0,,2026-03-26 13:25:28.334579,2026-03-26 13:25:28.334579,5232feeb-8671-489f-ab07-e9d7310f0a3f
7b541a3a-fbee-49cc-bf15-0f18802c47ae,b8f6cf4c-a5da-4027-975e-00c8966ee87d,reveillesoftware.com,linkedin,2026-03-26,783633,0,5,0,71,0,0,0,,2026-03-26 13:25:37.38958,2026-03-26 13:25:37.38958,5232feeb-8671-489f-ab07-e9d7310f0a3f
06641862-296b-426c-b212-17a67d663dd7,080b5d8a-1101-4b6d-920c-66f2b90fc480,reveillesoftware.com,linkedin,2026-03-26,131442,0,5,0,243,0,0,0,,2026-03-26 13:25:42.170747,2026-03-26 13:25:42.170747,5232feeb-8671-489f-ab07-e9d7310f0a3f
e00cb24e-cd83-4bb2-ae73-2ebd0fdc2f41,0e207e47-cd22-4a78-b3ea-6b233f5f2643,reveillesoftware.com,linkedin,2026-03-26,512347,0,5,0,585,0,0,0,,2026-03-26 13:31:35.413182,2026-03-26 13:31:35.413182,5232feeb-8671-489f-ab07-e9d7310f0a3f
75198c20-d310-4f98-a66b-3852d69c6f04,10d078c9-7fb6-4cd3-9065-8231efbcfe5b,synozur.com,linkedin,2026-03-26,464998,0,5,0,1238,0,0,0,,2026-03-26 22:20:01.597278,2026-03-26 22:20:01.597278,188acbd9-121b-4b3f-b21b-37b4e46638e0
7d182294-0961-41c6-810f-4a66e83d2d45,a431ce1f-becc-4c18-85e3-23320bc1bfc6,synozur.com,linkedin,2026-03-26,70242,0,5,0,32,0,0,0,,2026-03-26 22:20:14.984382,2026-03-26 22:20:14.984382,188acbd9-121b-4b3f-b21b-37b4e46638e0
33a2e327-8b53-4a8e-80e0-04b5de84d76d,ad1f2327-7329-466c-9370-e88092ade488,synozur.com,linkedin,2026-03-26,464998,0,5,0,1238,0,0,0,,2026-03-26 22:20:26.218943,2026-03-26 22:20:26.218943,188acbd9-121b-4b3f-b21b-37b4e46638e0
4d38d937-82f0-4469-ac1a-d71afc0992a4,461d9fa1-3ea8-4d46-b0ea-88be2d20c112,synozur.com,linkedin,2026-03-26,375442,0,5,0,567,0,0,0,,2026-03-26 22:20:46.375143,2026-03-26 22:20:46.375143,188acbd9-121b-4b3f-b21b-37b4e46638e0
13da8f2e-91c2-40ef-8c9b-ca3a7f4de2c5,69a49fd8-6769-44aa-b1e3-eedb0cf108d6,synozur.com,linkedin,2026-03-26,46393,0,5,0,25,0,0,0,,2026-03-26 22:21:06.322649,2026-03-26 22:21:06.322649,188acbd9-121b-4b3f-b21b-37b4e46638e0
602c465e-ed3c-47de-8f30-f7cd00ce2123,f5e08281-7baf-48f0-b8ac-396500ac5ffa,synozur.com,linkedin,2026-03-27,600,0,5,0,4,0,0,0,,2026-03-27 13:15:34.880739,2026-03-27 13:15:34.880739,9f8f5946-4dd7-418b-b200-ff258a569bf2
452818ed-9886-42da-9e0a-3db6b03c4c0d,812eeef9-d364-4897-97cc-e9562f81f4a3,synozur.com,linkedin,2026-03-27,11008,0,5,0,43,0,0,0,,2026-03-27 13:15:43.106779,2026-03-27 13:15:43.106779,9f8f5946-4dd7-418b-b200-ff258a569bf2
6141a6cd-c875-474a-b510-35f4e22ee937,2542fb15-a0fd-4a4b-9b3d-4ff469405f2a,synozur.com,linkedin,2026-03-27,17763,0,5,0,52,0,0,0,,2026-03-27 13:16:04.332684,2026-03-27 13:16:04.332684,9f8f5946-4dd7-418b-b200-ff258a569bf2
37bcd34a-22e4-4a74-bd25-dbfc5862b3c3,ae599c90-5d95-4266-8963-7f768744fd26,synozur.com,linkedin,2026-03-27,190608,0,5,0,50,0,0,0,,2026-03-27 13:16:12.479965,2026-03-27 13:16:12.479965,9f8f5946-4dd7-418b-b200-ff258a569bf2
0e68810c-e046-43c8-8a86-b56d5a975e85,1207e007-52fe-40ba-81cc-89ac1166a6ef,protiviti.com,linkedin,2026-03-27,21474,0,5,0,58,0,0,0,,2026-03-27 13:18:30.95525,2026-03-27 13:18:30.95525,df5aac98-bc6d-41ae-a00b-a61d3e1505a9
982ea969-0050-4816-901c-9e2b79a361ff,98ef7a34-26dc-41b0-8505-f940db4d2b3b,protiviti.com,linkedin,2026-03-27,324914,0,5,0,290,0,0,0,,2026-03-27 13:18:41.191484,2026-03-27 13:18:41.191484,df5aac98-bc6d-41ae-a00b-a61d3e1505a9
88f215b0-1357-4b0f-8375-04c36869f99e,1b0e56e9-a72c-4071-936b-d2ee2e5c4e28,protiviti.com,linkedin,2026-03-27,274218,0,5,0,70,0,0,0,,2026-03-27 13:19:15.816991,2026-03-27 13:19:15.816991,df5aac98-bc6d-41ae-a00b-a61d3e1505a9
e1fca9fe-a995-47ae-85d2-d82dcb7adfab,0a4e058a-6f20-4ee1-9446-6f6ad22f79f4,synozur.com,linkedin,2026-03-27,4797,0,5,0,31,0,0,0,,2026-03-27 22:29:20.031845,2026-03-27 22:29:20.031845,5428db01-79b3-4487-a2b2-0e63327f2510
61edaeb7-d448-4b50-9f01-20bcae4181c9,c51d0c96-92cd-4122-8f43-f87cff91b83e,synozur.com,linkedin,2026-03-27,8748,0,5,0,36,0,0,0,,2026-03-27 22:29:27.725248,2026-03-27 22:29:27.725248,5428db01-79b3-4487-a2b2-0e63327f2510
35e9e8b0-d0d4-4467-ae8c-327a714fdd0c,7a54fe13-a27c-48e9-9d4f-70dd6aa3f31b,synozur.com,linkedin,2026-03-27,2750,0,5,0,14,0,0,0,,2026-03-27 22:29:41.341816,2026-03-27 22:29:41.341816,5428db01-79b3-4487-a2b2-0e63327f2510
49a1ebf0-b635-48e3-a43a-ee83d92850dd,4fe0bb48-c4b7-4fae-bff3-5c74d09872e6,synozur.com,linkedin,2026-03-27,3714,0,,0,,0,0,0,,2026-03-27 22:29:58.055585,2026-03-27 22:29:58.055585,5428db01-79b3-4487-a2b2-0e63327f2510
2f28a813-44c0-4b91-9434-9c7db093ffc0,32c39b62-e879-4d0c-89d3-80de52e93225,synozur.com,linkedin,2026-03-27,2516,0,5,0,16,0,0,0,,2026-03-27 22:30:09.510884,2026-03-27 22:30:09.510884,5428db01-79b3-4487-a2b2-0e63327f2510
cd72794f-6ff7-4539-b89e-489528017e02,b61d84e3-6744-4d06-9886-293338c643e1,synozur.com,linkedin,2026-03-28,207856,0,5,0,957,0,0,0,,2026-03-28 16:33:38.852925,2026-03-28 16:33:38.852925,ca220481-8e38-44ac-8bec-b77fce1155d9
fb01fcb1-eed0-4a85-a63b-22c2190e427a,bbc33448-4592-46af-a2dd-9a4c8d9b0912,synozur.com,linkedin,2026-03-28,184540,0,5,0,664,0,0,0,,2026-03-28 16:33:46.292084,2026-03-28 16:33:46.292084,ca220481-8e38-44ac-8bec-b77fce1155d9
bcbb6408-fc4e-40e5-8c9d-f6a40a4d91b0,96887424-f071-410c-ab3e-76ea0bc72251,synozur.com,linkedin,2026-03-28,172300,0,5,0,1272,0,0,0,,2026-03-28 16:33:55.129993,2026-03-28 16:33:55.129993,ca220481-8e38-44ac-8bec-b77fce1155d9
4e70a68d-93df-43a2-ad11-f94bbfb8b2b9,da5d280c-ef5f-4ba8-8f4e-0d12dda9d38f,synozur.com,linkedin,2026-03-28,163887,0,5,0,1821,0,0,0,,2026-03-28 16:34:08.405994,2026-03-28 16:34:08.405994,ca220481-8e38-44ac-8bec-b77fce1155d9
e3b81308-b815-4216-a4b9-123fd9f43b5a,b78cc944-49b8-4da8-8ad4-8c456fc9376e,synozur.com,linkedin,2026-03-30,1649697,0,5,0,2897,0,0,0,,2026-03-30 21:52:34.841298,2026-03-30 21:52:34.841298,5d149a37-4d48-4ada-994a-eff6cc41c995
7ba0509d-8e30-4e5d-a44f-375984a86f6d,ce2dbe38-a357-476f-a3ed-b59c4a3a88c3,synozur.com,linkedin,2026-03-30,10493435,0,5,0,4711,0,0,0,,2026-03-30 21:52:45.799781,2026-03-30 21:52:45.799781,5d149a37-4d48-4ada-994a-eff6cc41c995
facdc52d-95d3-4c90-9d34-dc8f14fb98e5,5595f6b9-a114-4814-bfba-d69a796eb480,synozur.com,linkedin,2026-03-30,1741191,0,5,0,771,0,0,0,,2026-03-30 21:52:59.623028,2026-03-30 21:52:59.623028,5d149a37-4d48-4ada-994a-eff6cc41c995
ea636c4c-f7d5-4672-b9ab-683851b9c447,77dacf19-2b7f-4c52-9005-ad03b0703f19,synozur.com,linkedin,2026-03-30,655359,0,5,0,295,0,0,0,,2026-03-30 21:53:11.753357,2026-03-30 21:53:11.753357,5d149a37-4d48-4ada-994a-eff6cc41c995
16c1e369-843f-4cf4-a10f-bdfbb42b22a6,d36f6151-a2c2-4261-9483-540deff0b905,synozur.com,linkedin,2026-03-30,11288589,0,5,0,1735,0,0,0,,2026-03-30 21:53:24.208652,2026-03-30 21:53:24.208652,5d149a37-4d48-4ada-994a-eff6cc41c995
92296f90-cdb7-4c8b-9939-923104d5b70c,aa2b9688-1918-4104-82ed-625dbe30d2f9,synozur.com,linkedin,2026-03-30,6423923,0,5,0,576,0,0,0,,2026-03-30 21:53:33.192648,2026-03-30 21:53:33.192648,5d149a37-4d48-4ada-994a-eff6cc41c995
2504480a-67e9-4757-ab64-169fe6388754,ace01f20-608a-400b-9636-f42b6ab003da,synozur.com,linkedin,2026-03-30,10731951,0,5,0,476,0,0,0,,2026-03-30 21:53:46.111505,2026-03-30 21:53:46.111505,5d149a37-4d48-4ada-994a-eff6cc41c995
61258e53-5794-4272-920d-d2a41f7ea407,69d6af5d-1da7-4106-8b07-71e218069cdc,synozur.com,linkedin,2026-04-01,1150,0,,0,,0,0,0,,2026-04-01 03:46:55.420627,2026-04-01 03:46:55.420627,0ef94ec0-4a79-4bf6-8bf8-7009864131e5
3ade3f2c-5609-4f7a-9bf8-a6c0873b0f78,a07bd48b-1b51-4f8d-9cd1-926627933d2f,synozur.com,linkedin,2026-04-01,677,0,,0,,0,0,0,,2026-04-01 03:47:07.229067,2026-04-01 03:47:07.229067,0ef94ec0-4a79-4bf6-8bf8-7009864131e5
63e4dce0-6d40-4801-8605-b62c9e3d22b6,59fd7bf0-04d3-4a8c-ba44-94fe2fd13434,synozur.com,linkedin,2026-04-01,76942,0,5,0,1228,0,0,0,,2026-04-01 03:47:19.854656,2026-04-01 03:47:19.854656,0ef94ec0-4a79-4bf6-8bf8-7009864131e5
5ed054d3-c45b-42ad-aa16-a0ff51dc0bbf,a567bbdb-d990-49e8-a6ae-1a814d8d99ea,synozur.com,linkedin,2026-04-01,27939950,0,5,0,1437,0,0,0,,2026-04-01 03:47:32.996742,2026-04-01 03:47:32.996742,0ef94ec0-4a79-4bf6-8bf8-7009864131e5
584d24a2-7a23-4f01-85f0-6cac6f10ddbe,a2726b18-5a93-491d-898b-d82855f52b98,synozur.com,linkedin,2026-04-01,2008566,0,,0,,0,0,0,,2026-04-01 03:47:53.72961,2026-04-01 03:47:53.72961,0ef94ec0-4a79-4bf6-8bf8-7009864131e5
01ed1e18-cd5a-4213-8df8-4ff7b881bff6,1bc18604-f0db-4133-ba67-1fe13d9ddbd8,synozur.com,linkedin,2026-04-01,89106,0,5,0,281,0,0,0,,2026-04-01 04:19:39.736412,2026-04-01 04:19:39.736412,0ef94ec0-4a79-4bf6-8bf8-7009864131e5
d12f430d-3a16-410c-96a5-caf4eb666898,cc3fd97b-d1ed-46e7-9e8f-4b4a8531f89e,synozur.com,linkedin,2026-04-03,452115,0,5,0,150,0,0,0,,2026-04-03 01:28:34.416031,2026-04-03 01:28:34.416031,e60427a8-7765-4e8a-a031-3324c883931f
d56580e2-60e9-4559-a9f6-9a4a5dd08aad,89d1818e-24bd-40b3-a0b6-c853af8d6f58,synozur.com,linkedin,2026-04-03,140426,0,5,0,368,0,0,0,,2026-04-03 01:29:55.13852,2026-04-03 01:29:55.13852,e60427a8-7765-4e8a-a031-3324c883931f
22624585-f3a1-4f78-97fc-c3dd4ffa2d0e,35c0e0ed-de38-4541-8f17-ae88718b534e,synozur.com,linkedin,2026-04-03,477182,0,5,0,634,0,0,0,,2026-04-03 01:30:13.98018,2026-04-03 01:30:13.98018,e60427a8-7765-4e8a-a031-3324c883931f
a383ae68-cf1e-41b3-9a7c-feb62d47f707,f250aa3b-1558-4d9a-b0ec-a43ec294b566,synozur.com,linkedin,2026-04-03,147845,0,5,0,354,0,0,0,,2026-04-03 01:31:16.482145,2026-04-03 01:31:16.482145,e60427a8-7765-4e8a-a031-3324c883931f
bc68591d-a36f-4f85-b269-d140f4226f0f,3f0aa010-e241-43af-88cd-152f5c318ca4,synozur.com,linkedin,2026-04-03,189970,0,5,0,161,0,0,0,,2026-04-03 01:32:14.980684,2026-04-03 01:32:14.980684,e60427a8-7765-4e8a-a031-3324c883931f
c288db0e-2413-4bf1-ba89-22b67aa878d5,e50a74e0-7c71-4ca2-9979-4238b23b7184,synozur.com,linkedin,2026-04-03,437301,0,,0,,0,0,0,,2026-04-03 01:32:54.5806,2026-04-03 01:32:54.5806,e60427a8-7765-4e8a-a031-3324c883931f
b8002e91-a077-4e05-aa26-ba2bd34eea44,5cad0634-c21b-43cb-bc67-0790149970cf,synozur.com,linkedin,2026-04-03,374616,0,,0,,0,0,0,,2026-04-03 01:41:05.689074,2026-04-03 01:41:05.689074,9705950c-adda-40e3-8f88-7704fdff4d50
02f9cc6b-63d1-442b-9e17-74e67dc4ef6e,3e66311d-2046-48af-a047-b9a9af40c150,synozur.com,linkedin,2026-04-03,437302,0,,0,,0,0,0,,2026-04-03 01:41:14.385799,2026-04-03 01:41:14.385799,9705950c-adda-40e3-8f88-7704fdff4d50
8644c670-4ae8-4434-8b43-66d52e2bb56e,95a32885-b77f-478f-9b85-67a6ca7eea4e,synozur.com,linkedin,2026-04-03,176325,0,5,0,285,0,0,0,,2026-04-03 01:41:23.390444,2026-04-03 01:41:23.390444,9705950c-adda-40e3-8f88-7704fdff4d50
012514e2-cfc4-4c7c-a286-0d486f6c7ddf,575bb2b0-d7b4-422b-99e0-6fa9c6e3fd23,synozur.com,linkedin,2026-04-03,316137,0,5,0,351,0,0,0,,2026-04-03 01:41:51.249085,2026-04-03 01:41:51.249085,9705950c-adda-40e3-8f88-7704fdff4d50
e177b9a6-ae58-4251-9b98-65da22cb53f5,ff267d4b-3a3d-477d-a863-35c69deba5ed,synozur.com,linkedin,2026-04-03,477182,0,5,0,640,0,0,0,,2026-04-03 01:42:11.081222,2026-04-03 01:42:11.081222,9705950c-adda-40e3-8f88-7704fdff4d50
91a2d092-fc18-433f-9907-32bd14af35d6,eec0bf1c-285a-4ff2-b8f0-d76afa4a5dc6,synozur.com,linkedin,2026-04-03,147845,0,5,0,354,0,0,0,,2026-04-03 01:42:39.23413,2026-04-03 01:42:39.23413,9705950c-adda-40e3-8f88-7704fdff4d50
67a6dd2e-a793-4762-8346-e28796494461,2f74e349-868f-4154-bb11-54c42cc588b4,synozur.com,linkedin,2026-04-03,755,0,1,0,82,0,0,0,,2026-04-03 12:28:39.404097,2026-04-03 12:28:39.404097,0d26aaa5-4ae5-40d8-a834-e70c84f9d45e
4ed38faf-ecf7-4660-87a8-d30a976c0734,e80ece37-83bb-490b-b0e1-3c694671a488,synozur.com,linkedin,2026-04-03,1318902,0,5,0,204,0,0,0,,2026-04-03 12:28:49.316162,2026-04-03 12:28:49.316162,0d26aaa5-4ae5-40d8-a834-e70c84f9d45e
df2cf502-4470-45f3-be79-a36102e01a10,40663b2f-b3e5-4a9f-b89e-b5500e0d76ec,synozur.com,linkedin,2026-04-03,8506,0,5,0,120,0,0,0,,2026-04-03 12:29:03.511846,2026-04-03 12:29:03.511846,0d26aaa5-4ae5-40d8-a834-e70c84f9d45e
76ec6242-456f-4ef4-955e-ba2ff4145460,0b8b5bbc-d283-4e90-a848-4a846ee60f6f,synozur.com,linkedin,2026-04-03,5248,0,5,0,461,0,0,0,,2026-04-03 12:29:54.046815,2026-04-03 12:29:54.046815,0d26aaa5-4ae5-40d8-a834-e70c84f9d45e
d67a9974-85cc-4daa-be38-f3b3814cdecb,4156e3a5-eaa4-4345-aa2f-58a0a8a053a1,synozur.com,linkedin,2026-04-03,326487,0,,0,,0,0,0,,2026-04-03 12:30:02.404884,2026-04-03 12:30:02.404884,0d26aaa5-4ae5-40d8-a834-e70c84f9d45e
9309272c-1349-4dc1-8d94-ec438d9f1eee,0e207e47-cd22-4a78-b3ea-6b233f5f2643,reveillesoftware.com,linkedin,2026-04-03,514883,0,5,0,302,0,0,0,,2026-04-03 15:57:21.925216,2026-04-03 15:57:21.925216,5232feeb-8671-489f-ab07-e9d7310f0a3f
8c593aa3-caad-4b56-b64a-bf94e294c501,c8daa9f8-7eb3-45ae-9fa8-2ac0e5773f50,reveillesoftware.com,linkedin,2026-04-03,180526,0,5,0,278,0,0,0,,2026-04-03 15:58:43.157382,2026-04-03 15:58:43.157382,5232feeb-8671-489f-ab07-e9d7310f0a3f
caee2339-a89d-402a-95dc-19d579a7f07b,b8f6cf4c-a5da-4027-975e-00c8966ee87d,reveillesoftware.com,linkedin,2026-04-03,784673,0,5,0,118,0,0,0,,2026-04-03 15:58:55.09429,2026-04-03 15:58:55.09429,5232feeb-8671-489f-ab07-e9d7310f0a3f
1bcb28c1-ff3d-4019-b7a7-adb5425cfa0e,141f66be-bdf1-4404-bdea-4d9fe21a3c18,synozur.com,linkedin,2026-04-03,21485825,0,5,0,92,0,0,0,,2026-04-03 21:55:18.305223,2026-04-03 21:55:18.305223,6496aaa4-2ddf-4cad-a993-29582e8590b1
519943bc-3fcd-4f12-816b-5e313ca43d97,0ab3d9ec-6130-44fc-937e-ee17155a8cd2,synozur.com,linkedin,2026-04-03,14549153,0,5,0,2873,0,0,0,,2026-04-03 21:55:31.461168,2026-04-03 21:55:31.461168,6496aaa4-2ddf-4cad-a993-29582e8590b1
9e4cd87f-a638-4775-a7fc-ca84486f0b0b,9c6c3f09-c96a-4173-b95c-15f1e5474558,synozur.com,linkedin,2026-04-03,793278,0,5,0,137,0,0,0,,2026-04-03 21:55:46.068539,2026-04-03 21:55:46.068539,6496aaa4-2ddf-4cad-a993-29582e8590b1
85576b58-5010-40d0-9e11-0b6faf90a96e,6d72f129-d628-42b6-92a1-b715ccb541c3,synozur.com,linkedin,2026-04-03,9139850,0,5,0,1125,0,0,0,,2026-04-03 21:56:00.91219,2026-04-03 21:56:00.91219,6496aaa4-2ddf-4cad-a993-29582e8590b1
a2a71c9a-6797-4a8d-9dba-c12db4fabcb6,ab854c3a-6a21-4068-8c58-657dee543b22,synozur.com,linkedin,2026-04-03,797,0,,0,,0,0,0,,2026-04-03 21:56:17.512481,2026-04-03 21:56:17.512481,6496aaa4-2ddf-4cad-a993-29582e8590b1
51e670a7-454e-4596-8630-0f2ea8c87a0d,8bcc19ec-484e-4b0c-a541-4264680c82b1,synozur.com,linkedin,2026-04-03,84575,0,5,0,297,0,0,0,,2026-04-03 21:56:28.113429,2026-04-03 21:56:28.113429,6496aaa4-2ddf-4cad-a993-29582e8590b1
32f56046-bd20-4d9a-afb9-a246cbda50dc,efe45734-f0e1-498c-8e55-09ff5682882a,synozur.com,linkedin,2026-04-05,2239,0,5,0,255,0,0,0,,2026-04-05 00:15:35.745387,2026-04-05 00:15:35.745387,fd07e8e6-04ec-4d59-bd3d-04ed0e567c12
d344d7a3-c5e8-492a-b743-c0d799b48618,99db17b7-dfd2-4870-b8c0-e4da63d62943,synozur.com,linkedin,2026-04-05,2394,0,5,0,354,0,0,0,,2026-04-05 00:16:12.414513,2026-04-05 00:16:12.414513,fd07e8e6-04ec-4d59-bd3d-04ed0e567c12
44d56a46-cf1e-4550-b451-4f2838804a52,6d53f746-ab5c-400d-bf49-0dffb106edf2,synozur.com,linkedin,2026-04-05,1013,0,5,0,107,0,0,0,,2026-04-05 11:33:26.479234,2026-04-05 11:33:26.479234,6f5ed80d-e3b4-4d0e-8c71-6c622c224de8
9c6dcdfb-02c3-4773-9c2f-ceef2dd47d3e,8aaa4c50-ccf8-4bdf-9706-56be2c70e97f,synozur.com,linkedin,2026-04-05,1,0,,0,,0,0,0,,2026-04-05 11:50:31.064634,2026-04-05 11:50:31.064634,fd07e8e6-04ec-4d59-bd3d-04ed0e567c12
6b31518e-4fe6-4247-9f45-f2db510cde27,8aaa4c50-ccf8-4bdf-9706-56be2c70e97f,synozur.com,linkedin,2026-04-05,1,0,,0,,0,0,0,,2026-04-05 11:51:21.641559,2026-04-05 11:51:21.641559,fd07e8e6-04ec-4d59-bd3d-04ed0e567c12
20b11cec-819d-4bad-926e-c606ad34e009,740f8ce0-7c13-456f-9bcf-e750a3f3751d,synozur.com,linkedin,2026-04-05,1,0,,0,,0,0,0,,2026-04-05 11:55:26.129985,2026-04-05 11:55:26.129985,6f5ed80d-e3b4-4d0e-8c71-6c622c224de8
f5da966b-314d-482b-a84f-f8bcf8d39f8f,350f53e9-9268-435c-ad18-eb1e610842e7,synozur.com,linkedin,2026-04-05,3914,0,5,0,34,0,0,0,,2026-04-05 12:02:31.305921,2026-04-05 12:02:31.305921,7e86ba11-1ba2-4853-a91b-bcd180e0ba0f
3c201c03-cc36-45f8-b4f9-033d600b002d,66ad8f73-01a2-476b-8866-1de2fbfb3ebc,go-planet.com,linkedin,2026-04-08,8747,0,5,0,34,0,0,0,,2026-04-08 17:51:17.953008,2026-04-08 17:51:17.953008,90fced24-a70f-4e90-b76e-1b0c86db716c
0fe18313-6212-47dc-8936-27d13b993bd9,8cd443f5-fafc-416f-b326-b3f6c83dacc3,go-planet.com,linkedin,2026-04-08,101923,0,5,0,241,0,0,0,,2026-04-08 17:56:30.509225,2026-04-08 17:56:30.509225,90fced24-a70f-4e90-b76e-1b0c86db716c
3882a863-27b6-4081-b57f-51410cc90a53,86db47df-b1d5-4b6a-9073-62776f8bf42b,go-planet.com,linkedin,2026-04-08,199202,0,5,0,276,0,0,0,,2026-04-08 17:58:24.582701,2026-04-08 17:58:24.582701,90fced24-a70f-4e90-b76e-1b0c86db716c
ad002cb5-bc47-4632-810d-9e35f0780e26,4156e3a5-eaa4-4345-aa2f-58a0a8a053a1,synozur.com,linkedin,2026-04-10,327200,0,5,0,896,0,0,0,,2026-04-10 16:45:10.058551,2026-04-10 16:45:10.058551,0d26aaa5-4ae5-40d8-a834-e70c84f9d45e
306e826c-3a23-4c59-ba4d-7518fd9c70e6,0b8b5bbc-d283-4e90-a848-4a846ee60f6f,synozur.com,linkedin,2026-04-10,5263,0,5,0,467,0,0,0,,2026-04-10 16:45:17.300044,2026-04-10 16:45:17.300044,0d26aaa5-4ae5-40d8-a834-e70c84f9d45e
83cef4f5-0405-4b5e-bbb1-b44bafb89ba4,40663b2f-b3e5-4a9f-b89e-b5500e0d76ec,synozur.com,linkedin,2026-04-10,8534,0,5,0,109,0,0,0,,2026-04-10 16:45:29.983319,2026-04-10 16:45:29.983319,0d26aaa5-4ae5-40d8-a834-e70c84f9d45e
9921b33e-0dfe-4812-ba8c-15f51279d61c,ff3f7fb9-9972-4004-aa14-4001ca74ad8d,synozur.com,linkedin,2026-04-21,585125,0,5,0,1058,0,0,0,,2026-04-21 02:06:25.583787,2026-04-21 02:06:25.583787,137db123-4906-4e61-af99-f0d23d86a622
f6391a84-b7d0-44aa-b037-a619f09872d3,c37c4fd7-fa11-4147-95b6-2e401489de19,synozur.com,linkedin,2026-04-21,327882,0,5,0,273,0,0,0,,2026-04-21 02:06:43.861247,2026-04-21 02:06:43.861247,137db123-4906-4e61-af99-f0d23d86a622
680d1146-cd11-402c-a497-b8afd8a55b36,43e55426-39b1-4203-9394-fa02a08d21a9,synozur.com,linkedin,2026-04-21,17024,0,5,0,64,0,0,0,,2026-04-21 02:07:00.615601,2026-04-21 02:07:00.615601,137db123-4906-4e61-af99-f0d23d86a622
00d388a5-6216-4a20-9add-4640986a4abf,f5a7ff06-44e0-497d-89fd-152e6319f9f2,synozur.com,linkedin,2026-07-02,3008,0,,0,,0,0,0,,2026-07-02 19:00:18.155931,2026-07-02 19:00:18.155931,7856ea44-c556-4a25-a43e-9c6bb238e648
caf85c39-7b26-4f5c-8436-b16e4eb2f623,adb265a1-51b2-469f-aa8a-352543d257f2,synozur.com,linkedin,2026-07-02,1497,0,,0,,0,0,0,,2026-07-02 19:00:26.31853,2026-07-02 19:00:26.31853,7856ea44-c556-4a25-a43e-9c6bb238e648
7c5a36ff-2359-4288-ac7e-79fda62b7167,ff3f7fb9-9972-4004-aa14-4001ca74ad8d,synozur.com,linkedin,2026-07-03,597260,0,,0,,0,0,0,,2026-07-03 14:44:44.30402,2026-07-03 14:44:44.30402,137db123-4906-4e61-af99-f0d23d86a622
79f056d9-c006-4857-b260-134c2ae8dc49,c37c4fd7-fa11-4147-95b6-2e401489de19,synozur.com,linkedin,2026-07-03,336274,0,,0,,0,0,0,,2026-07-03 14:44:49.503533,2026-07-03 14:44:49.503533,137db123-4906-4e61-af99-f0d23d86a622
9efe1821-ccb2-4c1d-a57b-f7ea279d71ab,43e55426-39b1-4203-9394-fa02a08d21a9,synozur.com,linkedin,2026-07-03,17258,0,,0,,0,0,0,,2026-07-03 14:45:01.544138,2026-07-03 14:45:01.544138,137db123-4906-4e61-af99-f0d23d86a622
e7185a87-3545-46e4-810b-5ebe09680fc9,083e0f08-61d1-415a-a97e-839f30139987,synozur.com,linkedin,2026-07-03,41024,0,,0,,0,0,0,,2026-07-03 14:45:09.348549,2026-07-03 14:45:09.348549,137db123-4906-4e61-af99-f0d23d86a622
d2f01e66-9384-4910-a722-a219820a43ff,4a7d1f2b-28a6-4196-b23f-0b6d273d1507,synozur.com,linkedin,2026-07-03,88832,0,,0,,0,0,0,,2026-07-03 14:45:20.49226,2026-07-03 14:45:20.49226,137db123-4906-4e61-af99-f0d23d86a622
c5f6b3ec-a9ac-42be-8292-dd21cffb4a85,1dff90fa-d938-48b9-ac07-5d059fa04832,synozur.com,linkedin,2026-07-03,44857,0,,0,,0,0,0,,2026-07-03 14:45:28.309823,2026-07-03 14:45:28.309823,137db123-4906-4e61-af99-f0d23d86a622
ff1a2b40-ad22-46fe-badd-9ba3768aa531,115d22b8-c03c-4c3e-8093-e53399240505,synozur.com,linkedin,2026-07-03,12288,0,,0,,0,0,0,,2026-07-03 14:45:35.554195,2026-07-03 14:45:35.554195,137db123-4906-4e61-af99-f0d23d86a622
22ff93a4-c584-4a7d-a807-89e86f656140,70119ffb-1157-4dba-b98b-ad7a3c78d74b,synozur.com,linkedin,2026-07-03,19999,0,,0,,0,0,0,,2026-07-03 14:45:46.339459,2026-07-03 14:45:46.339459,137db123-4906-4e61-af99-f0d23d86a622
46218b99-74a2-4536-80ab-db68b2fe728a,f6c55d87-9047-49ba-b332-7fe2c727c47d,synozur.com,linkedin,2026-07-03,23478,0,,0,,0,0,0,,2026-07-03 14:45:50.545252,2026-07-03 14:45:50.545252,137db123-4906-4e61-af99-f0d23d86a622
