Platform,Account,Content,Hashtags,Image URL,Source URL,Scheduled Date
"linkedin","","Most portfolio AI programs do not fail because the tools are weak. They fail because the operating model is weak. If the fund cannot connect AI efforts to operator ownership, governance, and a shared value thesis, the board gets activity instead of results.","","https://orbit.synozur.com/public-objects/conference-images/821ab1b9-5ffe-4039-8b0e-d8b150de083f.png","","06/11/2026 05:00"
"linkedin","","Most portfolio AI programs do not fail because the tools are weak. They fail because the operating model is.

That is the uncomfortable truth.

Private equity firms are not short on ambition. They are short on a repeatable way to turn AI ambition into value inside a hold period.

The pattern is familiar. Scattered pilots. Duplicated spend. Weak governance. No operator-owned roadmap. Six months later, there is plenty of motion and not much that ties back to the P and L.

The firms getting traction tend to do four things differently.

They start with a value thesis.
They assess readiness honestly.
They build governance early.
They assign operator ownership.

That is what moves a portfolio from AI-ready to AI-enabled to AI-first.

Not another tool. Not another slide deck. A stronger operating model with measurable outcomes and human-centered adoption that sticks.

This is also why senior-led, boutique advisory can outperform bigger technology-first programs in this moment. The bottleneck is rarely access to more software. It is leadership alignment, accountability, and execution rhythm.

Read the sprint overview, then request an executive briefing if your portfolio needs discipline, not more experimentation.","","https://orbit.synozur.com/public-objects/conference-images/8c9a8aae-72a5-4141-a0df-dc0d1bada009.png","","06/12/2026 05:00"
"linkedin","","If the operator who owns the P and L does not own the AI roadmap, durable ROI is unlikely.

This is where many portfolio programs break down.

The roadmap sits with innovation, IT, or an outside advisor. The board deck sounds promising. The pilot looks smart. But the work never becomes part of how the business actually runs.

In PE, that is fatal.

If an AI initiative is supposed to improve gross margin, reduce service cost, speed quoting, or improve forecasting, the business leader responsible for that outcome has to own the roadmap.

Not loosely sponsor it. Own it.

That means connecting six things in a practical way. The business outcome. The use case. The data and workflow requirements. The accountable operator. The 30, 60, and 90-day milestones. The measure of success.

This is the difference between AI as a side project and AI as value creation.

Strategy matters. But without operator ownership and short value-realization milestones, most AI programs stay interesting instead of becoming useful.

Read the sprint overview, then request an executive briefing to see how Synozur helps portfolio teams tie AI initiatives to operator-owned outcomes that can survive contact with reality.","","https://orbit.synozur.com/public-objects/conference-images/36c7f635-604c-40cb-ae72-781c6e66b6cd.png","","06/15/2026 05:00"