Post Content,Image URL,Date/Time,Account ID,First Comment,Tags
"You may already own the tools to work better. M365 Academy helps your team uncover underused features, strengthen governance, and…
#Microsoft365 #EmployeeExperience #ModernWork #TechStrategy
https://www.synozur.com/workshops/m365-academy-microsoft-365-transformation-day","https://static.wixstatic.com/media/b805ce_a4855dfdc7d74e67a685ac73e2ebb6cd~mv2.jpeg","Apr 16, 2026 11:00 AM","1761680","","Microsoft365;EmployeeExperience;ModernWork;TechStrategy"
"You may already own the tools to work better. M365 Academy helps your team uncover underused features, strengthen governance, and…
#Microsoft365 #EmployeeExperience #ModernWork #TechStrategy
https://www.synozur.com/workshops/m365-academy-microsoft-365-transformation-day","https://static.wixstatic.com/media/b805ce_f75018feccdb4142bc6ef8d35dedbddf~mv2.jpeg","Apr 14, 2026 11:00 AM","1761680","","Microsoft365;EmployeeExperience;ModernWork;TechStrategy"
"Many organizations already own powerful Microsoft 365 capabilities, but only use a fraction of them. The result is familiar: overlapping tools, uneven adoption, governance gaps, and teams that are working harder than they need to.

Synozur’s M365 Academy is a one-day workshop designed to help leaders cut through the noise. We tailor the day to your environment, show what’s possible, connect those capabilities to real business workflows, and leave you with a practical modernization roadmap.

If your business and IT teams need clearer priorities, faster adoption, and a more confident path forward, this workshop is built for that.

Would a focused M365 modernization day help your team unlock more value from what you already own? Learn more: https://www.synozur.com/workshops/m365-academy-microsoft-365-transformation-day
#Microsoft365 #DigitalTransformation #EmployeeExperience #BusinessTransformation
https://www.synozur.com/workshops/m365-academy-microsoft-365-transformation-day","https://static.wixstatic.com/media/b805ce_77e564e3f49a4527a1288f667b653465~mv2.jpeg","","1764931","","Microsoft365;DigitalTransformation;EmployeeExperience;BusinessTransformation"
"Many organizations already own powerful Microsoft 365 capabilities, but only use a fraction of them. The result is familiar: overlapping tools, uneven adoption, governance gaps, and teams that are working harder than they need to.

Synozur’s M365 Academy is a one-day workshop designed to help leaders cut through the noise. We tailor the day to your environment, show what’s possible, connect those capabilities to real business workflows, and leave you with a practical modernization roadmap.

If your business and IT teams need clearer priorities, faster adoption, and a more confident path forward, this workshop is built for that.

Would a focused M365 modernization day help your team unlock more value from what you already own? Learn more: https://www.synozur.com/workshops/m365-academy-microsoft-365-transformation-day
#Microsoft365 #DigitalTransformation #EmployeeExperience #BusinessTransformation
https://www.synozur.com/workshops/m365-academy-microsoft-365-transformation-day","https://static.wixstatic.com/media/b805ce_ad15faec770f40eda6aaece0a7cbe9eb~mv2.jpeg","Apr 10, 2026 11:00 AM","1764931","","Microsoft365;DigitalTransformation;EmployeeExperience;BusinessTransformation"
"Most teams use only a fraction of the M365 value they already pay for. Our 1-day M365 Academy helps leaders find quick wins…
#Microsoft365 #DigitalTransformation #ITStrategy #WorkplaceModernization
https://www.synozur.com/workshops/m365-academy-microsoft-365-transformation-day","https://static.wixstatic.com/media/b805ce_77e564e3f49a4527a1288f667b653465~mv2.jpeg","May 03, 2026 11:00 AM","1761680","","Microsoft365;DigitalTransformation;ITStrategy;WorkplaceModernization"
"Most teams use only a fraction of the M365 value they already pay for. Our 1-day M365 Academy helps leaders find quick wins…
#Microsoft365 #DigitalTransformation #ITStrategy #WorkplaceModernization
https://www.synozur.com/workshops/m365-academy-microsoft-365-transformation-day","https://static.wixstatic.com/media/b805ce_f75018feccdb4142bc6ef8d35dedbddf~mv2.jpeg","","1761680","","Microsoft365;DigitalTransformation;ITStrategy;WorkplaceModernization"
"Most teams use only a fraction of the M365 value they already pay for. Our 1-day M365 Academy helps leaders find quick wins…
#Microsoft365 #DigitalTransformation #ITStrategy #WorkplaceModernization
https://www.synozur.com/workshops/m365-academy-microsoft-365-transformation-day","https://static.wixstatic.com/media/b805ce_8310cc3ba7dc4c76b9c284fadd9777ff~mv2.jpeg","Apr 30, 2026 11:00 AM","1761680","","Microsoft365;DigitalTransformation;ITStrategy;WorkplaceModernization"
"Most teams use only a fraction of the M365 value they already pay for. Our 1-day M365 Academy helps leaders find quick wins…
#Microsoft365 #DigitalTransformation #ITStrategy #WorkplaceModernization
https://www.synozur.com/workshops/m365-academy-microsoft-365-transformation-day","https://static.wixstatic.com/media/b805ce_ad15faec770f40eda6aaece0a7cbe9eb~mv2.jpeg","Apr 28, 2026 11:00 AM","1761680","","Microsoft365;DigitalTransformation;ITStrategy;WorkplaceModernization"
"If M365 adoption is uneven and extra tools keep piling up, start with a practical roadmap. Our M365 Academy turns hidden capability…
#Microsoft365 #AdoptionStrategy #Governance #BusinessAlignment
https://www.synozur.com/workshops/m365-academy-microsoft-365-transformation-day","https://static.wixstatic.com/media/b805ce_7344c5e71bdd47afbe9f431cb28636e1~mv2.jpeg","Apr 26, 2026 11:00 AM","1761680","","Microsoft365;AdoptionStrategy;Governance;BusinessAlignment"
"You may already own the tools to work better. M365 Academy helps your team uncover underused features, strengthen governance, and…
#Microsoft365 #EmployeeExperience #ModernWork #TechStrategy
https://www.synozur.com/workshops/m365-academy-microsoft-365-transformation-day","https://static.wixstatic.com/media/b805ce_8310cc3ba7dc4c76b9c284fadd9777ff~mv2.jpeg","Apr 23, 2026 11:00 AM","1761680","","Microsoft365;EmployeeExperience;ModernWork;TechStrategy"
"Many organizations already own powerful Microsoft 365 capabilities, but only use a fraction of them. The result is familiar: overlapping tools, uneven adoption, governance gaps, and teams that are working harder than they need to.

Synozur’s M365 Academy is a one-day workshop designed to help leaders cut through the noise. We tailor the day to your environment, show what’s possible, connect those capabilities to real business workflows, and leave you with a practical modernization roadmap.

If your business and IT teams need clearer priorities, faster adoption, and a more confident path forward, this workshop is built for that.

Would a focused M365 modernization day help your team unlock more value from what you already own? Learn more: https://www.synozur.com/workshops/m365-academy-microsoft-365-transformation-day
#Microsoft365 #DigitalTransformation #EmployeeExperience #BusinessTransformation
https://www.synozur.com/workshops/m365-academy-microsoft-365-transformation-day","https://static.wixstatic.com/media/b805ce_a4855dfdc7d74e67a685ac73e2ebb6cd~mv2.jpeg","Apr 08, 2026 11:00 AM","1764931","","Microsoft365;DigitalTransformation;EmployeeExperience;BusinessTransformation"
"If M365 adoption is uneven and extra tools keep piling up, start with a practical roadmap. Our M365 Academy turns hidden capability…
#Microsoft365 #AdoptionStrategy #Governance #BusinessAlignment
https://www.synozur.com/workshops/m365-academy-microsoft-365-transformation-day","https://static.wixstatic.com/media/b805ce_8310cc3ba7dc4c76b9c284fadd9777ff~mv2.jpeg","Apr 12, 2026 11:00 AM","1761680","","Microsoft365;AdoptionStrategy;Governance;BusinessAlignment"
"If M365 adoption is uneven and extra tools keep piling up, start with a practical roadmap. Our M365 Academy turns hidden capability…
#Microsoft365 #AdoptionStrategy #Governance #BusinessAlignment
https://www.synozur.com/workshops/m365-academy-microsoft-365-transformation-day","https://static.wixstatic.com/media/b805ce_77e564e3f49a4527a1288f667b653465~mv2.jpeg","Apr 14, 2026 11:00 AM","1761680","","Microsoft365;AdoptionStrategy;Governance;BusinessAlignment"
"If M365 adoption is uneven and extra tools keep piling up, start with a practical roadmap. Our M365 Academy turns hidden capability…
#Microsoft365 #AdoptionStrategy #Governance #BusinessAlignment
https://www.synozur.com/workshops/m365-academy-microsoft-365-transformation-day","https://static.wixstatic.com/media/b805ce_a4855dfdc7d74e67a685ac73e2ebb6cd~mv2.jpeg","Apr 19, 2026 11:00 AM","1761680","","Microsoft365;AdoptionStrategy;Governance;BusinessAlignment"
"If M365 adoption is uneven and extra tools keep piling up, start with a practical roadmap. Our M365 Academy turns hidden capability…
#Microsoft365 #AdoptionStrategy #Governance #BusinessAlignment
https://www.synozur.com/workshops/m365-academy-microsoft-365-transformation-day","https://static.wixstatic.com/media/b805ce_83b9c8d752f74db69a0e20b2cf1b02f3~mv2.jpeg","Apr 21, 2026 11:00 AM","1761680","","Microsoft365;AdoptionStrategy;Governance;BusinessAlignment"
"If M365 adoption is uneven and extra tools keep piling up, start with a practical roadmap. Our M365 Academy turns hidden capability…
#Microsoft365 #AdoptionStrategy #Governance #BusinessAlignment
https://www.synozur.com/workshops/m365-academy-microsoft-365-transformation-day","https://static.wixstatic.com/media/b805ce_f75018feccdb4142bc6ef8d35dedbddf~mv2.jpeg","Apr 16, 2026 11:00 AM","1761680","","Microsoft365;AdoptionStrategy;Governance;BusinessAlignment"
"You may already own the tools to work better. M365 Academy helps your team uncover underused features, strengthen governance, and…
#Microsoft365 #EmployeeExperience #ModernWork #TechStrategy
https://www.synozur.com/workshops/m365-academy-microsoft-365-transformation-day","https://static.wixstatic.com/media/b805ce_83b9c8d752f74db69a0e20b2cf1b02f3~mv2.jpeg","Apr 08, 2026 11:00 AM","1761680","","Microsoft365;EmployeeExperience;ModernWork;TechStrategy"
"If M365 adoption is uneven and extra tools keep piling up, start with a practical roadmap. Our M365 Academy turns hidden capability…
#Microsoft365 #AdoptionStrategy #Governance #BusinessAlignment
https://www.synozur.com/workshops/m365-academy-microsoft-365-transformation-day","https://static.wixstatic.com/media/b805ce_ad15faec770f40eda6aaece0a7cbe9eb~mv2.jpeg","Apr 10, 2026 11:00 AM","1761680","","Microsoft365;AdoptionStrategy;Governance;BusinessAlignment"
"Many organizations already own powerful Microsoft 365 capabilities, but only use a fraction of them. The result is familiar: overlapping tools, uneven adoption, governance gaps, and teams that are working harder than they need to.

Synozur’s M365 Academy is a one-day workshop designed to help leaders cut through the noise. We tailor the day to your environment, show what’s possible, connect those capabilities to real business workflows, and leave you with a practical modernization roadmap.

If your business and IT teams need clearer priorities, faster adoption, and a more confident path forward, this workshop is built for that.

Would a focused M365 modernization day help your team unlock more value from what you already own? Learn more: https://www.synozur.com/workshops/m365-academy-microsoft-365-transformation-day
#Microsoft365 #DigitalTransformation #EmployeeExperience #BusinessTransformation
https://www.synozur.com/workshops/m365-academy-microsoft-365-transformation-day","https://static.wixstatic.com/media/b805ce_8310cc3ba7dc4c76b9c284fadd9777ff~mv2.jpeg","Apr 08, 2026 11:00 AM","1764931","","Microsoft365;DigitalTransformation;EmployeeExperience;BusinessTransformation"
"Many organizations already own powerful Microsoft 365 capabilities, but only use a fraction of them. The result is familiar: overlapping tools, uneven adoption, governance gaps, and teams that are working harder than they need to.

Synozur’s M365 Academy is a one-day workshop designed to help leaders cut through the noise. We tailor the day to your environment, show what’s possible, connect those capabilities to real business workflows, and leave you with a practical modernization roadmap.

If your business and IT teams need clearer priorities, faster adoption, and a more confident path forward, this workshop is built for that.

Would a focused M365 modernization day help your team unlock more value from what you already own? Learn more: https://www.synozur.com/workshops/m365-academy-microsoft-365-transformation-day
#Microsoft365 #DigitalTransformation #EmployeeExperience #BusinessTransformation
https://www.synozur.com/workshops/m365-academy-microsoft-365-transformation-day","https://static.wixstatic.com/media/b805ce_7344c5e71bdd47afbe9f431cb28636e1~mv2.jpeg","Apr 16, 2026 11:00 AM","1764931","","Microsoft365;DigitalTransformation;EmployeeExperience;BusinessTransformation"
"Many organizations already own powerful Microsoft 365 capabilities, but only use a fraction of them. The result is familiar: overlapping tools, uneven adoption, governance gaps, and teams that are working harder than they need to.

Synozur’s M365 Academy is a one-day workshop designed to help leaders cut through the noise. We tailor the day to your environment, show what’s possible, connect those capabilities to real business workflows, and leave you with a practical modernization roadmap.

If your business and IT teams need clearer priorities, faster adoption, and a more confident path forward, this workshop is built for that.

Would a focused M365 modernization day help your team unlock more value from what you already own? Learn more: https://www.synozur.com/workshops/m365-academy-microsoft-365-transformation-day
#Microsoft365 #DigitalTransformation #EmployeeExperience #BusinessTransformation
https://www.synozur.com/workshops/m365-academy-microsoft-365-transformation-day","https://static.wixstatic.com/media/b805ce_83b9c8d752f74db69a0e20b2cf1b02f3~mv2.jpeg","Apr 14, 2026 11:00 AM","1764931","","Microsoft365;DigitalTransformation;EmployeeExperience;BusinessTransformation"
"You may already own the tools to work better. M365 Academy helps your team uncover underused features, strengthen governance, and…
#Microsoft365 #EmployeeExperience #ModernWork #TechStrategy
https://www.synozur.com/workshops/m365-academy-microsoft-365-transformation-day","https://static.wixstatic.com/media/b805ce_7344c5e71bdd47afbe9f431cb28636e1~mv2.jpeg","","1761680","","Microsoft365;EmployeeExperience;ModernWork;TechStrategy"
"Many organizations are paying for Microsoft 365 capabilities they barely use.

That usually shows up in familiar ways: overlapping tools, uneven adoption, unclear governance, and teams that know the platform is powerful but are not sure what to do next.

Our M365 Academy is designed to close that gap in a practical, executive-friendly format.

In one day, we help leaders:
• see the highest-value capabilities already available in their environment
• connect real workflow challenges to relevant M365 solutions
• prioritize quick wins, governance improvements, and next steps

The goal is not more technology for technology’s sake. It is clearer alignment between business and IT, better everyday work, and a roadmap your team can actually use.

For organizations trying to reduce tool sprawl, improve adoption, and make better use of existing Microsoft investments, this workshop creates momentum without adding unnecessary complexity.

Learn more: https://www.synozur.com/workshops/m365-academy-microsoft-365-transformation-day
#Microsoft365 #DigitalWorkplace #BusinessTransformation #AdoptionStrategy
https://www.synozur.com/workshops/m365-academy-microsoft-365-transformation-day","https://static.wixstatic.com/media/b805ce_f75018feccdb4142bc6ef8d35dedbddf~mv2.jpeg","Apr 21, 2026 11:00 AM","1761682","","Microsoft365;DigitalWorkplace;BusinessTransformation;AdoptionStrategy"
"Many organizations are paying for Microsoft 365 capabilities they barely use.

That usually shows up in familiar ways: overlapping tools, uneven adoption, unclear governance, and teams that know the platform is powerful but are not sure what to do next.

Our M365 Academy is designed to close that gap in a practical, executive-friendly format.

In one day, we help leaders:
• see the highest-value capabilities already available in their environment
• connect real workflow challenges to relevant M365 solutions
• prioritize quick wins, governance improvements, and next steps

The goal is not more technology for technology’s sake. It is clearer alignment between business and IT, better everyday work, and a roadmap your team can actually use.

For organizations trying to reduce tool sprawl, improve adoption, and make better use of existing Microsoft investments, this workshop creates momentum without adding unnecessary complexity.

Learn more: https://www.synozur.com/workshops/m365-academy-microsoft-365-transformation-day
#Microsoft365 #DigitalWorkplace #BusinessTransformation #AdoptionStrategy
https://www.synozur.com/workshops/m365-academy-microsoft-365-transformation-day","https://static.wixstatic.com/media/b805ce_a4855dfdc7d74e67a685ac73e2ebb6cd~mv2.jpeg","Apr 19, 2026 11:00 AM","1761682","","Microsoft365;DigitalWorkplace;BusinessTransformation;AdoptionStrategy"
"Many organizations are paying for Microsoft 365 capabilities they barely use.

That usually shows up in familiar ways: overlapping tools, uneven adoption, unclear governance, and teams that know the platform is powerful but are not sure what to do next.

Our M365 Academy is designed to close that gap in a practical, executive-friendly format.

In one day, we help leaders:
• see the highest-value capabilities already available in their environment
• connect real workflow challenges to relevant M365 solutions
• prioritize quick wins, governance improvements, and next steps

The goal is not more technology for technology’s sake. It is clearer alignment between business and IT, better everyday work, and a roadmap your team can actually use.

For organizations trying to reduce tool sprawl, improve adoption, and make better use of existing Microsoft investments, this workshop creates momentum without adding unnecessary complexity.

Learn more: https://www.synozur.com/workshops/m365-academy-microsoft-365-transformation-day
#Microsoft365 #DigitalWorkplace #BusinessTransformation #AdoptionStrategy
https://www.synozur.com/workshops/m365-academy-microsoft-365-transformation-day","https://static.wixstatic.com/media/b805ce_8310cc3ba7dc4c76b9c284fadd9777ff~mv2.jpeg","Apr 26, 2026 11:00 AM","1761682","","Microsoft365;DigitalWorkplace;BusinessTransformation;AdoptionStrategy"
"A common modernization challenge is not buying the wrong tools.

It is underusing the right ones.

Many organizations already have meaningful Microsoft 365 capabilities in place, yet still struggle with extra apps, inconsistent adoption, and governance gaps that slow progress.

That is why we built M365 Academy.

This one-day workshop helps teams step back, assess where value is being left on the table, and turn M365 into a more intentional part of how work gets done.

What participants walk away with:
• curated demonstrations tied to their real priorities
• scenario mapping from pain points to platform capabilities
• a prioritized action plan with quick wins and longer-term investments
• governance and adoption recommendations that are realistic for their environment

When business and IT align on what matters most, modernization gets simpler. Teams gain clarity. Leaders gain a roadmap. And adoption becomes more achievable.

If your organization is trying to get more value from Microsoft 365 without creating more noise, this is a strong place to start.

Read more: https://www.synozur.com/workshops/m365-academy-microsoft-365-transformation-day
#Microsoft365 #WorkplaceModernization #Governance #ITStrategy
https://www.synozur.com/workshops/m365-academy-microsoft-365-transformation-day","https://static.wixstatic.com/media/b805ce_7344c5e71bdd47afbe9f431cb28636e1~mv2.jpeg","May 03, 2026 11:00 AM","1761682","","Microsoft365;WorkplaceModernization;Governance;ITStrategy"
"Many organizations are paying for Microsoft 365 capabilities they barely use.

That usually shows up in familiar ways: overlapping tools, uneven adoption, unclear governance, and teams that know the platform is powerful but are not sure what to do next.

Our M365 Academy is designed to close that gap in a practical, executive-friendly format.

In one day, we help leaders:
• see the highest-value capabilities already available in their environment
• connect real workflow challenges to relevant M365 solutions
• prioritize quick wins, governance improvements, and next steps

The goal is not more technology for technology’s sake. It is clearer alignment between business and IT, better everyday work, and a roadmap your team can actually use.

For organizations trying to reduce tool sprawl, improve adoption, and make better use of existing Microsoft investments, this workshop creates momentum without adding unnecessary complexity.

Learn more: https://www.synozur.com/workshops/m365-academy-microsoft-365-transformation-day
#Microsoft365 #DigitalWorkplace #BusinessTransformation #AdoptionStrategy
https://www.synozur.com/workshops/m365-academy-microsoft-365-transformation-day","https://static.wixstatic.com/media/b805ce_ad15faec770f40eda6aaece0a7cbe9eb~mv2.jpeg","Apr 28, 2026 11:00 AM","1761682","","Microsoft365;DigitalWorkplace;BusinessTransformation;AdoptionStrategy"
"A common modernization challenge is not buying the wrong tools.

It is underusing the right ones.

Many organizations already have meaningful Microsoft 365 capabilities in place, yet still struggle with extra apps, inconsistent adoption, and governance gaps that slow progress.

That is why we built M365 Academy.

This one-day workshop helps teams step back, assess where value is being left on the table, and turn M365 into a more intentional part of how work gets done.

What participants walk away with:
• curated demonstrations tied to their real priorities
• scenario mapping from pain points to platform capabilities
• a prioritized action plan with quick wins and longer-term investments
• governance and adoption recommendations that are realistic for their environment

When business and IT align on what matters most, modernization gets simpler. Teams gain clarity. Leaders gain a roadmap. And adoption becomes more achievable.

If your organization is trying to get more value from Microsoft 365 without creating more noise, this is a strong place to start.

Read more: https://www.synozur.com/workshops/m365-academy-microsoft-365-transformation-day
#Microsoft365 #WorkplaceModernization #Governance #ITStrategy
https://www.synozur.com/workshops/m365-academy-microsoft-365-transformation-day","https://static.wixstatic.com/media/b805ce_77e564e3f49a4527a1288f667b653465~mv2.jpeg","Apr 10, 2026 11:00 AM","1761682","","Microsoft365;WorkplaceModernization;Governance;ITStrategy"
"A common modernization challenge is not buying the wrong tools.

It is underusing the right ones.

Many organizations already have meaningful Microsoft 365 capabilities in place, yet still struggle with extra apps, inconsistent adoption, and governance gaps that slow progress.

That is why we built M365 Academy.

This one-day workshop helps teams step back, assess where value is being left on the table, and turn M365 into a more intentional part of how work gets done.

What participants walk away with:
• curated demonstrations tied to their real priorities
• scenario mapping from pain points to platform capabilities
• a prioritized action plan with quick wins and longer-term investments
• governance and adoption recommendations that are realistic for their environment

When business and IT align on what matters most, modernization gets simpler. Teams gain clarity. Leaders gain a roadmap. And adoption becomes more achievable.

If your organization is trying to get more value from Microsoft 365 without creating more noise, this is a strong place to start.

Read more: https://www.synozur.com/workshops/m365-academy-microsoft-365-transformation-day
#Microsoft365 #WorkplaceModernization #Governance #ITStrategy
https://www.synozur.com/workshops/m365-academy-microsoft-365-transformation-day","https://static.wixstatic.com/media/b805ce_ad15faec770f40eda6aaece0a7cbe9eb~mv2.jpeg","Apr 14, 2026 11:00 AM","1761682","","Microsoft365;WorkplaceModernization;Governance;ITStrategy"
"A common modernization challenge is not buying the wrong tools.

It is underusing the right ones.

Many organizations already have meaningful Microsoft 365 capabilities in place, yet still struggle with extra apps, inconsistent adoption, and governance gaps that slow progress.

That is why we built M365 Academy.

This one-day workshop helps teams step back, assess where value is being left on the table, and turn M365 into a more intentional part of how work gets done.

What participants walk away with:
• curated demonstrations tied to their real priorities
• scenario mapping from pain points to platform capabilities
• a prioritized action plan with quick wins and longer-term investments
• governance and adoption recommendations that are realistic for their environment

When business and IT align on what matters most, modernization gets simpler. Teams gain clarity. Leaders gain a roadmap. And adoption becomes more achievable.

If your organization is trying to get more value from Microsoft 365 without creating more noise, this is a strong place to start.

Read more: https://www.synozur.com/workshops/m365-academy-microsoft-365-transformation-day
#Microsoft365 #WorkplaceModernization #Governance #ITStrategy
https://www.synozur.com/workshops/m365-academy-microsoft-365-transformation-day","https://static.wixstatic.com/media/b805ce_f75018feccdb4142bc6ef8d35dedbddf~mv2.jpeg","Apr 08, 2026 11:00 AM","1761682","","Microsoft365;WorkplaceModernization;Governance;ITStrategy"
"For CIOs and operational leaders, Microsoft 365 often represents both a big opportunity and a frustrating question:

How do we get more value from what we already own?

The answer usually starts with alignment, not another tool.

Synozur’s M365 Academy is a one-day transformation workshop that helps organizations identify underused capabilities, connect them to real business needs, and define a right-sized path forward.

We focus on practical outcomes such as:
• faster adoption of high-value features
• reduced tool sprawl
• clearer governance
• stronger alignment between business priorities and IT action

The workshop includes tailored demos, facilitated scenario mapping, and a prioritized modernization mini-roadmap. For teams that want a more grounded starting point, an optional diagnostic module can also surface governance, adoption, automation, and content-risk blockers.

This is especially valuable for organizations that know there is more to unlock in M365, but need clarity on where to begin and how to move forward with confidence.

Explore the workshop here: https://www.synozur.com/workshops/m365-academy-microsoft-365-transformation-day
#Microsoft365 #CIOAgenda #ModernWork #DigitalTransformation
https://www.synozur.com/workshops/m365-academy-microsoft-365-transformation-day","https://static.wixstatic.com/media/b805ce_a4855dfdc7d74e67a685ac73e2ebb6cd~mv2.jpeg","Apr 19, 2026 11:00 AM","1761682","","Microsoft365;CIOAgenda;ModernWork;DigitalTransformation"
"For CIOs and operational leaders, Microsoft 365 often represents both a big opportunity and a frustrating question:

How do we get more value from what we already own?

The answer usually starts with alignment, not another tool.

Synozur’s M365 Academy is a one-day transformation workshop that helps organizations identify underused capabilities, connect them to real business needs, and define a right-sized path forward.

We focus on practical outcomes such as:
• faster adoption of high-value features
• reduced tool sprawl
• clearer governance
• stronger alignment between business priorities and IT action

The workshop includes tailored demos, facilitated scenario mapping, and a prioritized modernization mini-roadmap. For teams that want a more grounded starting point, an optional diagnostic module can also surface governance, adoption, automation, and content-risk blockers.

This is especially valuable for organizations that know there is more to unlock in M365, but need clarity on where to begin and how to move forward with confidence.

Explore the workshop here: https://www.synozur.com/workshops/m365-academy-microsoft-365-transformation-day
#Microsoft365 #CIOAgenda #ModernWork #DigitalTransformation
https://www.synozur.com/workshops/m365-academy-microsoft-365-transformation-day","https://static.wixstatic.com/media/b805ce_f75018feccdb4142bc6ef8d35dedbddf~mv2.jpeg","Apr 21, 2026 11:00 AM","1761682","","Microsoft365;CIOAgenda;ModernWork;DigitalTransformation"
"For CIOs and operational leaders, Microsoft 365 often represents both a big opportunity and a frustrating question:

How do we get more value from what we already own?

The answer usually starts with alignment, not another tool.

Synozur’s M365 Academy is a one-day transformation workshop that helps organizations identify underused capabilities, connect them to real business needs, and define a right-sized path forward.

We focus on practical outcomes such as:
• faster adoption of high-value features
• reduced tool sprawl
• clearer governance
• stronger alignment between business priorities and IT action

The workshop includes tailored demos, facilitated scenario mapping, and a prioritized modernization mini-roadmap. For teams that want a more grounded starting point, an optional diagnostic module can also surface governance, adoption, automation, and content-risk blockers.

This is especially valuable for organizations that know there is more to unlock in M365, but need clarity on where to begin and how to move forward with confidence.

Explore the workshop here: https://www.synozur.com/workshops/m365-academy-microsoft-365-transformation-day
#Microsoft365 #CIOAgenda #ModernWork #DigitalTransformation
https://www.synozur.com/workshops/m365-academy-microsoft-365-transformation-day","https://static.wixstatic.com/media/b805ce_83b9c8d752f74db69a0e20b2cf1b02f3~mv2.jpeg","Apr 16, 2026 11:00 AM","1761682","","Microsoft365;CIOAgenda;ModernWork;DigitalTransformation"
"Most teams use only a fraction of the M365 value they already pay for. Our 1-day M365 Academy helps leaders find quick wins…
#Microsoft365 #DigitalTransformation #ITStrategy #WorkplaceModernization
https://www.synozur.com/workshops/m365-academy-microsoft-365-transformation-day","https://static.wixstatic.com/media/b805ce_7344c5e71bdd47afbe9f431cb28636e1~mv2.jpeg","Apr 30, 2026 11:00 AM","1761680","","Microsoft365;DigitalTransformation;ITStrategy;WorkplaceModernization"
"Most teams use only a fraction of the M365 value they already pay for. Our 1-day M365 Academy helps leaders find quick wins…
#Microsoft365 #DigitalTransformation #ITStrategy #WorkplaceModernization
https://www.synozur.com/workshops/m365-academy-microsoft-365-transformation-day","https://static.wixstatic.com/media/b805ce_83b9c8d752f74db69a0e20b2cf1b02f3~mv2.jpeg","May 03, 2026 11:00 AM","1761680","","Microsoft365;DigitalTransformation;ITStrategy;WorkplaceModernization"
"For CIOs and operational leaders, Microsoft 365 often represents both a big opportunity and a frustrating question:

How do we get more value from what we already own?

The answer usually starts with alignment, not another tool.

Synozur’s M365 Academy is a one-day transformation workshop that helps organizations identify underused capabilities, connect them to real business needs, and define a right-sized path forward.

We focus on practical outcomes such as:
• faster adoption of high-value features
• reduced tool sprawl
• clearer governance
• stronger alignment between business priorities and IT action

The workshop includes tailored demos, facilitated scenario mapping, and a prioritized modernization mini-roadmap. For teams that want a more grounded starting point, an optional diagnostic module can also surface governance, adoption, automation, and content-risk blockers.

This is especially valuable for organizations that know there is more to unlock in M365, but need clarity on where to begin and how to move forward with confidence.

Explore the workshop here: https://www.synozur.com/workshops/m365-academy-microsoft-365-transformation-day
#Microsoft365 #CIOAgenda #ModernWork #DigitalTransformation
https://www.synozur.com/workshops/m365-academy-microsoft-365-transformation-day","https://static.wixstatic.com/media/b805ce_ad15faec770f40eda6aaece0a7cbe9eb~mv2.jpeg","Apr 28, 2026 11:00 AM","1761682","","Microsoft365;CIOAgenda;ModernWork;DigitalTransformation"
"Tool sprawl is expensive. Not just in licensing, but in confusion, duplicate work, slower adoption, and unnecessary risk.

Our M365 Academy helps organizations step back and answer a practical question: how do we get more value from the Microsoft 365 tools we already have?

In one executive-friendly day, we assess priorities, demonstrate relevant capabilities, map pain points to solutions, and identify quick wins alongside longer-term governance improvements. The outcome is not more theory. It’s a prioritized action plan with next steps your team can actually use.

For organizations trying to align business and IT without adding more complexity, this can be a strong place to start.

What’s the biggest M365 challenge in your organization today: adoption, governance, or too many overlapping tools? Read more: https://www.synozur.com/workshops/m365-academy-microsoft-365-transformation-day
#Microsoft365 #Governance #WorkplaceTransformation #ChangeManagement
https://www.synozur.com/workshops/m365-academy-microsoft-365-transformation-day","https://static.wixstatic.com/media/b805ce_8310cc3ba7dc4c76b9c284fadd9777ff~mv2.jpeg","Apr 23, 2026 11:00 AM","1764931","","Microsoft365;Governance;WorkplaceTransformation;ChangeManagement"
"Tool sprawl is expensive. Not just in licensing, but in confusion, duplicate work, slower adoption, and unnecessary risk.

Our M365 Academy helps organizations step back and answer a practical question: how do we get more value from the Microsoft 365 tools we already have?

In one executive-friendly day, we assess priorities, demonstrate relevant capabilities, map pain points to solutions, and identify quick wins alongside longer-term governance improvements. The outcome is not more theory. It’s a prioritized action plan with next steps your team can actually use.

For organizations trying to align business and IT without adding more complexity, this can be a strong place to start.

What’s the biggest M365 challenge in your organization today: adoption, governance, or too many overlapping tools? Read more: https://www.synozur.com/workshops/m365-academy-microsoft-365-transformation-day
#Microsoft365 #Governance #WorkplaceTransformation #ChangeManagement
https://www.synozur.com/workshops/m365-academy-microsoft-365-transformation-day","https://static.wixstatic.com/media/b805ce_7344c5e71bdd47afbe9f431cb28636e1~mv2.jpeg","Apr 10, 2026 11:00 AM","1764931","","Microsoft365;Governance;WorkplaceTransformation;ChangeManagement"
"Tool sprawl is expensive. Not just in licensing, but in confusion, duplicate work, slower adoption, and unnecessary risk.

Our M365 Academy helps organizations step back and answer a practical question: how do we get more value from the Microsoft 365 tools we already have?

In one executive-friendly day, we assess priorities, demonstrate relevant capabilities, map pain points to solutions, and identify quick wins alongside longer-term governance improvements. The outcome is not more theory. It’s a prioritized action plan with next steps your team can actually use.

For organizations trying to align business and IT without adding more complexity, this can be a strong place to start.

What’s the biggest M365 challenge in your organization today: adoption, governance, or too many overlapping tools? Read more: https://www.synozur.com/workshops/m365-academy-microsoft-365-transformation-day
#Microsoft365 #Governance #WorkplaceTransformation #ChangeManagement
https://www.synozur.com/workshops/m365-academy-microsoft-365-transformation-day","https://static.wixstatic.com/media/b805ce_a4855dfdc7d74e67a685ac73e2ebb6cd~mv2.jpeg","Apr 12, 2026 11:00 AM","1764931","","Microsoft365;Governance;WorkplaceTransformation;ChangeManagement"
"Tool sprawl is expensive. Not just in licensing, but in confusion, duplicate work, slower adoption, and unnecessary risk.

Our M365 Academy helps organizations step back and answer a practical question: how do we get more value from the Microsoft 365 tools we already have?

In one executive-friendly day, we assess priorities, demonstrate relevant capabilities, map pain points to solutions, and identify quick wins alongside longer-term governance improvements. The outcome is not more theory. It’s a prioritized action plan with next steps your team can actually use.

For organizations trying to align business and IT without adding more complexity, this can be a strong place to start.

What’s the biggest M365 challenge in your organization today: adoption, governance, or too many overlapping tools? Read more: https://www.synozur.com/workshops/m365-academy-microsoft-365-transformation-day
#Microsoft365 #Governance #WorkplaceTransformation #ChangeManagement
https://www.synozur.com/workshops/m365-academy-microsoft-365-transformation-day","https://static.wixstatic.com/media/b805ce_77e564e3f49a4527a1288f667b653465~mv2.jpeg","Apr 21, 2026 11:00 AM","1764931","","Microsoft365;Governance;WorkplaceTransformation;ChangeManagement"
"A strong modernization effort starts with clarity.

That’s why Synozur’s M365 Academy is built around your current state, your workflows, and your priorities. We tailor curated demos to your environment, facilitate scenario mapping with your team, and produce a mini-roadmap focused on quick wins, governance improvements, and achievable next steps.

This workshop is especially useful for leaders who know there is more value inside Microsoft 365, but need a practical, right-sized way to unlock it. We can also add a maturity snapshot to identify adoption blockers, automation readiness, content risks, and governance gaps before you move forward.

The goal is simple: help your people work better with the tools you already own.

If that sounds like the kind of progress your organization needs, explore the workshop here: https://www.synozur.com/workshops/m365-academy-microsoft-365-transformation-day
#Microsoft365 #ModernWork #AdoptionStrategy #ITLeadership
https://www.synozur.com/workshops/m365-academy-microsoft-365-transformation-day","https://static.wixstatic.com/media/b805ce_f75018feccdb4142bc6ef8d35dedbddf~mv2.jpeg","Apr 14, 2026 11:00 AM","1764931","","Microsoft365;ModernWork;AdoptionStrategy;ITLeadership"
"A strong modernization effort starts with clarity.

That’s why Synozur’s M365 Academy is built around your current state, your workflows, and your priorities. We tailor curated demos to your environment, facilitate scenario mapping with your team, and produce a mini-roadmap focused on quick wins, governance improvements, and achievable next steps.

This workshop is especially useful for leaders who know there is more value inside Microsoft 365, but need a practical, right-sized way to unlock it. We can also add a maturity snapshot to identify adoption blockers, automation readiness, content risks, and governance gaps before you move forward.

The goal is simple: help your people work better with the tools you already own.

If that sounds like the kind of progress your organization needs, explore the workshop here: https://www.synozur.com/workshops/m365-academy-microsoft-365-transformation-day
#Microsoft365 #ModernWork #AdoptionStrategy #ITLeadership
https://www.synozur.com/workshops/m365-academy-microsoft-365-transformation-day","https://static.wixstatic.com/media/b805ce_83b9c8d752f74db69a0e20b2cf1b02f3~mv2.jpeg","Apr 28, 2026 11:00 AM","1764931","","Microsoft365;ModernWork;AdoptionStrategy;ITLeadership"
"A strong modernization effort starts with clarity.

That’s why Synozur’s M365 Academy is built around your current state, your workflows, and your priorities. We tailor curated demos to your environment, facilitate scenario mapping with your team, and produce a mini-roadmap focused on quick wins, governance improvements, and achievable next steps.

This workshop is especially useful for leaders who know there is more value inside Microsoft 365, but need a practical, right-sized way to unlock it. We can also add a maturity snapshot to identify adoption blockers, automation readiness, content risks, and governance gaps before you move forward.

The goal is simple: help your people work better with the tools you already own.

If that sounds like the kind of progress your organization needs, explore the workshop here: https://www.synozur.com/workshops/m365-academy-microsoft-365-transformation-day
#Microsoft365 #ModernWork #AdoptionStrategy #ITLeadership
https://www.synozur.com/workshops/m365-academy-microsoft-365-transformation-day","https://static.wixstatic.com/media/b805ce_a4855dfdc7d74e67a685ac73e2ebb6cd~mv2.jpeg","May 03, 2026 11:00 AM","1764931","","Microsoft365;ModernWork;AdoptionStrategy;ITLeadership"
"A strong modernization effort starts with clarity.

That’s why Synozur’s M365 Academy is built around your current state, your workflows, and your priorities. We tailor curated demos to your environment, facilitate scenario mapping with your team, and produce a mini-roadmap focused on quick wins, governance improvements, and achievable next steps.

This workshop is especially useful for leaders who know there is more value inside Microsoft 365, but need a practical, right-sized way to unlock it. We can also add a maturity snapshot to identify adoption blockers, automation readiness, content risks, and governance gaps before you move forward.

The goal is simple: help your people work better with the tools you already own.

If that sounds like the kind of progress your organization needs, explore the workshop here: https://www.synozur.com/workshops/m365-academy-microsoft-365-transformation-day
#Microsoft365 #ModernWork #AdoptionStrategy #ITLeadership
https://www.synozur.com/workshops/m365-academy-microsoft-365-transformation-day","https://static.wixstatic.com/media/b805ce_77e564e3f49a4527a1288f667b653465~mv2.jpeg","Apr 16, 2026 11:00 AM","1764931","","Microsoft365;ModernWork;AdoptionStrategy;ITLeadership"
"You may already own the tools to work better. M365 Academy helps your team uncover underused features, strengthen governance, and…
#Microsoft365 #EmployeeExperience #ModernWork #TechStrategy
https://www.synozur.com/workshops/m365-academy-microsoft-365-transformation-day","https://static.wixstatic.com/media/b805ce_77e564e3f49a4527a1288f667b653465~mv2.jpeg","Apr 12, 2026 11:00 AM","1761680","","Microsoft365;EmployeeExperience;ModernWork;TechStrategy"
"A strong modernization effort starts with clarity.

That’s why Synozur’s M365 Academy is built around your current state, your workflows, and your priorities. We tailor curated demos to your environment, facilitate scenario mapping with your team, and produce a mini-roadmap focused on quick wins, governance improvements, and achievable next steps.

This workshop is especially useful for leaders who know there is more value inside Microsoft 365, but need a practical, right-sized way to unlock it. We can also add a maturity snapshot to identify adoption blockers, automation readiness, content risks, and governance gaps before you move forward.

The goal is simple: help your people work better with the tools you already own.

If that sounds like the kind of progress your organization needs, explore the workshop here: https://www.synozur.com/workshops/m365-academy-microsoft-365-transformation-day
#Microsoft365 #ModernWork #AdoptionStrategy #ITLeadership
https://www.synozur.com/workshops/m365-academy-microsoft-365-transformation-day","https://static.wixstatic.com/media/b805ce_8310cc3ba7dc4c76b9c284fadd9777ff~mv2.jpeg","Apr 19, 2026 11:00 AM","1764931","","Microsoft365;ModernWork;AdoptionStrategy;ITLeadership"
"You may already be paying for more Microsoft 365 value than your teams are using.

That is a common challenge for growing organizations: overlapping tools, uneven adoption, and governance gaps that make everyday work harder than it should be.

Synozur’s M365 Academy is a one-day transformation workshop built to help leaders cut through the noise. We show what’s possible with the tools you already own, connect those capabilities to real business workflows, and turn that insight into a practical action plan.

In one focused day, your team can:
• uncover underused M365 features
• map business pain points to the right solutions
• prioritize quick wins and longer-term improvements
• align business and IT on what to do next

The outcome is clear: a modernization roadmap that is realistic, right-sized, and built for adoption.

If your organization is asking how to get more value from Microsoft 365 without adding more complexity, this workshop is designed for that moment.

Learn more: https://www.synozur.com/workshops/m365-academy-microsoft-365-transformation-day
#Microsoft365 #DigitalTransformation #FutureOfWork #BusinessITAlignment #WorkplaceModernization
https://www.synozur.com/workshops/m365-academy-microsoft-365-transformation-day","https://static.wixstatic.com/media/b805ce_83b9c8d752f74db69a0e20b2cf1b02f3~mv2.jpeg","","2383354","","Microsoft365;DigitalTransformation;FutureOfWork;BusinessITAlignment;WorkplaceModernization"
"You may already be paying for more Microsoft 365 value than your teams are using.

That is a common challenge for growing organizations: overlapping tools, uneven adoption, and governance gaps that make everyday work harder than it should be.

Synozur’s M365 Academy is a one-day transformation workshop built to help leaders cut through the noise. We show what’s possible with the tools you already own, connect those capabilities to real business workflows, and turn that insight into a practical action plan.

In one focused day, your team can:
• uncover underused M365 features
• map business pain points to the right solutions
• prioritize quick wins and longer-term improvements
• align business and IT on what to do next

The outcome is clear: a modernization roadmap that is realistic, right-sized, and built for adoption.

If your organization is asking how to get more value from Microsoft 365 without adding more complexity, this workshop is designed for that moment.

Learn more: https://www.synozur.com/workshops/m365-academy-microsoft-365-transformation-day
#Microsoft365 #DigitalTransformation #FutureOfWork #BusinessITAlignment #WorkplaceModernization
https://www.synozur.com/workshops/m365-academy-microsoft-365-transformation-day","https://static.wixstatic.com/media/b805ce_a4855dfdc7d74e67a685ac73e2ebb6cd~mv2.jpeg","Apr 10, 2026 11:00 AM","2383354","","Microsoft365;DigitalTransformation;FutureOfWork;BusinessITAlignment;WorkplaceModernization"
"You may already be paying for more Microsoft 365 value than your teams are using.

That is a common challenge for growing organizations: overlapping tools, uneven adoption, and governance gaps that make everyday work harder than it should be.

Synozur’s M365 Academy is a one-day transformation workshop built to help leaders cut through the noise. We show what’s possible with the tools you already own, connect those capabilities to real business workflows, and turn that insight into a practical action plan.

In one focused day, your team can:
• uncover underused M365 features
• map business pain points to the right solutions
• prioritize quick wins and longer-term improvements
• align business and IT on what to do next

The outcome is clear: a modernization roadmap that is realistic, right-sized, and built for adoption.

If your organization is asking how to get more value from Microsoft 365 without adding more complexity, this workshop is designed for that moment.

Learn more: https://www.synozur.com/workshops/m365-academy-microsoft-365-transformation-day
#Microsoft365 #DigitalTransformation #FutureOfWork #BusinessITAlignment #WorkplaceModernization
https://www.synozur.com/workshops/m365-academy-microsoft-365-transformation-day","https://static.wixstatic.com/media/b805ce_7344c5e71bdd47afbe9f431cb28636e1~mv2.jpeg","May 03, 2026 11:00 AM","2383354","","Microsoft365;DigitalTransformation;FutureOfWork;BusinessITAlignment;WorkplaceModernization"
"Owning Microsoft 365 is not the same as using it well.

Many organizations still struggle with tool sprawl, unclear governance, and teams that only tap a fraction of what M365 can do. The result is wasted investment, slower adoption, and missed productivity gains.

Synozur’s M365 Academy helps leadership teams take a more strategic approach. This one-day workshop is designed to assess your current state, demonstrate high-value capabilities, and map those capabilities to the workflows that matter most.

What leaders walk away with:
• a clearer view of underused features already included in M365
• scenario mapping tied to real operational needs
• a prioritized list of quick wins
• governance and adoption recommendations that support long-term value

For CIOs, COOs, and executive teams, the goal is not more technology. It is better alignment, smarter adoption, and a practical roadmap your organization can actually follow.

That is how you reduce friction and make modernization achievable.

Read more: https://www.synozur.com/workshops/m365-academy-microsoft-365-transformation-day
#Microsoft365 #CIOAgenda #ChangeManagement #Governance #Productivity
https://www.synozur.com/workshops/m365-academy-microsoft-365-transformation-day","https://static.wixstatic.com/media/b805ce_7344c5e71bdd47afbe9f431cb28636e1~mv2.jpeg","Apr 28, 2026 11:00 AM","2383354","","Microsoft365;CIOAgenda;ChangeManagement;Governance;Productivity"
"Owning Microsoft 365 is not the same as using it well.

Many organizations still struggle with tool sprawl, unclear governance, and teams that only tap a fraction of what M365 can do. The result is wasted investment, slower adoption, and missed productivity gains.

Synozur’s M365 Academy helps leadership teams take a more strategic approach. This one-day workshop is designed to assess your current state, demonstrate high-value capabilities, and map those capabilities to the workflows that matter most.

What leaders walk away with:
• a clearer view of underused features already included in M365
• scenario mapping tied to real operational needs
• a prioritized list of quick wins
• governance and adoption recommendations that support long-term value

For CIOs, COOs, and executive teams, the goal is not more technology. It is better alignment, smarter adoption, and a practical roadmap your organization can actually follow.

That is how you reduce friction and make modernization achievable.

Read more: https://www.synozur.com/workshops/m365-academy-microsoft-365-transformation-day
#Microsoft365 #CIOAgenda #ChangeManagement #Governance #Productivity
https://www.synozur.com/workshops/m365-academy-microsoft-365-transformation-day","https://static.wixstatic.com/media/b805ce_83b9c8d752f74db69a0e20b2cf1b02f3~mv2.jpeg","Apr 30, 2026 11:00 AM","2383354","","Microsoft365;CIOAgenda;ChangeManagement;Governance;Productivity"
"Owning Microsoft 365 is not the same as using it well.

Many organizations still struggle with tool sprawl, unclear governance, and teams that only tap a fraction of what M365 can do. The result is wasted investment, slower adoption, and missed productivity gains.

Synozur’s M365 Academy helps leadership teams take a more strategic approach. This one-day workshop is designed to assess your current state, demonstrate high-value capabilities, and map those capabilities to the workflows that matter most.

What leaders walk away with:
• a clearer view of underused features already included in M365
• scenario mapping tied to real operational needs
• a prioritized list of quick wins
• governance and adoption recommendations that support long-term value

For CIOs, COOs, and executive teams, the goal is not more technology. It is better alignment, smarter adoption, and a practical roadmap your organization can actually follow.

That is how you reduce friction and make modernization achievable.

Read more: https://www.synozur.com/workshops/m365-academy-microsoft-365-transformation-day
#Microsoft365 #CIOAgenda #ChangeManagement #Governance #Productivity
https://www.synozur.com/workshops/m365-academy-microsoft-365-transformation-day","https://static.wixstatic.com/media/b805ce_a4855dfdc7d74e67a685ac73e2ebb6cd~mv2.jpeg","Apr 26, 2026 11:00 AM","2383354","","Microsoft365;CIOAgenda;ChangeManagement;Governance;Productivity"
"Owning Microsoft 365 is not the same as using it well.

Many organizations still struggle with tool sprawl, unclear governance, and teams that only tap a fraction of what M365 can do. The result is wasted investment, slower adoption, and missed productivity gains.

Synozur’s M365 Academy helps leadership teams take a more strategic approach. This one-day workshop is designed to assess your current state, demonstrate high-value capabilities, and map those capabilities to the workflows that matter most.

What leaders walk away with:
• a clearer view of underused features already included in M365
• scenario mapping tied to real operational needs
• a prioritized list of quick wins
• governance and adoption recommendations that support long-term value

For CIOs, COOs, and executive teams, the goal is not more technology. It is better alignment, smarter adoption, and a practical roadmap your organization can actually follow.

That is how you reduce friction and make modernization achievable.

Read more: https://www.synozur.com/workshops/m365-academy-microsoft-365-transformation-day
#Microsoft365 #CIOAgenda #ChangeManagement #Governance #Productivity
https://www.synozur.com/workshops/m365-academy-microsoft-365-transformation-day","https://static.wixstatic.com/media/b805ce_77e564e3f49a4527a1288f667b653465~mv2.jpeg","Apr 08, 2026 11:00 AM","2383354","","Microsoft365;CIOAgenda;ChangeManagement;Governance;Productivity"
"What if the next productivity gain in your business is already sitting inside your current Microsoft 365 investment? 💡

Synozur’s M365 Academy is built for organizations that want to stop guessing and start modernizing with clarity. In this one-day workshop, we tailor demos to your environment, explore the capabilities most relevant to your teams, and connect those tools to the business problems you need to solve.

We also help you answer the questions that matter:
• Which features are worth prioritizing now?
• Where is governance slowing adoption?
• How do we reduce tool overlap?
• What should business and IT do next together?

You leave with a modernization mini-roadmap, a quick-win opportunity list, and adoption and governance recommendations grounded in your reality.

No generic advice. No unnecessary complexity. Just a focused, executive-friendly path toward better use of the tools you already own.

See the workshop details here: https://www.synozur.com/workshops/m365-academy-microsoft-365-transformation-day
#Microsoft365 #ExecutiveWorkshop #AdoptionStrategy #DigitalWorkplace #OperationalEfficiency
https://www.synozur.com/workshops/m365-academy-microsoft-365-transformation-day","https://static.wixstatic.com/media/b805ce_a4855dfdc7d74e67a685ac73e2ebb6cd~mv2.jpeg","Apr 26, 2026 11:00 AM","2383354","","Microsoft365;ExecutiveWorkshop;AdoptionStrategy;DigitalWorkplace;OperationalEfficiency"
"What if the next productivity gain in your business is already sitting inside your current Microsoft 365 investment? 💡

Synozur’s M365 Academy is built for organizations that want to stop guessing and start modernizing with clarity. In this one-day workshop, we tailor demos to your environment, explore the capabilities most relevant to your teams, and connect those tools to the business problems you need to solve.

We also help you answer the questions that matter:
• Which features are worth prioritizing now?
• Where is governance slowing adoption?
• How do we reduce tool overlap?
• What should business and IT do next together?

You leave with a modernization mini-roadmap, a quick-win opportunity list, and adoption and governance recommendations grounded in your reality.

No generic advice. No unnecessary complexity. Just a focused, executive-friendly path toward better use of the tools you already own.

See the workshop details here: https://www.synozur.com/workshops/m365-academy-microsoft-365-transformation-day
#Microsoft365 #ExecutiveWorkshop #AdoptionStrategy #DigitalWorkplace #OperationalEfficiency
https://www.synozur.com/workshops/m365-academy-microsoft-365-transformation-day","https://static.wixstatic.com/media/b805ce_83b9c8d752f74db69a0e20b2cf1b02f3~mv2.jpeg","Apr 30, 2026 11:00 AM","2383354","","Microsoft365;ExecutiveWorkshop;AdoptionStrategy;DigitalWorkplace;OperationalEfficiency"
"What if the next productivity gain in your business is already sitting inside your current Microsoft 365 investment? 💡

Synozur’s M365 Academy is built for organizations that want to stop guessing and start modernizing with clarity. In this one-day workshop, we tailor demos to your environment, explore the capabilities most relevant to your teams, and connect those tools to the business problems you need to solve.

We also help you answer the questions that matter:
• Which features are worth prioritizing now?
• Where is governance slowing adoption?
• How do we reduce tool overlap?
• What should business and IT do next together?

You leave with a modernization mini-roadmap, a quick-win opportunity list, and adoption and governance recommendations grounded in your reality.

No generic advice. No unnecessary complexity. Just a focused, executive-friendly path toward better use of the tools you already own.

See the workshop details here: https://www.synozur.com/workshops/m365-academy-microsoft-365-transformation-day
#Microsoft365 #ExecutiveWorkshop #AdoptionStrategy #DigitalWorkplace #OperationalEfficiency
https://www.synozur.com/workshops/m365-academy-microsoft-365-transformation-day","https://static.wixstatic.com/media/b805ce_ad15faec770f40eda6aaece0a7cbe9eb~mv2.jpeg","Apr 16, 2026 11:00 AM","2383354","","Microsoft365;ExecutiveWorkshop;AdoptionStrategy;DigitalWorkplace;OperationalEfficiency"
"What if the next productivity gain in your business is already sitting inside your current Microsoft 365 investment? 💡

Synozur’s M365 Academy is built for organizations that want to stop guessing and start modernizing with clarity. In this one-day workshop, we tailor demos to your environment, explore the capabilities most relevant to your teams, and connect those tools to the business problems you need to solve.

We also help you answer the questions that matter:
• Which features are worth prioritizing now?
• Where is governance slowing adoption?
• How do we reduce tool overlap?
• What should business and IT do next together?

You leave with a modernization mini-roadmap, a quick-win opportunity list, and adoption and governance recommendations grounded in your reality.

No generic advice. No unnecessary complexity. Just a focused, executive-friendly path toward better use of the tools you already own.

See the workshop details here: https://www.synozur.com/workshops/m365-academy-microsoft-365-transformation-day
#Microsoft365 #ExecutiveWorkshop #AdoptionStrategy #DigitalWorkplace #OperationalEfficiency
https://www.synozur.com/workshops/m365-academy-microsoft-365-transformation-day","https://static.wixstatic.com/media/b805ce_77e564e3f49a4527a1288f667b653465~mv2.jpeg","Apr 21, 2026 11:00 AM","2383354","","Microsoft365;ExecutiveWorkshop;AdoptionStrategy;DigitalWorkplace;OperationalEfficiency"
"A strong modernization effort starts with clarity.

That’s why Synozur’s M365 Academy is built around your current state, your workflows, and your priorities. We tailor curated demos to your environment, facilitate scenario mapping with your team, and produce a mini-roadmap focused on quick wins, governance improvements, and achievable next steps.

This workshop is especially useful for leaders who know there is more value inside Microsoft 365, but need a practical, right-sized way to unlock it. We can also add a maturity snapshot to identify adoption blockers, automation readiness, content risks, and governance gaps before you move forward.

The goal is simple: help your people work better with the tools you already own.

If that sounds like the kind of progress your organization needs, explore the workshop here: https://www.synozur.com/workshops/m365-academy-microsoft-365-transformation-day
#Microsoft365 #ModernWork #AdoptionStrategy #ITLeadership
https://www.synozur.com/workshops/m365-academy-microsoft-365-transformation-day","https://static.wixstatic.com/media/b805ce_7344c5e71bdd47afbe9f431cb28636e1~mv2.jpeg","Apr 30, 2026 11:00 AM","1764931","","Microsoft365;ModernWork;AdoptionStrategy;ITLeadership"
"Many organizations already own powerful Microsoft 365 capabilities, but only use a fraction of them. The result is familiar: overlapping tools, uneven adoption, governance gaps, and teams that are working harder than they need to.

Synozur’s M365 Academy is a one-day workshop designed to help leaders cut through the noise. We tailor the day to your environment, show what’s possible, connect those capabilities to real business workflows, and leave you with a practical modernization roadmap.

If your business and IT teams need clearer priorities, faster adoption, and a more confident path forward, this workshop is built for that.

Would a focused M365 modernization day help your team unlock more value from what you already own? Learn more: https://www.synozur.com/workshops/m365-academy-microsoft-365-transformation-day
#Microsoft365 #DigitalTransformation #EmployeeExperience #BusinessTransformation
https://www.synozur.com/workshops/m365-academy-microsoft-365-transformation-day","https://static.wixstatic.com/media/b805ce_f75018feccdb4142bc6ef8d35dedbddf~mv2.jpeg","","1764931","","Microsoft365;DigitalTransformation;EmployeeExperience;BusinessTransformation"
"You may already be paying for more Microsoft 365 value than your teams are using.

That is a common challenge for growing organizations: overlapping tools, uneven adoption, and governance gaps that make everyday work harder than it should be.

Synozur’s M365 Academy is a one-day transformation workshop built to help leaders cut through the noise. We show what’s possible with the tools you already own, connect those capabilities to real business workflows, and turn that insight into a practical action plan.

In one focused day, your team can:
• uncover underused M365 features
• map business pain points to the right solutions
• prioritize quick wins and longer-term improvements
• align business and IT on what to do next

The outcome is clear: a modernization roadmap that is realistic, right-sized, and built for adoption.

If your organization is asking how to get more value from Microsoft 365 without adding more complexity, this workshop is designed for that moment.

Learn more: https://www.synozur.com/workshops/m365-academy-microsoft-365-transformation-day
#Microsoft365 #DigitalTransformation #FutureOfWork #BusinessITAlignment #WorkplaceModernization
https://www.synozur.com/workshops/m365-academy-microsoft-365-transformation-day","https://static.wixstatic.com/media/b805ce_ad15faec770f40eda6aaece0a7cbe9eb~mv2.jpeg","Apr 08, 2026 11:00 AM","2383354","","Microsoft365;DigitalTransformation;FutureOfWork;BusinessITAlignment;WorkplaceModernization"
"Tool sprawl is expensive. Not just in licensing, but in confusion, duplicate work, slower adoption, and unnecessary risk.

Our M365 Academy helps organizations step back and answer a practical question: how do we get more value from the Microsoft 365 tools we already have?

In one executive-friendly day, we assess priorities, demonstrate relevant capabilities, map pain points to solutions, and identify quick wins alongside longer-term governance improvements. The outcome is not more theory. It’s a prioritized action plan with next steps your team can actually use.

For organizations trying to align business and IT without adding more complexity, this can be a strong place to start.

What’s the biggest M365 challenge in your organization today: adoption, governance, or too many overlapping tools? Read more: https://www.synozur.com/workshops/m365-academy-microsoft-365-transformation-day
#Microsoft365 #Governance #WorkplaceTransformation #ChangeManagement
https://www.synozur.com/workshops/m365-academy-microsoft-365-transformation-day","https://static.wixstatic.com/media/b805ce_f75018feccdb4142bc6ef8d35dedbddf~mv2.jpeg","Apr 19, 2026 11:00 AM","1764931","","Microsoft365;Governance;WorkplaceTransformation;ChangeManagement"
"You may already be paying for more Microsoft 365 value than your teams are using.

That is a common challenge for growing organizations: overlapping tools, uneven adoption, and governance gaps that make everyday work harder than it should be.

Synozur’s M365 Academy is a one-day transformation workshop built to help leaders cut through the noise. We show what’s possible with the tools you already own, connect those capabilities to real business workflows, and turn that insight into a practical action plan.

In one focused day, your team can:
• uncover underused M365 features
• map business pain points to the right solutions
• prioritize quick wins and longer-term improvements
• align business and IT on what to do next

The outcome is clear: a modernization roadmap that is realistic, right-sized, and built for adoption.

If your organization is asking how to get more value from Microsoft 365 without adding more complexity, this workshop is designed for that moment.

Learn more: https://www.synozur.com/workshops/m365-academy-microsoft-365-transformation-day
#Microsoft365 #DigitalTransformation #FutureOfWork #BusinessITAlignment #WorkplaceModernization
https://www.synozur.com/workshops/m365-academy-microsoft-365-transformation-day","https://static.wixstatic.com/media/b805ce_77e564e3f49a4527a1288f667b653465~mv2.jpeg","Apr 12, 2026 11:00 AM","2383354","","Microsoft365;DigitalTransformation;FutureOfWork;BusinessITAlignment;WorkplaceModernization"
"Tool sprawl is expensive. Not just in licensing, but in confusion, duplicate work, slower adoption, and unnecessary risk.

Our M365 Academy helps organizations step back and answer a practical question: how do we get more value from the Microsoft 365 tools we already have?

In one executive-friendly day, we assess priorities, demonstrate relevant capabilities, map pain points to solutions, and identify quick wins alongside longer-term governance improvements. The outcome is not more theory. It’s a prioritized action plan with next steps your team can actually use.

For organizations trying to align business and IT without adding more complexity, this can be a strong place to start.

What’s the biggest M365 challenge in your organization today: adoption, governance, or too many overlapping tools? Read more: https://www.synozur.com/workshops/m365-academy-microsoft-365-transformation-day
#Microsoft365 #Governance #WorkplaceTransformation #ChangeManagement
https://www.synozur.com/workshops/m365-academy-microsoft-365-transformation-day","https://static.wixstatic.com/media/b805ce_ad15faec770f40eda6aaece0a7cbe9eb~mv2.jpeg","Apr 26, 2026 11:00 AM","1764931","","Microsoft365;Governance;WorkplaceTransformation;ChangeManagement"
"A common modernization challenge is not buying the wrong tools.

It is underusing the right ones.

Many organizations already have meaningful Microsoft 365 capabilities in place, yet still struggle with extra apps, inconsistent adoption, and governance gaps that slow progress.

That is why we built M365 Academy.

This one-day workshop helps teams step back, assess where value is being left on the table, and turn M365 into a more intentional part of how work gets done.

What participants walk away with:
• curated demonstrations tied to their real priorities
• scenario mapping from pain points to platform capabilities
• a prioritized action plan with quick wins and longer-term investments
• governance and adoption recommendations that are realistic for their environment

When business and IT align on what matters most, modernization gets simpler. Teams gain clarity. Leaders gain a roadmap. And adoption becomes more achievable.

If your organization is trying to get more value from Microsoft 365 without creating more noise, this is a strong place to start.

Read more: https://www.synozur.com/workshops/m365-academy-microsoft-365-transformation-day
#Microsoft365 #WorkplaceModernization #Governance #ITStrategy
https://www.synozur.com/workshops/m365-academy-microsoft-365-transformation-day","https://static.wixstatic.com/media/b805ce_83b9c8d752f74db69a0e20b2cf1b02f3~mv2.jpeg","Apr 30, 2026 11:00 AM","1761682","","Microsoft365;WorkplaceModernization;Governance;ITStrategy"
"You may already own the tools to work better. M365 Academy helps your team uncover underused features, strengthen governance, and…
#Microsoft365 #EmployeeExperience #ModernWork #TechStrategy
https://www.synozur.com/workshops/m365-academy-microsoft-365-transformation-day","https://static.wixstatic.com/media/b805ce_ad15faec770f40eda6aaece0a7cbe9eb~mv2.jpeg","Apr 10, 2026 11:00 AM","1761680","","Microsoft365;EmployeeExperience;ModernWork;TechStrategy"
"Tool sprawl is expensive. Not just in licensing, but in confusion, duplicate work, slower adoption, and unnecessary risk.

Our M365 Academy helps organizations step back and answer a practical question: how do we get more value from the Microsoft 365 tools we already have?

In one executive-friendly day, we assess priorities, demonstrate relevant capabilities, map pain points to solutions, and identify quick wins alongside longer-term governance improvements. The outcome is not more theory. It’s a prioritized action plan with next steps your team can actually use.

For organizations trying to align business and IT without adding more complexity, this can be a strong place to start.

What’s the biggest M365 challenge in your organization today: adoption, governance, or too many overlapping tools? Read more: https://www.synozur.com/workshops/m365-academy-microsoft-365-transformation-day
#Microsoft365 #Governance #WorkplaceTransformation #ChangeManagement
https://www.synozur.com/workshops/m365-academy-microsoft-365-transformation-day","https://static.wixstatic.com/media/b805ce_83b9c8d752f74db69a0e20b2cf1b02f3~mv2.jpeg","Apr 12, 2026 11:00 AM","1764931","","Microsoft365;Governance;WorkplaceTransformation;ChangeManagement"
"Owning Microsoft 365 is not the same as using it well.

Many organizations still struggle with tool sprawl, unclear governance, and teams that only tap a fraction of what M365 can do. The result is wasted investment, slower adoption, and missed productivity gains.

Synozur’s M365 Academy helps leadership teams take a more strategic approach. This one-day workshop is designed to assess your current state, demonstrate high-value capabilities, and map those capabilities to the workflows that matter most.

What leaders walk away with:
• a clearer view of underused features already included in M365
• scenario mapping tied to real operational needs
• a prioritized list of quick wins
• governance and adoption recommendations that support long-term value

For CIOs, COOs, and executive teams, the goal is not more technology. It is better alignment, smarter adoption, and a practical roadmap your organization can actually follow.

That is how you reduce friction and make modernization achievable.

Read more: https://www.synozur.com/workshops/m365-academy-microsoft-365-transformation-day
#Microsoft365 #CIOAgenda #ChangeManagement #Governance #Productivity
https://www.synozur.com/workshops/m365-academy-microsoft-365-transformation-day","https://static.wixstatic.com/media/b805ce_f75018feccdb4142bc6ef8d35dedbddf~mv2.jpeg","Apr 23, 2026 11:00 AM","2383354","","Microsoft365;CIOAgenda;ChangeManagement;Governance;Productivity"
"What if the next productivity gain in your business is already sitting inside your current Microsoft 365 investment? 💡

Synozur’s M365 Academy is built for organizations that want to stop guessing and start modernizing with clarity. In this one-day workshop, we tailor demos to your environment, explore the capabilities most relevant to your teams, and connect those tools to the business problems you need to solve.

We also help you answer the questions that matter:
• Which features are worth prioritizing now?
• Where is governance slowing adoption?
• How do we reduce tool overlap?
• What should business and IT do next together?

You leave with a modernization mini-roadmap, a quick-win opportunity list, and adoption and governance recommendations grounded in your reality.

No generic advice. No unnecessary complexity. Just a focused, executive-friendly path toward better use of the tools you already own.

See the workshop details here: https://www.synozur.com/workshops/m365-academy-microsoft-365-transformation-day
#Microsoft365 #ExecutiveWorkshop #AdoptionStrategy #DigitalWorkplace #OperationalEfficiency
https://www.synozur.com/workshops/m365-academy-microsoft-365-transformation-day","https://static.wixstatic.com/media/b805ce_f75018feccdb4142bc6ef8d35dedbddf~mv2.jpeg","Apr 23, 2026 11:00 AM","2383354","","Microsoft365;ExecutiveWorkshop;AdoptionStrategy;DigitalWorkplace;OperationalEfficiency"
"A strong modernization effort starts with clarity.

That’s why Synozur’s M365 Academy is built around your current state, your workflows, and your priorities. We tailor curated demos to your environment, facilitate scenario mapping with your team, and produce a mini-roadmap focused on quick wins, governance improvements, and achievable next steps.

This workshop is especially useful for leaders who know there is more value inside Microsoft 365, but need a practical, right-sized way to unlock it. We can also add a maturity snapshot to identify adoption blockers, automation readiness, content risks, and governance gaps before you move forward.

The goal is simple: help your people work better with the tools you already own.

If that sounds like the kind of progress your organization needs, explore the workshop here: https://www.synozur.com/workshops/m365-academy-microsoft-365-transformation-day
#Microsoft365 #ModernWork #AdoptionStrategy #ITLeadership
https://www.synozur.com/workshops/m365-academy-microsoft-365-transformation-day","https://static.wixstatic.com/media/b805ce_ad15faec770f40eda6aaece0a7cbe9eb~mv2.jpeg","Apr 21, 2026 11:00 AM","1764931","","Microsoft365;ModernWork;AdoptionStrategy;ITLeadership"
"You may already be paying for more Microsoft 365 value than your teams are using.

That is a common challenge for growing organizations: overlapping tools, uneven adoption, and governance gaps that make everyday work harder than it should be.

Synozur’s M365 Academy is a one-day transformation workshop built to help leaders cut through the noise. We show what’s possible with the tools you already own, connect those capabilities to real business workflows, and turn that insight into a practical action plan.

In one focused day, your team can:
• uncover underused M365 features
• map business pain points to the right solutions
• prioritize quick wins and longer-term improvements
• align business and IT on what to do next

The outcome is clear: a modernization roadmap that is realistic, right-sized, and built for adoption.

If your organization is asking how to get more value from Microsoft 365 without adding more complexity, this workshop is designed for that moment.

Learn more: https://www.synozur.com/workshops/m365-academy-microsoft-365-transformation-day
#Microsoft365 #DigitalTransformation #FutureOfWork #BusinessITAlignment #WorkplaceModernization
https://www.synozur.com/workshops/m365-academy-microsoft-365-transformation-day","https://static.wixstatic.com/media/b805ce_8310cc3ba7dc4c76b9c284fadd9777ff~mv2.jpeg","Apr 10, 2026 11:00 AM","2383354","","Microsoft365;DigitalTransformation;FutureOfWork;BusinessITAlignment;WorkplaceModernization"
"What if the next productivity gain in your business is already sitting inside your current Microsoft 365 investment? 💡

Synozur’s M365 Academy is built for organizations that want to stop guessing and start modernizing with clarity. In this one-day workshop, we tailor demos to your environment, explore the capabilities most relevant to your teams, and connect those tools to the business problems you need to solve.

We also help you answer the questions that matter:
• Which features are worth prioritizing now?
• Where is governance slowing adoption?
• How do we reduce tool overlap?
• What should business and IT do next together?

You leave with a modernization mini-roadmap, a quick-win opportunity list, and adoption and governance recommendations grounded in your reality.

No generic advice. No unnecessary complexity. Just a focused, executive-friendly path toward better use of the tools you already own.

See the workshop details here: https://www.synozur.com/workshops/m365-academy-microsoft-365-transformation-day
#Microsoft365 #ExecutiveWorkshop #AdoptionStrategy #DigitalWorkplace #OperationalEfficiency
https://www.synozur.com/workshops/m365-academy-microsoft-365-transformation-day","https://static.wixstatic.com/media/b805ce_7344c5e71bdd47afbe9f431cb28636e1~mv2.jpeg","Apr 28, 2026 11:00 AM","2383354","","Microsoft365;ExecutiveWorkshop;AdoptionStrategy;DigitalWorkplace;OperationalEfficiency"
"Many organizations are paying for Microsoft 365 capabilities they barely use.

That usually shows up in familiar ways: overlapping tools, uneven adoption, unclear governance, and teams that know the platform is powerful but are not sure what to do next.

Our M365 Academy is designed to close that gap in a practical, executive-friendly format.

In one day, we help leaders:
• see the highest-value capabilities already available in their environment
• connect real workflow challenges to relevant M365 solutions
• prioritize quick wins, governance improvements, and next steps

The goal is not more technology for technology’s sake. It is clearer alignment between business and IT, better everyday work, and a roadmap your team can actually use.

For organizations trying to reduce tool sprawl, improve adoption, and make better use of existing Microsoft investments, this workshop creates momentum without adding unnecessary complexity.

Learn more: https://www.synozur.com/workshops/m365-academy-microsoft-365-transformation-day
#Microsoft365 #DigitalWorkplace #BusinessTransformation #AdoptionStrategy
https://www.synozur.com/workshops/m365-academy-microsoft-365-transformation-day","https://static.wixstatic.com/media/b805ce_77e564e3f49a4527a1288f667b653465~mv2.jpeg","Apr 23, 2026 11:00 AM","1761682","","Microsoft365;DigitalWorkplace;BusinessTransformation;AdoptionStrategy"
"For CIOs and operational leaders, Microsoft 365 often represents both a big opportunity and a frustrating question:

How do we get more value from what we already own?

The answer usually starts with alignment, not another tool.

Synozur’s M365 Academy is a one-day transformation workshop that helps organizations identify underused capabilities, connect them to real business needs, and define a right-sized path forward.

We focus on practical outcomes such as:
• faster adoption of high-value features
• reduced tool sprawl
• clearer governance
• stronger alignment between business priorities and IT action

The workshop includes tailored demos, facilitated scenario mapping, and a prioritized modernization mini-roadmap. For teams that want a more grounded starting point, an optional diagnostic module can also surface governance, adoption, automation, and content-risk blockers.

This is especially valuable for organizations that know there is more to unlock in M365, but need clarity on where to begin and how to move forward with confidence.

Explore the workshop here: https://www.synozur.com/workshops/m365-academy-microsoft-365-transformation-day
#Microsoft365 #CIOAgenda #ModernWork #DigitalTransformation
https://www.synozur.com/workshops/m365-academy-microsoft-365-transformation-day","https://static.wixstatic.com/media/b805ce_77e564e3f49a4527a1288f667b653465~mv2.jpeg","Apr 23, 2026 11:00 AM","1761682","","Microsoft365;CIOAgenda;ModernWork;DigitalTransformation"
"For CIOs and operational leaders, Microsoft 365 often represents both a big opportunity and a frustrating question:

How do we get more value from what we already own?

The answer usually starts with alignment, not another tool.

Synozur’s M365 Academy is a one-day transformation workshop that helps organizations identify underused capabilities, connect them to real business needs, and define a right-sized path forward.

We focus on practical outcomes such as:
• faster adoption of high-value features
• reduced tool sprawl
• clearer governance
• stronger alignment between business priorities and IT action

The workshop includes tailored demos, facilitated scenario mapping, and a prioritized modernization mini-roadmap. For teams that want a more grounded starting point, an optional diagnostic module can also surface governance, adoption, automation, and content-risk blockers.

This is especially valuable for organizations that know there is more to unlock in M365, but need clarity on where to begin and how to move forward with confidence.

Explore the workshop here: https://www.synozur.com/workshops/m365-academy-microsoft-365-transformation-day
#Microsoft365 #CIOAgenda #ModernWork #DigitalTransformation
https://www.synozur.com/workshops/m365-academy-microsoft-365-transformation-day","https://static.wixstatic.com/media/b805ce_8310cc3ba7dc4c76b9c284fadd9777ff~mv2.jpeg","Apr 26, 2026 11:00 AM","1761682","","Microsoft365;CIOAgenda;ModernWork;DigitalTransformation"
"Most teams use only a fraction of the M365 value they already pay for. Our 1-day M365 Academy helps leaders find quick wins…
#Microsoft365 #DigitalTransformation #ITStrategy #WorkplaceModernization
https://www.synozur.com/workshops/m365-academy-microsoft-365-transformation-day","https://static.wixstatic.com/media/b805ce_a4855dfdc7d74e67a685ac73e2ebb6cd~mv2.jpeg","Apr 08, 2026 11:00 AM","1761680","","Microsoft365;DigitalTransformation;ITStrategy;WorkplaceModernization"
"You may already be paying for more Microsoft 365 value than your teams are using.

That is a common challenge for growing organizations: overlapping tools, uneven adoption, and governance gaps that make everyday work harder than it should be.

Synozur’s M365 Academy is a one-day transformation workshop built to help leaders cut through the noise. We show what’s possible with the tools you already own, connect those capabilities to real business workflows, and turn that insight into a practical action plan.

In one focused day, your team can:
• uncover underused M365 features
• map business pain points to the right solutions
• prioritize quick wins and longer-term improvements
• align business and IT on what to do next

The outcome is clear: a modernization roadmap that is realistic, right-sized, and built for adoption.

If your organization is asking how to get more value from Microsoft 365 without adding more complexity, this workshop is designed for that moment.

Learn more: https://www.synozur.com/workshops/m365-academy-microsoft-365-transformation-day
#Microsoft365 #DigitalTransformation #FutureOfWork #BusinessITAlignment #WorkplaceModernization
https://www.synozur.com/workshops/m365-academy-microsoft-365-transformation-day","https://static.wixstatic.com/media/b805ce_f75018feccdb4142bc6ef8d35dedbddf~mv2.jpeg","Apr 14, 2026 11:00 AM","2383354","","Microsoft365;DigitalTransformation;FutureOfWork;BusinessITAlignment;WorkplaceModernization"
"A common modernization challenge is not buying the wrong tools.

It is underusing the right ones.

Many organizations already have meaningful Microsoft 365 capabilities in place, yet still struggle with extra apps, inconsistent adoption, and governance gaps that slow progress.

That is why we built M365 Academy.

This one-day workshop helps teams step back, assess where value is being left on the table, and turn M365 into a more intentional part of how work gets done.

What participants walk away with:
• curated demonstrations tied to their real priorities
• scenario mapping from pain points to platform capabilities
• a prioritized action plan with quick wins and longer-term investments
• governance and adoption recommendations that are realistic for their environment

When business and IT align on what matters most, modernization gets simpler. Teams gain clarity. Leaders gain a roadmap. And adoption becomes more achievable.

If your organization is trying to get more value from Microsoft 365 without creating more noise, this is a strong place to start.

Read more: https://www.synozur.com/workshops/m365-academy-microsoft-365-transformation-day
#Microsoft365 #WorkplaceModernization #Governance #ITStrategy
https://www.synozur.com/workshops/m365-academy-microsoft-365-transformation-day","https://static.wixstatic.com/media/b805ce_8310cc3ba7dc4c76b9c284fadd9777ff~mv2.jpeg","Apr 12, 2026 11:00 AM","1761682","","Microsoft365;WorkplaceModernization;Governance;ITStrategy"
"Owning Microsoft 365 is not the same as using it well.

Many organizations still struggle with tool sprawl, unclear governance, and teams that only tap a fraction of what M365 can do. The result is wasted investment, slower adoption, and missed productivity gains.

Synozur’s M365 Academy helps leadership teams take a more strategic approach. This one-day workshop is designed to assess your current state, demonstrate high-value capabilities, and map those capabilities to the workflows that matter most.

What leaders walk away with:
• a clearer view of underused features already included in M365
• scenario mapping tied to real operational needs
• a prioritized list of quick wins
• governance and adoption recommendations that support long-term value

For CIOs, COOs, and executive teams, the goal is not more technology. It is better alignment, smarter adoption, and a practical roadmap your organization can actually follow.

That is how you reduce friction and make modernization achievable.

Read more: https://www.synozur.com/workshops/m365-academy-microsoft-365-transformation-day
#Microsoft365 #CIOAgenda #ChangeManagement #Governance #Productivity
https://www.synozur.com/workshops/m365-academy-microsoft-365-transformation-day","https://static.wixstatic.com/media/b805ce_ad15faec770f40eda6aaece0a7cbe9eb~mv2.jpeg","May 03, 2026 11:00 AM","2383354","","Microsoft365;CIOAgenda;ChangeManagement;Governance;Productivity"
"Owning Microsoft 365 is not the same as using it well.

Many organizations still struggle with tool sprawl, unclear governance, and teams that only tap a fraction of what M365 can do. The result is wasted investment, slower adoption, and missed productivity gains.

Synozur’s M365 Academy helps leadership teams take a more strategic approach. This one-day workshop is designed to assess your current state, demonstrate high-value capabilities, and map those capabilities to the workflows that matter most.

What leaders walk away with:
• a clearer view of underused features already included in M365
• scenario mapping tied to real operational needs
• a prioritized list of quick wins
• governance and adoption recommendations that support long-term value

For CIOs, COOs, and executive teams, the goal is not more technology. It is better alignment, smarter adoption, and a practical roadmap your organization can actually follow.

That is how you reduce friction and make modernization achievable.

Read more: https://www.synozur.com/workshops/m365-academy-microsoft-365-transformation-day
#Microsoft365 #CIOAgenda #ChangeManagement #Governance #Productivity
https://www.synozur.com/workshops/m365-academy-microsoft-365-transformation-day","https://static.wixstatic.com/media/b805ce_8310cc3ba7dc4c76b9c284fadd9777ff~mv2.jpeg","","2383354","","Microsoft365;CIOAgenda;ChangeManagement;Governance;Productivity"
"Many organizations are paying for Microsoft 365 capabilities they barely use.

That usually shows up in familiar ways: overlapping tools, uneven adoption, unclear governance, and teams that know the platform is powerful but are not sure what to do next.

Our M365 Academy is designed to close that gap in a practical, executive-friendly format.

In one day, we help leaders:
• see the highest-value capabilities already available in their environment
• connect real workflow challenges to relevant M365 solutions
• prioritize quick wins, governance improvements, and next steps

The goal is not more technology for technology’s sake. It is clearer alignment between business and IT, better everyday work, and a roadmap your team can actually use.

For organizations trying to reduce tool sprawl, improve adoption, and make better use of existing Microsoft investments, this workshop creates momentum without adding unnecessary complexity.

Learn more: https://www.synozur.com/workshops/m365-academy-microsoft-365-transformation-day
#Microsoft365 #DigitalWorkplace #BusinessTransformation #AdoptionStrategy
https://www.synozur.com/workshops/m365-academy-microsoft-365-transformation-day","https://static.wixstatic.com/media/b805ce_83b9c8d752f74db69a0e20b2cf1b02f3~mv2.jpeg","Apr 14, 2026 11:00 AM","1761682","","Microsoft365;DigitalWorkplace;BusinessTransformation;AdoptionStrategy"
"What if the next productivity gain in your business is already sitting inside your current Microsoft 365 investment? 💡

Synozur’s M365 Academy is built for organizations that want to stop guessing and start modernizing with clarity. In this one-day workshop, we tailor demos to your environment, explore the capabilities most relevant to your teams, and connect those tools to the business problems you need to solve.

We also help you answer the questions that matter:
• Which features are worth prioritizing now?
• Where is governance slowing adoption?
• How do we reduce tool overlap?
• What should business and IT do next together?

You leave with a modernization mini-roadmap, a quick-win opportunity list, and adoption and governance recommendations grounded in your reality.

No generic advice. No unnecessary complexity. Just a focused, executive-friendly path toward better use of the tools you already own.

See the workshop details here: https://www.synozur.com/workshops/m365-academy-microsoft-365-transformation-day
#Microsoft365 #ExecutiveWorkshop #AdoptionStrategy #DigitalWorkplace #OperationalEfficiency
https://www.synozur.com/workshops/m365-academy-microsoft-365-transformation-day","https://static.wixstatic.com/media/b805ce_8310cc3ba7dc4c76b9c284fadd9777ff~mv2.jpeg","Apr 19, 2026 11:00 AM","2383354","","Microsoft365;ExecutiveWorkshop;AdoptionStrategy;DigitalWorkplace;OperationalEfficiency"
"For CIOs and operational leaders, Microsoft 365 often represents both a big opportunity and a frustrating question:

How do we get more value from what we already own?

The answer usually starts with alignment, not another tool.

Synozur’s M365 Academy is a one-day transformation workshop that helps organizations identify underused capabilities, connect them to real business needs, and define a right-sized path forward.

We focus on practical outcomes such as:
• faster adoption of high-value features
• reduced tool sprawl
• clearer governance
• stronger alignment between business priorities and IT action

The workshop includes tailored demos, facilitated scenario mapping, and a prioritized modernization mini-roadmap. For teams that want a more grounded starting point, an optional diagnostic module can also surface governance, adoption, automation, and content-risk blockers.

This is especially valuable for organizations that know there is more to unlock in M365, but need clarity on where to begin and how to move forward with confidence.

Explore the workshop here: https://www.synozur.com/workshops/m365-academy-microsoft-365-transformation-day
#Microsoft365 #CIOAgenda #ModernWork #DigitalTransformation
https://www.synozur.com/workshops/m365-academy-microsoft-365-transformation-day","https://static.wixstatic.com/media/b805ce_7344c5e71bdd47afbe9f431cb28636e1~mv2.jpeg","Apr 12, 2026 11:00 AM","1761682","","Microsoft365;CIOAgenda;ModernWork;DigitalTransformation"
"Many organizations are paying for Microsoft 365 capabilities they barely use.

That usually shows up in familiar ways: overlapping tools, uneven adoption, unclear governance, and teams that know the platform is powerful but are not sure what to do next.

Our M365 Academy is designed to close that gap in a practical, executive-friendly format.

In one day, we help leaders:
• see the highest-value capabilities already available in their environment
• connect real workflow challenges to relevant M365 solutions
• prioritize quick wins, governance improvements, and next steps

The goal is not more technology for technology’s sake. It is clearer alignment between business and IT, better everyday work, and a roadmap your team can actually use.

For organizations trying to reduce tool sprawl, improve adoption, and make better use of existing Microsoft investments, this workshop creates momentum without adding unnecessary complexity.

Learn more: https://www.synozur.com/workshops/m365-academy-microsoft-365-transformation-day
#Microsoft365 #DigitalWorkplace #BusinessTransformation #AdoptionStrategy
https://www.synozur.com/workshops/m365-academy-microsoft-365-transformation-day","https://static.wixstatic.com/media/b805ce_7344c5e71bdd47afbe9f431cb28636e1~mv2.jpeg","Apr 16, 2026 11:00 AM","1761682","","Microsoft365;DigitalWorkplace;BusinessTransformation;AdoptionStrategy"
"A common modernization challenge is not buying the wrong tools.

It is underusing the right ones.

Many organizations already have meaningful Microsoft 365 capabilities in place, yet still struggle with extra apps, inconsistent adoption, and governance gaps that slow progress.

That is why we built M365 Academy.

This one-day workshop helps teams step back, assess where value is being left on the table, and turn M365 into a more intentional part of how work gets done.

What participants walk away with:
• curated demonstrations tied to their real priorities
• scenario mapping from pain points to platform capabilities
• a prioritized action plan with quick wins and longer-term investments
• governance and adoption recommendations that are realistic for their environment

When business and IT align on what matters most, modernization gets simpler. Teams gain clarity. Leaders gain a roadmap. And adoption becomes more achievable.

If your organization is trying to get more value from Microsoft 365 without creating more noise, this is a strong place to start.

Read more: https://www.synozur.com/workshops/m365-academy-microsoft-365-transformation-day
#Microsoft365 #WorkplaceModernization #Governance #ITStrategy
https://www.synozur.com/workshops/m365-academy-microsoft-365-transformation-day","https://static.wixstatic.com/media/b805ce_a4855dfdc7d74e67a685ac73e2ebb6cd~mv2.jpeg","","1761682","","Microsoft365;WorkplaceModernization;Governance;ITStrategy"