"first_name","last_name","full_name","title","company","domain","email","linkedin_url","relationship","tier","techcon_role","meeting_ask","icp_score","state","disqualify_reason","hook","icp_fit_rationale","signals","prior_touches","notes","draft_status","email_status","campaign","owner","outreach_status"
"Andrew","Connell","Andrew Connell","Principal Software Engineer","AvePoint","avepoint.com","me@andrewconnell.com","","Friend","Primary","Speaker — Wed 3:50 Room 433-434 (opposite Chris)","Wed 5:00 PM drinks, 60 min — with Jared Matfess","n/a","personal outreach","Excluded from harness by design: friend list or current Microsoft employee — handled personally","","","","","Hand-written note from Chris, not harness automation.","drafted","have","techcon365-seattle-2026","","not started"
"April","Delsing","April Delsing","Solution Architect, Field & Partner WW CoE","Microsoft","microsoft.com","aprildelsing@microsoft.com","","Cold — partner motion","Reserve","Speaker","Either day, 30 min — with Cesar Garibaldo","n/a","personal outreach","Excluded from harness by design: friend list or current Microsoft employee — handled personally","","","","","Hand-written note from Chris, not harness automation.","drafted","have","techcon365-seattle-2026","","not started"
"Cesar","Garibaldo","Cesar Garibaldo","Solution Architect, Field & Partner WW CoE","Microsoft","microsoft.com","","","Cold — partner motion","Reserve","Speaker","Either day, 30 min — with April Delsing","n/a","personal outreach","Excluded from harness by design: friend list or current Microsoft employee — handled personally","","","","","Hand-written note from Chris, not harness automation.","drafted","NEEDS ENRICHMENT","techcon365-seattle-2026","","not started"
"Dave","Minasyan","Dave Minasyan","Principal Product Manager","Microsoft","microsoft.com","David.Minasyan@microsoft.com","","Former colleague — priority","Primary","Speaker","Thu afternoon or Wed morning, 45 min","n/a","personal outreach","Excluded from harness by design: friend list or current Microsoft employee — handled personally","","","","","Hand-written note from Chris, not harness automation.","drafted","have","techcon365-seattle-2026","","not started"
"Ian","Story","Ian Story","Microsoft","Microsoft","microsoft.com","istory@microsoft.com","","Former colleague — priority","Primary","Not on speaker roster — local, ask rather than assume","Either day, 60 min, offer to meet off site","n/a","personal outreach","Excluded from harness by design: friend list or current Microsoft employee — handled personally","","","","","Hand-written note from Chris, not harness automation.","drafted","have","techcon365-seattle-2026","","not started"
"James","Dierks","James Dierks","US Practice Director, AI Workforce","Avanade","avanade.com","","","Friend","Primary","Not on speaker roster","Wed 9:00-10:00 AM, 60 min","n/a","personal outreach","Excluded from harness by design: friend list or current Microsoft employee — handled personally","","","","","Hand-written note from Chris, not harness automation.","drafted","NEEDS ENRICHMENT","techcon365-seattle-2026","","not started"
"Jared","Matfess","Jared Matfess","AI Architect","AvePoint","avepoint.com","jared.matfess@outlook.com","","Friend","Primary","Speaker","Wed 5:00 PM drinks, 60 min — with Andrew Connell","n/a","personal outreach","Excluded from harness by design: friend list or current Microsoft employee — handled personally","","","","","Hand-written note from Chris, not harness automation.","drafted","have","techcon365-seattle-2026","","not started"
"Julie","Turner","Julie Turner","Partner / CTO","Sympraxis Consulting","sympraxisconsulting.com","julie.turner@sympraxisconsulting.com","","Friend","Primary","Speaker — Wed 10:20 Room 437-439; Thu 2:00 Room 437-439","Wed 11:30, 45 min — combined with Marc Anderson","n/a","personal outreach","Excluded from harness by design: friend list or current Microsoft employee — handled personally","","","","","Hand-written note from Chris, not harness automation.","drafted","have","techcon365-seattle-2026","","not started"
"Marc","Anderson","Marc Anderson","Partner","Sympraxis Consulting","sympraxisconsulting.com","marc.anderson@sympraxisconsulting.com","","Friend","Primary","Not on published speaker roster — attendance unconfirmed","Wed 11:30, 45 min — joins the Julie Turner meeting","n/a","personal outreach","Excluded from harness by design: friend list or current Microsoft employee — handled personally","","","","","Hand-written note from Chris, not harness automation.","drafted","have","techcon365-seattle-2026","","not started"
"Mark","Kashman","Mark Kashman","Principal M365 Consultant","Sympraxis Consulting","sympraxisconsulting.com","m.kashman@hotmail.com","","Very close friend","Primary","Speaker","Wed late morning or Thu post-session, 45 min","n/a","personal outreach","Excluded from harness by design: friend list or current Microsoft employee — handled personally","","","","","Hand-written note from Chris, not harness automation.","drafted","have","techcon365-seattle-2026","","not started"
"Mark","Rackley","Mark Rackley","Copilot Extensibility Practice Lead","Protiviti","protiviti.com","mark@mrackley.me","","Very close friend","Primary","Speaker — Copilot Studio workshop","Thu afternoon, 60 min, or dinner — combined with Anna Bordioug","n/a","personal outreach","Excluded from harness by design: friend list or current Microsoft employee — handled personally","","","","","Hand-written note from Chris, not harness automation.","drafted","have","techcon365-seattle-2026","","not started"
"Miceile","Barrett","Miceile Barrett","Principal PM Manager, Content AI","Microsoft","microsoft.com","mibarret@microsoft.com","","Former colleague","Primary","Speaker","Thu morning or afternoon, 30-45 min — with Sophie Ke","n/a","personal outreach","Excluded from harness by design: friend list or current Microsoft employee — handled personally","","","","","Hand-written note from Chris, not harness automation.","drafted","have","techcon365-seattle-2026","","not started"
"Michelle","Caldwell","Michelle Caldwell","Executive Officer","Synozur","synozur.com","Michelle.Caldwell@synozur.com","","Partner / spouse","Primary","Speaker — Mon workshop, Tue workshop, Wed Ask The Experts, Fri session","Wed 7:30 AM, 45 min — floor intel and introductions","n/a","personal outreach","Excluded from harness by design: friend list or current Microsoft employee — handled personally","","","","","Hand-written note from Chris, not harness automation.","drafted","have","techcon365-seattle-2026","","not started"
"Prashant","G Bhoyar","Prashant G Bhoyar","AI Architect","AIS","appliedis.com","pgbhoyar@gmail.com","","Friend","Primary","Speaker","Thu afternoon, 60 min","n/a","personal outreach","Excluded from harness by design: friend list or current Microsoft employee — handled personally","","","","","Hand-written note from Chris, not harness automation.","drafted","have","techcon365-seattle-2026","","not started"
"Sesha","Mani","Sesha Mani","Partner Director of Product","Microsoft","microsoft.com","Sesha.Mani@microsoft.com","","Former colleague — priority","Primary","Speaker","Thu afternoon or Wed before 3:00, 60 min","n/a","personal outreach","Excluded from harness by design: friend list or current Microsoft employee — handled personally","","","","","Hand-written note from Chris, not harness automation.","drafted","have","techcon365-seattle-2026","","not started"
"Sophie","Ke","Sophie Ke","Senior PMM, Copilot Control System","Microsoft","microsoft.com","sophieke@microsoft.com","","Former colleague","Primary","Speaker","Thu morning or afternoon, 30-45 min — with Miceile Barrett","n/a","personal outreach","Excluded from harness by design: friend list or current Microsoft employee — handled personally","","","","","Hand-written note from Chris, not harness automation.","drafted","have","techcon365-seattle-2026","","not started"
"Steve","Pucelik","Steve Pucelik","Microsoft","Microsoft","microsoft.com","Steve.Pucelik@microsoft.com","","Former colleague — priority","Primary","Not on speaker roster — local, ask rather than assume","Either day, 60 min, offer to meet off site","n/a","personal outreach","Excluded from harness by design: friend list or current Microsoft employee — handled personally","","","","","Hand-written note from Chris, not harness automation.","drafted","have","techcon365-seattle-2026","","not started"
"Treb","Gatte","Treb Gatte","CEO","Marquee Insights","marqueeinsights.com","treb.gatte@marqueeinsights.com; treb.gatte@tumbleroad.com","","Close friend","Primary","Speaker","Thu afternoon, 60 min, or dinner","n/a","personal outreach","Excluded from harness by design: friend list or current Microsoft employee — handled personally","","","","","Hand-written note from Chris, not harness automation.","drafted","have","techcon365-seattle-2026","","not started"
"Umberto","(surname to confirm)","Umberto (surname to confirm)","Role to confirm","Avanade","avanade.com","","","Friend","Primary","Not on speaker roster","Thu 3:00-3:45 PM, 45 min — may combine with James Dierks","n/a","personal outreach","Excluded from harness by design: friend list or current Microsoft employee — handled personally","","","","","Hand-written note from Chris, not harness automation.","drafted","NEEDS ENRICHMENT","techcon365-seattle-2026","","not started"
"Amarender","Peddamalku","Amarender Peddamalku","Practice Lead, Microsoft Modern Work","Perficient","perficient.com","amarender.p10@gmail.com","https://www.linkedin.com/in/amar-p-b0957229","Cold — sponsor/partner","Sponsor track","Speaker + sponsor","30 min on site","9","researched","","He is running a Power Automate bootcamp and a ""SharePoint Premium — the future of AI powered content management"" session at TechCon 365 Seattle — the perfect opening for pain 4: his practice ships Copilot and automation for clients and gets blamed for drift it cannot see. Lead with what happens after go-live when a flow or Copilot grounding quietly degrades and the client notices first.","9 — SI/partner solution lead running a Microsoft Modern Work practice at a ~6,500-person consultancy serving enterprise M365 clients, and a confirmed TechCon 365 Seattle speaker, which matches the SI/partner ICP role plus the named event signal.","Confirmed speaker at TechCon 365 Seattle 2026 with multiple sessions including ""Automation Accelerator: Power Automate Bootcamp"" and ""SharePoint Premium - The future of AI powered content management""; Perficient announced a co-innovation partnership with Gradial for agentic marketing in the enterprise, July 8, 2026; Perficient blog post ""From Legacy to AI-First: How Insurers Are Modernizing Operations with Microsoft"", May 13, 2026 (borderline of the 90-day window); Perficient named to the 2025–2026 Microsoft AI Business Solutions Inner Circle (announced Sept 23, 2025 — outside the 90-day windo","One prior outreach email found: ""Seattle — Modern Work practice conversation"" dated 2026-08-17, addressed to Amarender Peddamalku from Chris McNulty (Reveille CPO), cc Jason Engen, proposing 45 minutes at TechCon Seattle. Note: the To: line is a placeholder (""address to be added""), so it appears dra","No email address discovered; `email` left null.; Tenure and personal location/timezone could not be verified; timezone is a guess based on Perficient's US HQ.; Perficient was acquired by EQT (~$3.0B, completed prior to 2026) — well outside the 90-day acquisition disqualifier window, so it does not fire .; No disqualifier fired.","drafted","have","techcon365-seattle-2026","","not started"
"Keshav","Polepalle","Keshav Polepalle","Director","MAQ Software","maqsoftware.com","keshavp@maqsoftware.com","https://www.linkedin.com/in/keshav-polepalle","Cold — sponsor/partner","Sponsor track","Speaker + sponsor","30 min on site","9","researched","","MAQ already sold the room on ""Governance, Observability & Infrastructure for Enterprise-Grade Agents"" and is migrating enterprises onto Fabric at scale with MigrateFAST . The unanswered question after a migration is who watches the estate on day 91. Lead with: you land customers on Fabric and Copilot Studio agents, then own the outcome without telemetry on the content those agents read — Reveille supplies the operational layer so MAQ can sell managed assurance, not just migration.","9 — A Director owning data/AI delivery at a Microsoft Fabric Featured Partner with the Microsoft 365 Copilot specialization is squarely the ""SI and partner solution lead serving enterprise M365 clients"" segment, with Global 2000 reach; Diamond sponsor plus a named Insight Studio slot co-presented with Microsoft is an automatic boost, and the firm is already selling governance and observability for agents. Not a 10 only because his center of gravity is Fabric/BI migration rather than SharePoint content services, so the legacy ECM pain is unproven here.","August 11, 2026 — MAQ Software named to the Inc. 5000 for the 13th time; CEO Rajeev Agarwal cites accelerated engineering velocity and an AI-first approach to data engineering .; August 5, 2026 — Microsoft awarded MAQ Software the Agentic Business Solutions Specialization for Power Apps, Power Automate and Copilot Studio work .; February 2026 — Polepalle's firm ran a 60-minute MCAPS Tech Connect session titled ""Governance, Observability & Infrastructure for Enterprise-Grade Agents,"" covering identity, access control, boundaries and prompt safety .; March 18, 2026 — Polepalle presented twice at","One outreach email exists dated 2026-08-17 18:49 UTC, subject ""Your Insight Studio session Wednesday,"" addressed to keshavp@maqsoftware.com from Chris McNulty with Jason Engen copied. It references attending his Wednesday 3:10 MigrateFAST/Fabric funding session with Trilok Rajesh and proposes 30 min","Not a competitor: MAQ sells Microsoft-platform consulting and migration accelerators, not an M365 governance/management product in the AvePoint/CoreView sense. Its Fabric Admin Agent is capacity/admin tooling for Fabric, adjacent rather than overlapping — worth confirming in conversation.; Headcount estimates from three aggregators disagree by 5x; do not quote a specific number externally.; Trilok","drafted","have","techcon365-seattle-2026","","not started"
"Anna","Bordioug","Anna Bordioug","Senior Consultant, Data Security (listed on event roster as Technology Consultant)","Protiviti","protiviti.com","abordioug@gmail.com","https://ca.linkedin.com/in/anna-bordioug","Cold — sponsor/partner","Sponsor track","Speaker + sponsor","30 min on site","8","researched","","Her Seattle session is on AI-driven data protection and retention in Microsoft Purview — lead with pain 1: Purview labels and DLP tell you policy intent, but not whether Copilot is actually grounding on overshared or stale content in a live tenant, and her clients ask her to prove it is safe after go-live.","8 — SI/consultancy practitioner at a 7,100-person firm serving Fortune 500 M365 clients, working squarely on Microsoft 365 data security, Purview governance and AI/Copilot governance, and confirmed on the TechCon 365 Seattle roster; scored below 9 only because she is an individual consultant rather than a practice owner with budget.","Confirmed speaker on the TechCon 365 / DATACON / PWRCON Seattle 2026 roster, Aug 24–28 2026, Seattle; Her TechCon session content described as covering ""AI-driven data protection and data retention in Microsoft Purview"" — exact post date `unverified`; Named a Microsoft MISA 2026 Security Changemaker at the Microsoft Security Excellence Awards (post dated 2026-01-27, outside the 90-day window; context only); No other activity dated within the last ~90 days was found in search.","Three relevant items. Two staged TechCon outreach emails from Chris McNulty (cc Jason Engen): ""Seattle next week — Protiviti delivery view"" (2026-08-18), whose header notes ""Only send if she does not join the Mark Rackley meeting"", and ""Seattle — grab an hour? Bring Anna"" (2026-08-17), which lists h","Geography verified as Toronto, Canada — in bounds, no geographic disqualifier.; Title on the event roster (""Technology Consultant"") is out of date; LinkedIn shows Senior Consultant since Jul 2025.; No email address discovered; `email` left null.; Protiviti is a consultancy, not an M365 governance product vendor, so the competitor disqualifier does not fire.","drafted","have","techcon365-seattle-2026","","not started"
"Clifford","DeWyze","Clifford DeWyze","Manager, Solutions Engineering","Kaseya","kaseya.com","","https://www.linkedin.com/in/clifford-dewyze","Cold — sponsor/partner","Sponsor track","Speaker + sponsor","30 min on site","8","researched","","Kaseya's own June 30 research found 69% of SaaS accounts carry more guest access than licensed users — a precise statement of pain #4: partners are held accountable for client M365 estates they cannot see into. Chris can lead with ""you published the oversharing number; Reveille is the telemetry that lets your MSPs prove it is fixed.""","8 — Solution/SE leadership at a platform vendor serving thousands of MSPs matches the ""SI and partner solution leads serving enterprise M365 clients"" segment, and confirmed speaker + Diamond sponsor status at TechCon 365 Seattle is an automatic boost; capped below 9 because an SE manager is an influencer rather than the economic buyer.","June 30, 2026 — Kaseya published research finding 69% of SaaS accounts have more guest access than licensed users, from its 2026 SaaS Security Report .; June 17, 2026 — Kaseya previewed the next evolution of Kaseya Intelligence at Connect Europe 2026 .; June 9, 2026 — Kaseya launched MSP Success, a unified growth ecosystem to scale MSPs globally .; June 5, 2026 — Kaseya appointed Roxi Wen as Chief Financial and Operating Officer .; Aug 24-28, 2026 — DeWyze is a confirmed speaker at TechCon 365 Seattle .","One outreach email exists in the mailbox dated 2026-08-17, subject ""Kaseya at TechCon Seattle — worth 30 minutes?"", addressed to Clifford DeWyze from Chris McNulty with Jason Engen copied. The recipient address is still a placeholder (""address to be added""), so this appears drafted/queued rather tha","Kaseya's SaaS security/alerting products overlap adjacently with M365 posture monitoring; not a direct M365 governance competitor in the AvePoint/CoreView sense, so no disqualifier fired — but position Reveille as complementary telemetry, not a replacement.; Headcount figure is a third-party estimate; no official company number found.; January 2026 layoffs are outside the 90-day signal window and ","drafted","NEEDS ENRICHMENT","techcon365-seattle-2026","","not started"
"Lum","Veselaj","Lum Veselaj","Chairman and Founder","Truegility","truegility.com","","https://www.linkedin.com/in/lumv","Cold — sponsor/partner","Sponsor track","Speaker + sponsor","30 min on site","8","researched","","Lum and his CEO are both speaking at TechCon 365 Seattle while Truegility is a Diamond sponsor — an unusually heavy bet on the Microsoft 365 and AI audience for a firm founded in 2023 . Lead with pain #4: Truegility builds the AI-ready data foundations clients act on, and gets blamed for drift it has no instrumentation to see.","8 — Founder/chairman of a Microsoft-ecosystem consultancy delivering Fabric, Power BI and AI-ready data foundations for enterprise clients maps directly to the ""SI and partner solution leads"" segment, and the headcount-under-250 rule is waived by the partner-reach exception; confirmed speaker plus Diamond sponsor adds the event boost.","Aug 24-28, 2026 — confirmed speaker at TechCon 365 Seattle, alongside Truegility CEO Ben Hansen; Truegility is a Diamond sponsor .; No other activity in the last ~90 days surfaced in search; no press releases, funding, hiring or acquisition news found for Truegility.","One outreach email exists dated 2026-08-17, subject ""Seattle next week — a partnering conversation"", addressed to ""Lum Veselaj, Chairman and Founder, Truegility"" with Jason Engen copied. The recipient address is still a placeholder, so it appears drafted/queued rather than confirmed delivered. A com","Title discrepancy: the run brief and outreach say ""Chairman and Founder""; his LinkedIn and the company site say ""Executive Chairman"". Both refer to the same role.; Truegility's stated practice areas are Microsoft data platform (Fabric/Power BI) rather than SharePoint/Teams content services; whether they run M365 content or Copilot engagements is `unverified` — worth confirming before positioning.;","drafted","NEEDS ENRICHMENT","techcon365-seattle-2026","","not started"
"Ray","Rasmussen","Ray Rasmussen","Managing Principal","rGen, Inc.","rgenconsulting.com","","https://www.linkedin.com/in/rayrasmussen","Cold — sponsor/partner","Sponsor track","Speaker + sponsor","30 min on site","8","researched","","rGen's May 12 launch positions ""governed experimentation"" and ""reduced risk"" as the product, and their pitch is that AI only counts when business teams build with it themselves . Democratized Copilot building is exactly where oversharing and stale permissions surface. Lead with pain #4: rGen leaves the client self-sufficient and still carries the reputation when a Copilot answer surfaces the wrong document — Reveille is the telemetry that proves the estate stayed healthy after the consultants left.","8 — Founder/Managing Principal is the economic buyer at a Microsoft-ecosystem consultancy doing exactly the Copilot and Power Platform adoption work Reveille instruments, which is the ""SI and partner solution leads serving enterprise M365 clients"" segment; Diamond sponsor plus speaker at TechCon 365 Seattle is an automatic boost, and he is local to Seattle. Held below 9 because rGen is a ~20-person firm with no confirmed content-services or legacy ECM practice, so deal size and technical surface are narrower than a large SI.","May 12, 2026 — rGen announced the launch of rGen AI Center of Excellence on Demand, a fractional AI advisory service including AI process design, office hours, co-development and licensing advisory; Rasmussen quoted: ""The missing ingredient in AI adoption has long been access to experts and real support"" .; June 1, 2026 — the AI Center of Excellence on Demand reached general availability after a pilot through end of May .; rGen was named CIOReview's ""Top Automation And AI Solution 2026,"" profiled from an interview with Rasmussen and Margaret Snape ; publication date `unverified`.; rGen recruit","One outreach email exists dated 2026-08-17 20:04 UTC, subject ""rGen at TechCon Seattle"", addressed to ""Ray Rasmussen, Managing Principal, rGen, Inc. — address to be added"", from Chris McNulty with Jason Engen copied, proposing 30 minutes Wednesday or Thursday to test referral/delivery fit. The place","Ex-Microsoft, not current Microsoft — verified from two independent sources; no disqualifier fired.; Not a competitor: rGen sells consulting and enablement, not M365 governance software.; Company published contact is info@rgenconsulting.com and phone 206.954.0294 ; Ray's direct address is `unverified`.; Third-party sources vary on titles across the firm (Managing Principal / Founder / Co-Founder);","drafted","NEEDS ENRICHMENT","techcon365-seattle-2026","","not started"
"Ben","Hansen","Ben Hansen","Chief Executive Officer","Truegility","truegility.com","","https://www.linkedin.com/in/benjamin-hansen-3100708","Cold — sponsor/partner","Sponsor track","Speaker + sponsor","30 min on site","7","researched","","Hansen took the CEO seat in May 2025 at a firm founded in 2023 that is now buying Diamond sponsorship and two speaking slots at a Microsoft 365 conference . Lead with the commercial edge of pain #4: a delivery firm scaling into enterprise Microsoft work carries client-outcome risk it cannot currently instrument or prove.","7 — CEO of a Microsoft-ecosystem consultancy serving enterprise clients qualifies under the ""SI and partner solution leads"" segment with the partner-reach headcount exception, and speaker plus Diamond sponsor status boosts fit; scored at the floor because his background is finance/FP&A rather than M365 content or Copilot operations, so he is the economic buyer but not the technical pain owner.","Aug 24-28, 2026 — confirmed speaker at TechCon 365 Seattle, with founder/chairman Lum Veselaj also speaking and Truegility sponsoring at Diamond level .; No other activity in the last ~90 days surfaced in search; no press releases, funding, hiring or acquisition news found for Truegility or for Hansen personally.","One outreach email exists dated 2026-08-18, subject ""TechCon Seattle — Truegility and the commercial side"", addressed to ""Ben Hansen, CFO, Truegility"" with Jason Engen copied, referencing that he and Lum are both speaking. The recipient address is still a placeholder, so it appears drafted/queued ra","Title conflict: the run brief and the existing draft email say CFO; both the TechCon roster and his own LinkedIn say CEO, with a May 2025 start. This file uses CEO — correct the outreach before sending.; Truegility's public positioning is Microsoft data platform (Fabric/Power BI) rather than SharePoint/Teams content services; direct enterprise M365 content or Copilot delivery is `unverified`.; Hea","drafted","NEEDS ENRICHMENT","techcon365-seattle-2026","","not started"
"JT","Gorrell","JT Gorrell","VP of Customer Success","DynaTech Systems Inc.","dynatechconsultancy.com","","https://www.linkedin.com/in/jtgorrell","Cold — sponsor/partner","Sponsor track","Speaker + sponsor","30 min on site","7","researched","","DynaTech's own July 7 webinar opens with pain #3 almost verbatim: users complain before the tools do, integrations fail silently, the help desk becomes the monitoring system . JT owns the escalation queue where that shows up. Lead with ""you are already selling proactive monitoring for D365 — the content and Copilot layer next to it has no telemetry at all, and your CS team eats those escalations.""","7 — Customer Success leadership at a Microsoft SI serving enterprise clients maps directly to the ""SI and partner solution leads"" segment, and speaker + Platinum sponsor status at TechCon 365 Seattle is an automatic boost. Held at 7 rather than higher because DynaTech's practice is Dynamics 365 / Power Platform / Fabric rather than SharePoint-and-content M365, so the content-services and Copilot-oversharing pains land less squarely than for an M365 content partner.","July 7, 2026 — DynaTech promoted a Dynamics 365 performance monitoring webinar arguing organizations ""do not realize they have a performance problem in Dynamics 365 until users start complaining,"" pushing AI-driven proactive monitoring over reactive troubleshooting .; DynaTech ran an AI-powered test automation webinar for Dynamics 365 with JT Gorrell presenting a no-scripting, plain-English test approach . Exact date `unverified`.; DynaTech exhibited at DynamicsCon 2026, reporting focus on ""AI, Copilot, and Microsoft Fabric ... governance"" . Exact date `unverified`.; DynaTech is running a clos","One outreach email exists dated 2026-08-18, subject ""TechCon Seattle — 30 minutes on what customers escalate?"", addressed to ""JT Gorrell, VP of Customer Success, Dynatech Systems — address to be added"", from Chris McNulty with Jason Engen copied. The placeholder recipient means it appears drafted/qu","The June partnership decline is important context: approach JT on the customer-success/observability angle, not as a reseller/alliance play, which Reveille already turned down.; DynaTech uses two domains — dynatechconsultancy.com (marketing site) and dynatechusa.com (email seen in the alliances thread). Correct email domain for JT is `unverified`.; No direct competitor overlap: DynaTech implements","drafted","NEEDS ENRICHMENT","techcon365-seattle-2026","","not started"
"Margaret","Snape","Margaret Snape","Co-Founder","rGen, Inc.","rgenconsulting.com","","https://www.linkedin.com/in/margaretsnape","Cold — sponsor/partner","Sponsor track","Speaker + sponsor","30 min on site","7","researched","","Her own framing — organizations have an execution problem, not an AI problem — is the setup for pain #4. rGen's model deliberately leaves clients self-sufficient, which means rGen's reputation rides on estates it no longer touches. Reveille is the instrumentation that lets a delivery leader prove the Copilot and content estate stayed healthy after handover, and that catches drift before the client blames the consultancy.","7 — Operations/practice leadership at a Microsoft-ecosystem consultancy delivering Copilot and Power Platform adoption maps to the SI/partner segment, and speaker plus Diamond sponsor status at TechCon 365 Seattle is an automatic boost. Scored one below Ray Rasmussen because her role is operations and delivery rather than firm-level commercial ownership, her title is inconsistent across sources, and rGen has no confirmed content-services or legacy ECM practice.","May 12, 2026 — named as COO alongside Rasmussen in rGen's launch of AI Center of Excellence on Demand, a fractional AI advisory service ; GA June 1, 2026 .; She posted publicly about that launch: ""Most organizations don't have an AI problem. They have an execution problem."" . Post date `unverified`.; Co-interviewed for rGen's CIOReview ""Top Automation And AI Solution 2026"" profile, quoted on leaving behind ""a team capable of sustaining innovation on its own"" and on AI as an integrated approach rather than a bolt-on . Publication date `unverified`.; rGen selected 12 consultants from ~680 applic","One outreach email exists dated 2026-08-18 00:02 UTC, subject ""rGen at TechCon Seattle"", addressed to ""Margaret Snape, Co-Founder, rGen, Inc. — address to be added"", from Chris McNulty with Jason Engen copied, referencing that both she and Ray are on the speaker roster and rGen is sponsoring. The pl","Duplicate-outreach risk with Ray Rasmussen is the main handling issue on this record; one conversation, two names.; Not a competitor: rGen sells consulting and enablement, not M365 governance software.; Company contact is info@rgenconsulting.com ; her direct address is `unverified`.; Energy-vertical ownership is a useful angle — energy is called out in the brief as a sector with legacy ECM alongsi","drafted","NEEDS ENRICHMENT","techcon365-seattle-2026","","not started"
"Mehul","Joshi","Mehul Joshi","Senior Director and Global Practice Leader - SQL Server","Datavail","datavail.com","","https://www.linkedin.com/in/mehjoshi","Cold — sponsor/partner","Sponsor track","Speaker + sponsor","30 min on site","7","researched","","Datavail runs managed services across hundreds of client SharePoint and Fabric environments — the classic partner pain of owning the outcome without the instrumentation to prove health. Lead with pain 4: Datavail's practice carries the operational burden while Reveille supplies the telemetry that proves it.","7 — Datavail is a ~1,000-person Microsoft Gold Partner SI delivering SharePoint and Fabric managed services to enterprise M365 clients (partner-reach exception applies), and Mehul is a global practice lead speaking at the named event; the score is held at 7 rather than higher because his own practice is database-centric rather than M365 content/Copilot governance.","18 Jun 2026: Mark Neilson appointed Senior Vice President of Solutions, leading Datavail's solutions portfolio; 11 Jun 2026: Dave Armstrong appointed Vice President of Sales to accelerate enterprise go-to-market; 26 May 2026: Datavail sponsoring Ascend 2026 (Orlando) and sponsoring/presenting at the Digital Supply Chain Transformation Assembly 2026 in Houston; Aug 2026: Confirmed TechCon 365 Seattle speaker; Datavail also fields Jay Natarajan, VP of AI, on the same roster; Feb 2026: Published Microsoft Fabric Managed Support and Consulting Services collateral covering Copilot in Fabric and One","Two emails found in the mailbox for this campaign. ""TechCon Seattle — Datavail and monitoring"" (17 Aug 2026, 20:04 UTC) addressed to Mehul Joshi from Chris McNulty, proposing 30 minutes Thursday at TechCon and copying Jason Engen; the recipient address is still a placeholder (""address to be added"").","Location and time zone come from a contact-data aggregator only — treat as `unverified`.; No Copilot- or M365-governance-specific announcement from Datavail found in the last 90 days; recent news is leadership hires and Oracle/data-side event sponsorships.; No disqualifier fired: the CIVC acquisition is from January 2024, well outside the 90-day window.","drafted","NEEDS ENRICHMENT","techcon365-seattle-2026","","not started"
"Randy","De Meno","Randy De Meno","VP, Business Development and Microsoft Practice","CrashPlan","crashplan.com","","https://www.linkedin.com/in/rdemeno","Cold — sponsor/partner","Sponsor track","Speaker + sponsor","30 min on site","7","researched","","CrashPlan's 2026 releases keep adding audit logging, restore reporting and archive key control — they are already being pulled toward visibility, from the recovery side. Reveille comes at the same estate from the failure side: we tell customers content, sync and Copilot are degrading before the users file a ticket. Lead with the joint account story — backup answers ""can I get it back,"" Reveille answers ""is it healthy right now"" — which is exactly the pairing an alliances VP can take to Microsoft co-sell.","7 — Partner/alliances leadership at a Microsoft-ecosystem vendor whose product sits directly on SharePoint, OneDrive and Exchange Online, plus Diamond sponsorship and two speaking slots (one co-presented with Microsoft) at TechCon 365 Seattle, makes him a high-value ecosystem contact and a credible route to shared enterprise M365 accounts. Not disqualified, because backup/recovery is adjacent to observability rather than a governance competitor. Capped at 7 because the value here is partnership and referral rather than CrashPlan buying Reveille, and because the archiving/data-insight expansion creates a plausible future overlap that should be tested in the conversation, not assumed away.","June 17, 2026 — CrashPlan cloud release added audit logging for device-level backup setting changes and improved restore activity reporting .; May 21, 2026 — release added support for Azure Key Vault external keystore for archive encryption keys .; Hiring is described as accelerating — 5 open roles, 4 posted within 30 days, weighted to senior/lead engineering plus SMB sales and lifecycle marketing ; third-party inferred signal, not company-confirmed.; CrashPlan app version 12.0.0 shipped with new restore file-conflict options, Ubuntu 26 support and core security component updates ; release dat","One outreach email exists dated 2026-08-18 00:03 UTC, subject ""Backup and observability — worth comparing notes in Seattle?"", addressed to ""Randy De Meno, VP Business Development & Microsoft Practice, CrashPlan — address to be added"", from Chris McNulty with Jason Engen copied. It references both of","The competitor question is the live risk on this record. Recommendation: proceed, but have Chris ask directly in Seattle whether CrashPlan's archiving/data-insight roadmap intends to cover content health and oversharing. If yes, re-score.; De Meno is ex-Commvault and ex-Parablu, both data-protection vendors — he will pattern-match Reveille to a backup adjacency quickly; differentiate on live opera","drafted","NEEDS ENRICHMENT","techcon365-seattle-2026","","not started"
"Steven","Wise","Steven Wise","Solution Partner","Datavail","datavail.com","","","Cold — sponsor/partner","Sponsor track","Speaker + sponsor","30 min on site","7","researched","","His TechCon session is literally ""Lessons from the Field: Building AI-Ready Microsoft Data Estates"" — Datavail is selling AI-readiness to clients but owns the outcome without telemetry across those estates. Lead with pain 4: partners get blamed for what they cannot see, and Reveille supplies the proof of health.","7 — He is a solution lead at a ~1,000-person Microsoft Gold Partner SI serving enterprise M365 clients (partner-reach exception) and is a confirmed speaker plus Diamond sponsor at the named event, but his session and apparent focus sit on the data-estate/Fabric side rather than M365 content and Copilot governance.","Aug 2026: Datavail is a Diamond Sponsor of DATACON 2026, the co-located Microsoft data platform event at TechCon 365 Seattle; Aug 2026: Confirmed speaker at TechCon 365 / DATACON Seattle on AI-ready Microsoft data estates; 18 Jun 2026: Datavail appointed Mark Neilson Senior Vice President of Solutions to lead its solutions portfolio; 11 Jun 2026: Datavail appointed Dave Armstrong Vice President of Sales for enterprise go-to-market; 26 May 2026: Datavail sponsored Ascend 2026 (Orlando) and the Digital Supply Chain Transformation Assembly 2026 (Houston)","One email found: ""Seattle next week — Datavail and observability"" (18 Aug 2026, 00:02 UTC), from Chris McNulty to Steven Wise, referencing Datavail's sponsorship and both him and Mehul Joshi being on the program, and copying Jason Engen. The recipient address is still a placeholder (""address to be a","Least-documented of the five: no LinkedIn profile, tenure, location or personal bio could be verified — only the conference roster and session listing.; Datavail's public content in the last 90 days is data/Oracle/Fabric oriented; no Copilot governance or M365 content announcements found.; No disqualifier fired.","drafted","NEEDS ENRICHMENT","techcon365-seattle-2026","","not started"
"Emilie","Ronning","Emilie Ronning","Managing Data Engineer","Sopra Steria","soprasteria.com","emilie_ronning@hotmail.com","","Cold — sponsor/partner","Sponsor track","Speaker + sponsor","30 min on site","0","disqualified","Based in Oslo, Norway — outside the stated North America / UK / EU territory (Norway is EEA, not an EU member state), which is a hard disqualifier as written; flagged for human override if EEA is intended to count as in bounds.","Not applicable while disqualified. If a human overrides the territory call, the credible angle is her Fabric and data-platform structure work plus Sopra Steria's 800-agent Copilot deployment — but she would be a referral path into Sopra Steria's Microsoft practice, not the buyer herself.","0 — disqualified on territory. Norway is not North America, the UK or an EU member state, and the brief's hard disqualifier is ""Located outside North America, UK or EU,"" so the rule fires as written. Absent that rule she would have scored roughly 5: Sopra Steria is a genuine large enterprise integrator with Microsoft partner-of-the-year standing and real Copilot deployments, but her own role is hands-on Fabric/Azure data engineering rather than M365 content, Copilot governance or an SI solution-lead buying role, so she is a community influencer rather than an ICP buyer.","August 6, 2026 — Sopra Steria Norway onboarded 267 new graduates on their first day .; June 29, 2026 — Sopra Steria won a strategic contract with Sykehuspartner, the Norwegian hospital IT service provider .; June 15, 2026 — Sopra Steria Norway recruited a new senior leader for business advisory .; 2026 speaking circuit for Ronning: Discovery Day Sofia (June 2026, Bulgaria), DataGrillen (May 2026, Germany), ColorCloud Hamburg (April 2026), SQL Konferenz (March 2026) — all EU events, reinforcing that her market is European.; She sits on the FabCon & SQLCon Europe 2026 community council shaping t","One outreach email exists dated 2026-08-18 00:03 UTC, subject ""TechCon Seattle — Sopra Steria and M365 observability,"" sent to emilie_ronning@hotmail.com from Chris McNulty with Jason Engen copied, proposing 30 minutes to compare notes on what delivery teams hit after handoff. The body still carries","ESCALATE: Norway is EEA and GDPR-covered, and the brief lists the UK separately precisely because the UK is also non-EU — so the intent of the rule may well be ""Western Europe in bounds."" This is a judgment call above the agent's authority; a human should confirm whether EEA counts before the record is written off. The literal rule was applied here.; The address on file is a personal Hotmail accou","drafted","have","techcon365-seattle-2026","","not started"
